"ID","Joueur","Equipe","Nbjourspr√©sents","No.","Championnat","Selections","Selectionneur","Nat.Selectionneur","DateAnnonce","Age","Actugroupe","Championnatdomestique","ClassementFIFA","Datedenaissance","Position","Groupe","Club"
"325","Jefferson","Bresil","46","1","Bresil","9","Luiz Felipe Scolari","Bresil","2-juin","31","http:  bit.ly 1kEE0r14","OUI","3","2 janvier 1983","1. Gardien","A","Botafogo"
"378","Julio Cesar","Bresil","46","12","Etats-Unis","80","Luiz Felipe Scolari","Bresil","2-juin","34","http:  bit.ly 1kEE0r16","NON","3","3 septembre 1979","1. Gardien","A","Toronto FC"
"699","Victor","Bresil","46","22","Bresil","6","Luiz Felipe Scolari","Bresil","2-juin","31","http:  bit.ly 1kEE0r13","OUI","3","21 janvier 1983","1. Gardien","A","Atletico Mineiro"
"136","Dani Alves","Bresil","46","2","Espagne","75","Luiz Felipe Scolari","Bresil","2-juin","31","http:  bit.ly 1kEE0r17","NON","3","6 mai 1983","2. Defenseur","A","Barcelona"
"146","Dante","Bresil","46","13","Allemagne","12","Luiz Felipe Scolari","Bresil","2-juin","30","http:  bit.ly 1kEE0r4","NON","3","18 octobre 1983","2. Defenseur","A","Bayern Munich"
"152","David Luiz","Bresil","46","4","Angleterre","36","Luiz Felipe Scolari","Bresil","2-juin","27","http:  bit.ly 1kEE0r6","NON","3","22 avril 1987","2. Defenseur","A","Chelsea"
"280","Henrique","Bresil","46","15","Italie","5","Luiz Felipe Scolari","Bresil","2-juin","27","http:  bit.ly 1kEE0r23","NON","3","14 octobre 1986","2. Defenseur","A","Napoli"
"438","Maicon","Bresil","46","23","Italie","72","Luiz Felipe Scolari","Bresil","2-juin","32","http:  bit.ly 1kEE0r24","NON","3","26 juillet 1981","2. Defenseur","A","Roma"
"445","Marcelo","Bresil","46","6","Espagne","31","Luiz Felipe Scolari","Bresil","2-juin","26","http:  bit.ly 1kEE0r19","NON","3","12 mai 1988","2. Defenseur","A","Real Madrid"
"493","Maxwell","Bresil","46","14","France","9","Luiz Felipe Scolari","Bresil","2-juin","32","http:  bit.ly 1kEE0r21","NON","3","27 aot 1981","2. Defenseur","A","Paris Saint-Germain"
"675","Thiago Silva (c)","Bresil","46","3","France","46","Luiz Felipe Scolari","Bresil","2-juin","29","http:  bit.ly 1kEE0r20","NON","3","22 septembre 1984","2. Defenseur","A","Paris Saint-Germain"
"86","Bernard","Bresil","46","20","Ukraine","11","Luiz Felipe Scolari","Bresil","2-juin","21","http:  bit.ly 1kEE0r26","NON","3","8 septembre 1992","3. Milieu","A","Shakhtar Donetsk"
"223","Fernandinho","Bresil","46","5","Angleterre","7","Luiz Felipe Scolari","Bresil","2-juin","29","http:  bit.ly 1kEE0r10","NON","3","4 mai 1985","3. Milieu","A","Manchester City"
"281","Hernanes","Bresil","46","18","Italie","24","Luiz Felipe Scolari","Bresil","2-juin","29","http:  bit.ly 1kEE0r22","NON","3","29 mai 1985","3. Milieu","A","Internazionale"
"433","Luiz Gustavo","Bresil","46","17","Allemagne","19","Luiz Felipe Scolari","Bresil","2-juin","26","http:  bit.ly 1kEE0r5","NON","3","23 juillet 1987","3. Milieu","A","VfL Wolfsburg"
"548","Oscar","Bresil","46","11","Angleterre","31","Luiz Felipe Scolari","Bresil","2-juin","22","http:  bit.ly 1kEE0r7","NON","3","9 septembre 1991","3. Milieu","A","Chelsea"
"567","Paulinho","Bresil","46","8","Angleterre","26","Luiz Felipe Scolari","Bresil","2-juin","25","http:  bit.ly 1kEE0r11","NON","3","25 juillet 1988","3. Milieu","A","Tottenham Hotspur"
"585","Ramires","Bresil","46","16","Angleterre","42","Luiz Felipe Scolari","Bresil","2-juin","27","http:  bit.ly 1kEE0r8","NON","3","24 mars 1987","3. Milieu","A","Chelsea"
"717","Willian","Bresil","46","19","Angleterre","7","Luiz Felipe Scolari","Bresil","2-juin","25","http:  bit.ly 1kEE0r9","NON","3","9 aot 1988","3. Milieu","A","Chelsea"
"233","Fred","Bresil","46","9","Bresil","33","Luiz Felipe Scolari","Bresil","2-juin","30","http:  bit.ly 1kEE0r15","OUI","3","3 octobre 1983","4. Attaquant","A","Fluminense"
"290","Hulk","Bresil","46","7","Russie","35","Luiz Felipe Scolari","Bresil","2-juin","27","http:  bit.ly 1kEE0r25","NON","3","25 juillet 1986","4. Attaquant","A","Zenit Saint Petersburg"
"333","J","Bresil","46","21","Bresil","17","Luiz Felipe Scolari","Bresil","2-juin","27","http:  bit.ly 1kEE0r12","OUI","3","20 mars 1987","4. Attaquant","A","Atletico Mineiro"
"530","Neymar","Bresil","46","10","Espagne","49","Luiz Felipe Scolari","Bresil","2-juin","22","http:  bit.ly 1kEE0r18","NON","3","5 fvrier 1992","4. Attaquant","A","Barcelona"
"113","Charles Itandje","Cameroun","26","16","Turquie","9","Volker Finke","Allemagne","2-juin","31","http:  bit.ly 1kEE0r49","NON","56","2 novembre 1982","1. Gardien","A","Konyaspor"
"422","Loec Feudjou","Cameroun","26","1","Cameroun","2","Volker Finke","Allemagne","2-juin","22","http:  bit.ly 1kEE0r33","OUI","56","14 avril 1992","1. Gardien","A","Coton Sport"
"625","Sammy N'Djock","Cameroun","26","23","Turquie","3","Volker Finke","Allemagne","2-juin","24","http:  bit.ly 1kEE0r47","NON","56","25 fvrier 1990","1. Gardien","A","Fethiyespor"
"38","Allan Nyom","Cameroun","26","22","Espagne","10","Volker Finke","Allemagne","2-juin","26","http:  bit.ly 1kEE0r35","NON","56","10 mai 1988","2. Defenseur","A","Granada"
"72","Aurelien Chedjou","Cameroun","26","14","Turquie","31","Volker Finke","Allemagne","2-juin","28","http:  bit.ly 1kEE0r48","NON","56","20 juin 1985","2. Defenseur","A","Galatasaray"
"85","Benot Assou-Ekotto","Cameroun","26","2","Angleterre","22","Volker Finke","Allemagne","2-juin","30","http:  bit.ly 1kEE0r30","NON","56","24 mars 1984","2. Defenseur","A","Queens Park Rangers"
"107","Cedric Djeugoue","Cameroun","26","4","Cameroun","3","Volker Finke","Allemagne","2-juin","21","http:  bit.ly 1kEE0r32","OUI","56","28 aot 1992","2. Defenseur","A","Coton Sport"
"147","Dany Nounkeu","Cameroun","26","5","Turquie","16","Volker Finke","Allemagne","2-juin","28","http:  bit.ly 1kEE0r45","NON","56","11 avril 1986","2. Defenseur","A","Besiktas"
"279","Henri Bedimo","Cameroun","26","12","France","31","Volker Finke","Allemagne","2-juin","30","http:  bit.ly 1kEE0r40","NON","56","4 juin 1984","2. Defenseur","A","Lyon"
"534","Nicolas N'Koulou","Cameroun","26","3","France","48","Volker Finke","Allemagne","2-juin","24","http:  bit.ly 1kEE0r41","NON","56","27 mars 1990","2. Defenseur","A","Marseille"
"29","Alex Song","Cameroun","26","6","Espagne","47","Volker Finke","Allemagne","2-juin","26","http:  bit.ly 1kEE0r34","NON","56","9 septembre 1987","3. Milieu","A","Barcelona"
"182","Edgar Salli","Cameroun","26","20","France","9","Volker Finke","Allemagne","2-juin","21","http:  bit.ly 1kEE0r38","NON","56","17 aot 1992","3. Milieu","A","Lens"
"209","Eyong Enoh","Cameroun","26","18","Turquie","38","Volker Finke","Allemagne","2-juin","28","http:  bit.ly 1kEE0r44","NON","56","23 mars 1986","3. Milieu","A","Antalyaspor"
"323","Jean Makoun","Cameroun","26","11","France","66","Volker Finke","Allemagne","2-juin","31","http:  bit.ly 1kEE0r43","NON","56","29 mai 1983","3. Milieu","A","Rennes"
"339","Joel Matip","Cameroun","26","21","Allemagne","23","Volker Finke","Allemagne","2-juin","22","http:  bit.ly 1kEE0r28","NON","56","8 aot 1991","3. Milieu","A","Schalke 4"
"409","Landry N'Guemo","Cameroun","26","7","France","40","Volker Finke","Allemagne","2-juin","28","http:  bit.ly 1kEE0r37","NON","56","28 novembre 1985","3. Milieu","A","Bordeaux"
"661","Stephane Mbia","Cameroun","26","17","Espagne","49","Volker Finke","Allemagne","2-juin","28","http:  bit.ly 1kEE0r36","NON","56","20 mai 1986","3. Milieu","A","Sevilla"
"84","Benjamin Moukandjo","Cameroun","26","8","France","17","Volker Finke","Allemagne","2-juin","25","http:  bit.ly 1kEE0r42","NON","56","12 novembre 1988","4. Attaquant","A","Nancy"
"216","Fabrice Olinga","Cameroun","26","19","Belgique","8","Volker Finke","Allemagne","2-juin","18","http:  bit.ly 1kEE0r31","NON","56","12 mai 1996","4. Attaquant","A","Zulte Waregem"
"491","Maxim Choupo-Moting","Cameroun","26","13","Allemagne","26","Volker Finke","Allemagne","2-juin","25","http:  bit.ly 1kEE0r27","NON","56","23 mars 1989","4. Attaquant","A","Mainz 5"
"578","Pierre Webo","Cameroun","26","15","Turquie","56","Volker Finke","Allemagne","2-juin","32","http:  bit.ly 1kEE0r46","NON","56","20 janvier 1982","4. Attaquant","A","Fenerbahce"
"626","Samuel Eto'o (c)","Cameroun","26","9","Angleterre","117","Volker Finke","Allemagne","2-juin","33","http:  bit.ly 1kEE0r29","NON","56","10 mars 1981","4. Attaquant","A","Chelsea"
"705","Vincent Aboubakar","Cameroun","26","10","France","24","Volker Finke","Allemagne","2-juin","22","http:  bit.ly 1kEE0r39","NON","56","22 janvier 1992","4. Attaquant","A","Lorient"
"144","Danijel Subasic","Croatie","27","23","France","6","Niko Kovac","Croatie","31-mai","29","http:  bit.ly 1kEE0r61","NON","18","27 octobre 1984","1. Gardien","A","Monaco"
"543","Oliver Zelenika","Croatie","27","12","Croatie","0","Niko Kovac","Croatie","31-mai","21","http:  bit.ly 1kEE0r56","OUI","18","14 mai 1993","1. Gardien","A","Lokomotiva"
"668","Stipe Pletikosa","Croatie","27","1","Russie","111","Niko Kovac","Croatie","31-mai","35","http:  bit.ly 1kEE0r68","NON","18","8 janvier 1979","1. Gardien","A","Rostov"
"143","Danijel Pranjic","Croatie","27","3","Grece","50","Niko Kovac","Croatie","31-mai","32","http:  bit.ly 1kEE0r62","NON","18","2 dcembre 1981","2. Defenseur","A","Panathinaikos"
"148","Darijo Srna (c)","Croatie","27","11","Ukraine","112","Niko Kovac","Croatie","31-mai","32","http:  bit.ly 1kEE0r71","NON","18","1 mai 1982","2. Defenseur","A","Shakhtar Donetsk"
"157","Dejan Lovren","Croatie","27","6","Angleterre","25","Niko Kovac","Croatie","31-mai","24","http:  bit.ly 1kEE0r54","NON","18","5 juillet 1989","2. Defenseur","A","Southampton"
"175","Domagoj Vida","Croatie","27","21","Ukraine","23","Niko Kovac","Croatie","31-mai","25","http:  bit.ly 1kEE0r69","NON","18","29 avril 1989","2. Defenseur","A","Dynamo Kyiv"
"263","Gordon Schildenfeld","Croatie","27","13","Grece","21","Niko Kovac","Croatie","31-mai","29","http:  bit.ly 1kEE0r63","NON","18","18 mars 1985","2. Defenseur","A","Panathinaikos"
"652","Sime Vrsaljko","Croatie","27","2","Italie","7","Niko Kovac","Croatie","31-mai","22","http:  bit.ly 1kEE0r65","NON","18","10 janvier 1992","2. Defenseur","A","Genoa"
"698","Vedran Corluka","Croatie","27","5","Russie","72","Niko Kovac","Croatie","31-mai","28","http:  bit.ly 1kEE0r67","NON","18","5 fvrier 1986","2. Defenseur","A","Lokomotiv Moscow"
"300","Milan Badelj","Croatie","27","15","Allemagne","9","Niko Kovac","Croatie","31-mai","25","http:  bit.ly 1kEE0r57","NON","18","25 fvrier 1989","3. Milieu","A","Hamburger SV"
"301","Ivan Perisic","Croatie","27","4","Allemagne","29","Niko Kovac","Croatie","31-mai","25","http:  bit.ly 1kEE0r52","NON","18","2 fvrier 1989","3. Milieu","A","VfL Wolfsburg"
"302","Ivan Rakitic","Croatie","27","7","Espagne","62","Niko Kovac","Croatie","31-mai","26","http:  bit.ly 1kEE0r60","NON","18","10 mars 1988","3. Milieu","A","Sevilla"
"434","Luka Modric","Croatie","27","10","Espagne","75","Niko Kovac","Croatie","31-mai","28","http:  bit.ly 1kEE0r59","NON","18","9 septembre 1985","3. Milieu","A","Real Madrid"
"446","Marcelo Brozovic","Croatie","27","14","Croatie","1","Niko Kovac","Croatie","31-mai","21","http:  bit.ly 1kEE0r55","OUI","18","16 octobre 1992","3. Milieu","A","Dinamo Zagreb"
"472","Mateo Kovacic","Croatie","27","20","Italie","10","Niko Kovac","Croatie","31-mai","20","http:  bit.ly 1kEE0r66","NON","18","6 mai 1994","3. Milieu","A","Internazionale"
"540","Ognjen Vukojevic","Croatie","27","8","Ukraine","55","Niko Kovac","Croatie","31-mai","30","http:  bit.ly 1kEE0r70","NON","18","20 dcembre 1983","3. Milieu","A","Dynamo Kyiv"
"623","Sammir","Croatie","27","19","Espagne","6","Niko Kovac","Croatie","31-mai","27","http:  bit.ly 1kEE0r58","NON","18","23 avril 1987","3. Milieu","A","Getafe"
"56","Ante Rebic","Croatie","27","16","Italie","5","Niko Kovac","Croatie","31-mai","20","http:  bit.ly 1kEE0r64","NON","18","21 septembre 1993","4. Attaquant","A","Fiorentina"
"187","Eduardo","Croatie","27","22","Ukraine","63","Niko Kovac","Croatie","31-mai","31","http:  bit.ly 1kEE0r72","NON","18","25 fvrier 1983","4. Attaquant","A","Shakhtar Donetsk"
"303","Ivica Olic","Croatie","27","18","Allemagne","92","Niko Kovac","Croatie","31-mai","34","http:  bit.ly 1kEE0r51","NON","18","14 septembre 1979","4. Attaquant","A","VfL Wolfsburg"
"458","Mario Mandzukic","Croatie","27","17","Allemagne","50","Niko Kovac","Croatie","31-mai","28","http:  bit.ly 1kEE0r50","NON","18","21 mai 1986","4. Attaquant","A","Bayern Munich"
"536","Nikica Jelavic","Croatie","27","9","Angleterre","33","Niko Kovac","Croatie","31-mai","28","http:  bit.ly 1kEE0r53","NON","18","27 aot 1985","4. Attaquant","A","Hull City"
"35","Alfredo Talavera","Mexique","32","12","Mexique","14","Miguel Herrera","Mexique","9-mai","31","http:  bit.ly 1kEE0r90","OUI","20","18 septembre 1982","1. Gardien","A","Toluca"
"267","Guillermo Ochoa","Mexique","32","13","France","59","Miguel Herrera","Mexique","9-mai","28","http:  bit.ly 1kEE0r78","NON","20","13 juillet 1985","1. Gardien","A","Ajaccio"
"357","Jose de Jesus Corona","Mexique","32","1","Mexique","34","Miguel Herrera","Mexique","9-mai","33","http:  bit.ly 1kEE0r83","OUI","20","26 janvier 1981","1. Gardien","A","Cruz Azul"
"50","Andres Guardado","Mexique","32","18","Allemagne","104","Miguel Herrera","Mexique","9-mai","27","http:  bit.ly 1kEE0r73","NON","20","28 septembre 1986","2. Defenseur","A","Bayer Leverkusen"
"104","Carlos Salcido","Mexique","32","3","Mexique","122","Miguel Herrera","Mexique","9-mai","34","http:  bit.ly 1kEE0r92","OUI","20","2 avril 1980","2. Defenseur","A","UANL"
"169","Diego Reyes","Mexique","32","5","Portugal","14","Miguel Herrera","Mexique","9-mai","21","http:  bit.ly 1kEE0r94","NON","20","19 septembre 1992","2. Defenseur","A","Porto"
"228","Francisco Javier Rodriguez","Mexique","32","2","Mexique","95","Miguel Herrera","Mexique","9-mai","32","http:  bit.ly 1kEE0r79","OUI","20","20 octobre 1981","2. Defenseur","A","America"
"276","Hector Moreno","Mexique","32","15","Espagne","53","Miguel Herrera","Mexique","9-mai","26","http:  bit.ly 1kEE0r75","NON","20","17 janvier 1988","2. Defenseur","A","Espanyol"
"512","Miguel Angel Ponce","Mexique","32","16","Mexique","8","Miguel Herrera","Mexique","9-mai","25","http:  bit.ly 1kEE0r89","OUI","20","12 avril 1989","2. Defenseur","A","Toluca"
"513","Miguel Layun","Mexique","32","7","Mexique","15","Miguel Herrera","Mexique","9-mai","25","http:  bit.ly 1kEE0r80","OUI","20","25 juin 1988","2. Defenseur","A","America"
"564","Paul Aguilar","Mexique","32","22","Mexique","30","Miguel Herrera","Mexique","9-mai","28","http:  bit.ly 1kEE0r81","OUI","20","6 mars 1986","2. Defenseur","A","America"
"581","Rafael Marquez (c)","Mexique","32","4","Mexique","120","Miguel Herrera","Mexique","9-mai","35","http:  bit.ly 1kEE0r85","OUI","20","13 fvrier 1979","2. Defenseur","A","Leon"
"103","Carlos Pena","Mexique","32","21","Mexique","16","Miguel Herrera","Mexique","9-mai","24","http:  bit.ly 1kEE0r86","OUI","20","29 mars 1990","3. Milieu","A","Leon"
"275","Hector Herrera","Mexique","32","6","Portugal","13","Miguel Herrera","Mexique","9-mai","24","http:  bit.ly 1kEE0r95","NON","20","19 avril 1990","3. Milieu","A","Porto"
"296","Isaac Brizuela","Mexique","32","17","Mexique","7","Miguel Herrera","Mexique","9-mai","23","http:  bit.ly 1kEE0r91","OUI","20","28 aot 1990","3. Milieu","A","Toluca"
"319","Javier Aquino","Mexique","32","20","Espagne","22","Miguel Herrera","Mexique","9-mai","24","http:  bit.ly 1kEE0r77","NON","20","11 fvrier 1990","3. Milieu","A","Villarreal"
"359","Jose Juan Vazquez","Mexique","32","23","Mexique","5","Miguel Herrera","Mexique","9-mai","26","http:  bit.ly 1kEE0r87","OUI","20","14 mars 1988","3. Milieu","A","Leon"
"448","Marco Fabian","Mexique","32","8","Mexique","15","Miguel Herrera","Mexique","9-mai","24","http:  bit.ly 1kEE0r84","OUI","20","21 juillet 1989","3. Milieu","A","Cruz Azul"
"17","Alan Pulido","Mexique","32","11","Mexique","6","Miguel Herrera","Mexique","9-mai","23","http:  bit.ly 1kEE0r93","OUI","20","8 mars 1991","4. Attaquant","A","UANL"
"256","Giovani dos Santos","Mexique","32","10","Espagne","76","Miguel Herrera","Mexique","9-mai","25","http:  bit.ly 1kEE0r76","NON","20","11 mai 1989","4. Attaquant","A","Villarreal"
"320","Javier Hernandez","Mexique","32","14","Angleterre","62","Miguel Herrera","Mexique","9-mai","26","http:  bit.ly 1kEE0r74","NON","20","1 juin 1988","4. Attaquant","A","Manchester United"
"547","Oribe Peralta","Mexique","32","19","Mexique","33","Miguel Herrera","Mexique","9-mai","30","http:  bit.ly 1kEE0r88","OUI","20","12 janvier 1984","4. Attaquant","A","Santos Laguna"
"591","Raul Jimenez","Mexique","32","9","Mexique","25","Miguel Herrera","Mexique","9-mai","23","http:  bit.ly 1kEE0r82","OUI","20","5 mai 1991","4. Attaquant","A","America"
"207","Eugene Galekovic","Australie","26","18","Australie","8","Ange Postecoglou","Australie","3-juin","32","http:  bit.ly 1kEEugB","OUI","62","12 juin 1981","1. Gardien","B","Adelaide United"
"474","Mathew Ryan","Australie","26","1","Belgique","7","Ange Postecoglou","Australie","3-juin","22","http:  bit.ly 1kEEugB","NON","62","8 avril 1992","1. Gardien","B","Club Brugge"
"520","Mitchell Langerak","Australie","26","12","Allemagne","3","Ange Postecoglou","Australie","3-juin","25","http:  bit.ly 1kEEugB","NON","62","22 aot 1988","1. Gardien","B","Borussia Dortmund"
"30","Alex Wilkinson","Australie","26","22","Coree du Sud","3","Ange Postecoglou","Australie","3-juin","29","http:  bit.ly 1kEEugB","NON","62","13 aot 1984","2. Defenseur","B","Jeonbuk Hyundai Motors"
"78","Bailey Wright","Australie","26","8","Angleterre","0","Ange Postecoglou","Australie","3-juin","21","http:  bit.ly 1kEEugB","NON","62","28 juillet 1992","2. Defenseur","B","Preston North End"
"299","Ivan Franjic","Australie","26","2","Australie","9","Ange Postecoglou","Australie","3-juin","26","http:  bit.ly 1kEEugB","OUI","62","10 septembre 1987","2. Defenseur","B","Brisbane Roar"
"315","Jason Davidson","Australie","26","3","Pays-Bas","7","Ange Postecoglou","Australie","3-juin","22","http:  bit.ly 1kEEugB","NON","62","29 juin 1991","2. Defenseur","B","Heracles Almelo"
"482","Matthew Spiranovic","Australie","26","6","Australie","18","Ange Postecoglou","Australie","3-juin","25","http:  bit.ly 1kEEugB","OUI","62","27 juin 1988","2. Defenseur","B","Western Sydney Wanderers"
"619","Ryan McGowan","Australie","26","19","Chine","9","Ange Postecoglou","Australie","3-juin","24","http:  bit.ly 1kEEugB","NON","62","15 aot 1989","2. Defenseur","B","Shandong Luneng Taishan"
"82","Ben Halloran","Australie","26","10","Allemagne","2","Ange Postecoglou","Australie","3-juin","21","http:  bit.ly 1kEEugB","NON","62","14 juin 1992","3. Milieu","B","Fortuna Dsseldorf"
"149","Dario Vidosic","Australie","26","20","Suisse","23","Ange Postecoglou","Australie","3-juin","27","http:  bit.ly 1kEEugB","NON","62","8 avril 1987","3. Milieu","B","Sion"
"309","James Holland","Australie","26","16","Autriche","14","Ange Postecoglou","Australie","3-juin","25","http:  bit.ly 1kEEugB","NON","62","15 mai 1989","3. Milieu","B","Autriche Wien"
"312","James Troisi","Australie","26","14","Italie","11","Ange Postecoglou","Australie","3-juin","25","http:  bit.ly 1kEEugB","NON","62","3 juillet 1988","3. Milieu","B","Atalanta"
"461","Mark Bresciano","Australie","26","23","Qatar","74","Ange Postecoglou","Australie","3-juin","34","http:  bit.ly 1kEEugB","NON","62","11 fvrier 1980","3. Milieu","B","Al-Gharafa"
"462","Mark Milligan","Australie","26","5","Australie","29","Ange Postecoglou","Australie","3-juin","28","http:  bit.ly 1kEEugB","OUI","62","4 aot 1985","3. Milieu","B","Melbourne Victory"
"471","Massimo Luongo","Australie","26","21","Angleterre","1","Ange Postecoglou","Australie","3-juin","21","http:  bit.ly 1kEEugB","NON","62","25 septembre 1992","3. Milieu","B","Swindon Town"
"480","Matt McKay","Australie","26","17","Australie","47","Ange Postecoglou","Australie","3-juin","31","http:  bit.ly 1kEEugB","OUI","62","11 janvier 1983","3. Milieu","B","Brisbane Roar"
"517","Mile Jedinak (c)","Australie","26","15","Angleterre","44","Ange Postecoglou","Australie","3-juin","29","http:  bit.ly 1kEEugB","NON","62","3 aot 1984","3. Milieu","B","Crystal Palace"
"542","Oliver Bozanic","Australie","26","13","Suisse","3","Ange Postecoglou","Australie","3-juin","25","http:  bit.ly 1kEEugB","NON","62","8 janvier 1989","3. Milieu","B","Luzern"
"685","Tommy Oar","Australie","26","11","Pays-Bas","15","Ange Postecoglou","Australie","3-juin","22","http:  bit.ly 1kEEugB","NON","62","10 dcembre 1991","3. Milieu","B","Utrecht"
"6","Adam Taggart","Australie","26","9","Australie","5","Ange Postecoglou","Australie","3-juin","21","http:  bit.ly 1kEEugB","OUI","62","2 juin 1993","4. Attaquant","B","Newcastle Jets"
"473","Mathew Leckie","Australie","26","7","Allemagne","8","Ange Postecoglou","Australie","3-juin","23","http:  bit.ly 1kEEugB","NON","62","4 fvrier 1991","4. Attaquant","B","FSV Frankfurt"
"679","Tim Cahill","Australie","26","4","Etats-Unis","69","Ange Postecoglou","Australie","3-juin","34","http:  bit.ly 1kEEugB","NON","62","6 dcembre 1979","4. Attaquant","B","New York Red Bulls"
"124","Claudio Bravo (c)","Chili","31","1","Espagne","79","Jorge Sampaoli","Argentine","1-juin","31","http:  bit.ly 1kEEugB","NON","14","13 avril 1983","1. Gardien","B","Real Sociedad"
"133","Cristopher Toselli","Chili","31","12","Chili","4","Jorge Sampaoli","Argentine","1-juin","25","http:  bit.ly 1kEEugB","OUI","14","22 juin 1988","1. Gardien","B","Universidad Catolica"
"346","Johnny Herrera","Chili","31","23","Chili","8","Jorge Sampaoli","Argentine","1-juin","33","http:  bit.ly 1kEEugB","OUI","14","9 mai 1981","1. Gardien","B","Universidad de Chili"
"208","Eugenio Mena","Chili","31","2","Bresil","25","Jorge Sampaoli","Argentine","1-juin","25","http:  bit.ly 1kEEugB","NON","14","18 juillet 1988","2. Defenseur","B","Santos"
"239","Gary Medel","Chili","31","17","Angleterre","61","Jorge Sampaoli","Argentine","1-juin","26","http:  bit.ly 1kEEugB","NON","14","3 aot 1987","2. Defenseur","B","Cardiff City"
"262","Gonzalo Jara","Chili","31","18","Angleterre","65","Jorge Sampaoli","Argentine","1-juin","28","http:  bit.ly 1kEEugB","NON","14","29 aot 1985","2. Defenseur","B","Nottingham Forest"
"364","Jose Rojas","Chili","31","13","Chili","19","Jorge Sampaoli","Argentine","1-juin","31","http:  bit.ly 1kEEugB","OUI","14","3 juin 1983","2. Defenseur","B","Universidad de Chili"
"515","Miiko Albornoz","Chili","31","3","Suede","2","Jorge Sampaoli","Argentine","1-juin","23","http:  bit.ly 1kEEugB","NON","14","3 novembre 1990","2. Defenseur","B","Malm FF"
"65","Arturo Vidal","Chili","31","8","Italie","54","Jorge Sampaoli","Argentine","1-juin","27","http:  bit.ly 1kEEugB","NON","14","22 mai 1987","3. Milieu","B","Juventus"
"101","Carlos Carmona","Chili","31","6","Italie","44","Jorge Sampaoli","Argentine","1-juin","27","http:  bit.ly 1kEEugB","NON","14","21 fvrier 1987","3. Milieu","B","Atalanta"
"112","Charles Aranguiz","Chili","31","20","Bresil","21","Jorge Sampaoli","Argentine","1-juin","25","http:  bit.ly 1kEEugB","NON","14","17 avril 1989","3. Milieu","B","Internacional"
"213","Fabian Orellana","Chili","31","14","Espagne","26","Jorge Sampaoli","Argentine","1-juin","28","http:  bit.ly 1kEEugB","NON","14","27 janvier 1986","3. Milieu","B","Celta Vigo"
"222","Felipe Gutierrez","Chili","31","16","Pays-Bas","18","Jorge Sampaoli","Argentine","1-juin","23","http:  bit.ly 1kEEugB","NON","14","8 octobre 1990","3. Milieu","B","Twente"
"229","Francisco Silva","Chili","31","5","Espagne","12","Jorge Sampaoli","Argentine","1-juin","28","http:  bit.ly 1kEEugB","NON","14","11 fvrier 1986","3. Milieu","B","Osasuna"
"322","Jean Beausejour","Chili","31","15","Angleterre","59","Jorge Sampaoli","Argentine","1-juin","30","http:  bit.ly 1kEEugB","NON","14","3 juin 1984","3. Milieu","B","Wigan Athletic"
"356","Jorge Valdivia","Chili","31","10","Bresil","57","Jorge Sampaoli","Argentine","1-juin","30","http:  bit.ly 1kEEugB","NON","14","3 octobre 1983","3. Milieu","B","Palmeiras"
"363","Jose Pedro Fuenzalida","Chili","31","19","Chili","23","Jorge Sampaoli","Argentine","1-juin","29","http:  bit.ly 1kEEugB","OUI","14","22 fvrier 1985","3. Milieu","B","Colo-Colo"
"447","Marcelo Diaz","Chili","31","21","Suisse","21","Jorge Sampaoli","Argentine","1-juin","27","http:  bit.ly 1kEEugB","NON","14","30 dcembre 1986","3. Milieu","B","Basel"
"486","Mauricio Isla","Chili","31","4","Italie","47","Jorge Sampaoli","Argentine","1-juin","25","http:  bit.ly 1kEEugB","NON","14","12 juin 1988","3. Milieu","B","Juventus"
"34","Alexis Sanchez","Chili","31","7","Espagne","67","Jorge Sampaoli","Argentine","1-juin","25","http:  bit.ly 1kEEugB","NON","14","19 dcembre 1988","4. Attaquant","B","Barcelona"
"189","Eduardo Vargas","Chili","31","11","Espagne","30","Jorge Sampaoli","Argentine","1-juin","24","http:  bit.ly 1kEEugB","NON","14","20 novembre 1989","4. Attaquant","B","Valencia"
"206","Esteban Paredes","Chili","31","22","Chili","35","Jorge Sampaoli","Argentine","1-juin","33","http:  bit.ly 1kEEugB","OUI","14","1 aot 1980","4. Attaquant","B","Colo-Colo"
"487","Mauricio Pinilla","Chili","31","9","Italie","27","Jorge Sampaoli","Argentine","1-juin","30","http:  bit.ly 1kEEugB","NON","14","4 fvrier 1984","4. Attaquant","B","Cagliari"
"151","David de Gea","Espagne","26","12","Angleterre","1","Vicente del Bosque","Espagne","31-mai","23","http:  bit.ly 1kEEugB","NON","1","7 novembre 1990","1. Gardien","B","Manchester United"
"295","Iker Casillas (c)","Espagne","26","1","Espagne","154","Vicente del Bosque","Espagne","31-mai","33","http:  bit.ly 1kEEugB","OUI","1","20 mai 1981","1. Gardien","B","Real Madrid"
"571","Pepe Reina","Espagne","26","23","Italie","32","Vicente del Bosque","Espagne","31-mai","31","http:  bit.ly 1kEEugB","NON","1","31 aot 1982","1. Gardien","B","Napoli"
"110","Cesar Azpilicueta","Espagne","26","22","Angleterre","6","Vicente del Bosque","Espagne","31-mai","24","http:  bit.ly 1kEEugB","NON","1","28 aot 1989","2. Defenseur","B","Chelsea"
"245","Gerard Pique","Espagne","26","3","Espagne","60","Vicente del Bosque","Espagne","31-mai","27","http:  bit.ly 1kEEugB","OUI","1","2 fvrier 1987","2. Defenseur","B","Barcelona"
"351","Jordi Alba","Espagne","26","18","Espagne","26","Vicente del Bosque","Espagne","31-mai","25","http:  bit.ly 1kEEugB","OUI","1","21 mars 1989","2. Defenseur","B","Barcelona"
"375","Juanfran","Espagne","26","5","Espagne","8","Vicente del Bosque","Espagne","31-mai","29","http:  bit.ly 1kEEugB","OUI","1","9 janvier 1985","2. Defenseur","B","Atletico Madrid"
"590","Raul Albiol","Espagne","26","2","Italie","46","Vicente del Bosque","Espagne","31-mai","28","http:  bit.ly 1kEEugB","NON","1","4 septembre 1985","2. Defenseur","B","Napoli"
"644","Sergio Ramos","Espagne","26","15","Espagne","117","Vicente del Bosque","Espagne","31-mai","28","http:  bit.ly 1kEEugB","OUI","1","30 mars 1986","2. Defenseur","B","Real Madrid"
"51","Andres Iniesta","Espagne","26","6","Espagne","97","Vicente del Bosque","Espagne","31-mai","30","http:  bit.ly 1kEEugB","OUI","1","11 mai 1984","3. Milieu","B","Barcelona"
"111","Cesc Fabregas","Espagne","26","10","Espagne","89","Vicente del Bosque","Espagne","31-mai","27","http:  bit.ly 1kEEugB","OUI","1","4 mai 1987","3. Milieu","B","Barcelona"
"154","David Silva","Espagne","26","21","Angleterre","80","Vicente del Bosque","Espagne","31-mai","28","http:  bit.ly 1kEEugB","NON","1","8 janvier 1986","3. Milieu","B","Manchester City"
"318","Javi Martinez","Espagne","26","4","Allemagne","17","Vicente del Bosque","Espagne","31-mai","25","http:  bit.ly 1kEEugB","NON","1","2 septembre 1988","3. Milieu","B","Bayern Munich"
"373","Juan Mata","Espagne","26","13","Angleterre","33","Vicente del Bosque","Espagne","31-mai","26","http:  bit.ly 1kEEugB","NON","1","28 avril 1988","3. Milieu","B","Manchester United"
"399","Koke","Espagne","26","17","Espagne","8","Vicente del Bosque","Espagne","31-mai","22","http:  bit.ly 1kEEugB","OUI","1","8 janvier 1992","3. Milieu","B","Atletico Madrid"
"628","Santi Cazorla","Espagne","26","20","Angleterre","64","Vicente del Bosque","Espagne","31-mai","29","http:  bit.ly 1kEEugB","NON","1","13 dcembre 1984","3. Milieu","B","Arsenal"
"643","Sergio Busquets","Espagne","26","16","Espagne","65","Vicente del Bosque","Espagne","31-mai","25","http:  bit.ly 1kEEugB","OUI","1","16 juillet 1988","3. Milieu","B","Barcelona"
"719","Xabi Alonso","Espagne","26","14","Espagne","111","Vicente del Bosque","Espagne","31-mai","32","http:  bit.ly 1kEEugB","OUI","1","25 novembre 1981","3. Milieu","B","Real Madrid"
"720","Xavi","Espagne","26","8","Espagne","132","Vicente del Bosque","Espagne","31-mai","34","http:  bit.ly 1kEEugB","OUI","1","25 janvier 1980","3. Milieu","B","Barcelona"
"155","David Villa","Espagne","26","7","Espagne","96","Vicente del Bosque","Espagne","31-mai","32","http:  bit.ly 1kEEugB","OUI","1","3 dcembre 1981","4. Attaquant","B","Atletico Madrid"
"164","Diego Costa","Espagne","26","19","Espagne","2","Vicente del Bosque","Espagne","31-mai","25","http:  bit.ly 1kEEugB","OUI","1","7 octobre 1988","4. Attaquant","B","Atletico Madrid"
"226","Fernando Torres","Espagne","26","9","Angleterre","107","Vicente del Bosque","Espagne","31-mai","30","http:  bit.ly 1kEEugB","NON","1","20 mars 1984","4. Attaquant","B","Chelsea"
"568","Pedro","Espagne","26","11","Espagne","40","Vicente del Bosque","Espagne","31-mai","26","http:  bit.ly 1kEEugB","OUI","1","28 juillet 1987","4. Attaquant","B","Barcelona"
"316","Jasper Cillessen","Pays-Bas","45","1","Pays-Bas","8","Louis van Gaal","Pays-Bas","31-mai","25","http:  bit.ly 1kEEugB","OUI","15","22 avril 1989","1. Gardien","B","Ajax"
"510","Michel Vorm","Pays-Bas","45","22","Angleterre","14","Louis van Gaal","Pays-Bas","31-mai","30","http:  bit.ly 1kEEugB","NON","15","3 octobre 1983","1. Gardien","B","Swansea City"
"681","Tim Krul","Pays-Bas","45","23","Angleterre","5","Louis van Gaal","Pays-Bas","31-mai","26","http:  bit.ly 1kEEugB","NON","15","3 avril 1988","1. Gardien","B","Newcastle United"
"95","Bruno Martins Indi","Pays-Bas","45","4","Pays-Bas","16","Louis van Gaal","Pays-Bas","31-mai","22","http:  bit.ly 1kEEugB","OUI","15","8 fvrier 1992","2. Defenseur","B","Feyenoord"
"134","Daley Blind","Pays-Bas","45","5","Pays-Bas","12","Louis van Gaal","Pays-Bas","31-mai","24","http:  bit.ly 1kEEugB","OUI","15","9 mars 1990","2. Defenseur","B","Ajax"
"150","Daryl Janmaat","Pays-Bas","45","7","Pays-Bas","16","Louis van Gaal","Pays-Bas","31-mai","24","http:  bit.ly 1kEEugB","OUI","15","22 juillet 1989","2. Defenseur","B","Feyenoord"
"340","Joel Veltman","Pays-Bas","45","13","Pays-Bas","2","Louis van Gaal","Pays-Bas","31-mai","22","http:  bit.ly 1kEEugB","OUI","15","15 janvier 1992","2. Defenseur","B","Ajax"
"566","Paul Verhaegh","Pays-Bas","45","12","Allemagne","2","Louis van Gaal","Pays-Bas","31-mai","30","http:  bit.ly 1kEEugB","NON","15","1 septembre 1983","2. Defenseur","B","Augsburg"
"612","Ron Vlaar","Pays-Bas","45","2","Angleterre","24","Louis van Gaal","Pays-Bas","31-mai","29","http:  bit.ly 1kEEugB","NON","15","16 fvrier 1985","2. Defenseur","B","Aston Villa"
"658","Stefan de Vrij","Pays-Bas","45","3","Pays-Bas","12","Louis van Gaal","Pays-Bas","31-mai","22","http:  bit.ly 1kEEugB","OUI","15","5 fvrier 1992","2. Defenseur","B","Feyenoord"
"672","Terence Kongolo","Pays-Bas","45","14","Pays-Bas","1","Louis van Gaal","Pays-Bas","31-mai","20","http:  bit.ly 1kEEugB","OUI","15","14 fvrier 1994","2. Defenseur","B","Feyenoord"
"62","Arjen Robben","Pays-Bas","45","11","Allemagne","75","Louis van Gaal","Pays-Bas","31-mai","30","http:  bit.ly 1kEEugB","NON","15","23 janvier 1984","3. Milieu","B","Bayern Munich"
"244","Georginio Wijnaldum","Pays-Bas","45","20","Pays-Bas","5","Louis van Gaal","Pays-Bas","31-mai","23","http:  bit.ly 1kEEugB","OUI","15","11 novembre 1990","3. Milieu","B","PSV"
"347","Jonathan de Guzman","Pays-Bas","45","6","Angleterre","10","Louis van Gaal","Pays-Bas","31-mai","26","http:  bit.ly 1kEEugB","NON","15","13 septembre 1987","3. Milieu","B","Swansea City"
"352","Jordy Clasie","Pays-Bas","45","16","Pays-Bas","8","Louis van Gaal","Pays-Bas","31-mai","22","http:  bit.ly 1kEEugB","OUI","15","27 juin 1991","3. Milieu","B","Feyenoord"
"419","Leroy Fer","Pays-Bas","45","18","Angleterre","6","Louis van Gaal","Pays-Bas","31-mai","24","http:  bit.ly 1kEEugB","NON","15","5 janvier 1990","3. Milieu","B","Norwich City"
"499","Memphis Depay","Pays-Bas","45","21","Pays-Bas","6","Louis van Gaal","Pays-Bas","31-mai","20","http:  bit.ly 1kEEugB","OUI","15","13 fvrier 1994","3. Milieu","B","PSV"
"535","Nigel de Jong","Pays-Bas","45","8","Italie","71","Louis van Gaal","Pays-Bas","31-mai","29","http:  bit.ly 1kEEugB","NON","15","13 novembre 1984","3. Milieu","B","Milan"
"714","Wesley Sneijder","Pays-Bas","45","10","Turquie","99","Louis van Gaal","Pays-Bas","31-mai","29","http:  bit.ly 1kEEugB","NON","15","9 juin 1984","3. Milieu","B","Galatasaray"
"171","Dirk Kuyt","Pays-Bas","45","15","Turquie","98","Louis van Gaal","Pays-Bas","31-mai","33","http:  bit.ly 1kEEugB","NON","15","22 juillet 1980","4. Attaquant","B","Fenerbahce"
"327","Jeremain Lens","Pays-Bas","45","17","Ukraine","22","Louis van Gaal","Pays-Bas","31-mai","26","http:  bit.ly 1kEEugB","NON","15","24 novembre 1987","4. Attaquant","B","Dynamo Kyiv"
"398","Klaas-Jan Huntelaar","Pays-Bas","45","19","Allemagne","62","Louis van Gaal","Pays-Bas","31-mai","30","http:  bit.ly 1kEEugB","NON","15","12 aot 1983","4. Attaquant","B","Schalke 4"
"604","Robin van Persie (c)","Pays-Bas","45","9","Angleterre","85","Louis van Gaal","Pays-Bas","31-mai","30","http:  bit.ly 1kEEugB","NON","15","6 aot 1983","4. Attaquant","B","Manchester United"
"97","Camilo Vargas","Colombie","36","12","Colombie","0","Jose Pekerman","Argentine","2-juin","24","http:  bit.ly 1kEEz56","OUI","8","1 septembre 1989","1. Gardien","C","Santa Fe"
"153","David Ospina","Colombie","36","1","France","44","Jose Pekerman","Argentine","2-juin","25","http:  bit.ly 1kEEz59","NON","8","31 aot 1988","1. Gardien","C","Nice"
"218","Faryd Mondragon","Colombie","36","22","Colombie","50","Jose Pekerman","Argentine","2-juin","42","http:  bit.ly 1kEEz55","OUI","8","21 juin 1971","1. Gardien","C","Deportivo Cali"
"106","Carlos Valdes","Colombie","36","23","Argentine","14","Jose Pekerman","Argentine","2-juin","29","http:  bit.ly 1kEEz53","NON","8","22 mai 1985","2. Defenseur","C","San Lorenzo"
"131","Cristian Zapata","Colombie","36","2","Italie","24","Jose Pekerman","Argentine","2-juin","27","http:  bit.ly 1kEEz66","NON","8","30 septembre 1986","2. Defenseur","C","Milan"
"181","Eder Alvarez Balanta","Colombie","36","16","Argentine","3","Jose Pekerman","Argentine","2-juin","21","http:  bit.ly 1kEEz51","NON","8","28 fvrier 1993","2. Defenseur","C","River Plate"
"368","Juan Camilo Zuniga","Colombie","36","18","Italie","50","Jose Pekerman","Argentine","2-juin","28","http:  bit.ly 1kEEz67","NON","8","14 dcembre 1985","2. Defenseur","C","Napoli"
"460","Mario Yepes (c)","Colombie","36","3","Italie","98","Jose Pekerman","Argentine","2-juin","38","http:  bit.ly 1kEEz62","NON","8","13 janvier 1976","2. Defenseur","C","Atalanta"
"554","Pablo Armero","Colombie","36","7","Angleterre","53","Jose Pekerman","Argentine","2-juin","27","http:  bit.ly 1kEEz50","NON","8","2 novembre 1986","2. Defenseur","C","West Ham United"
"629","Santiago Arias","Colombie","36","4","Pays-Bas","6","Jose Pekerman","Argentine","2-juin","22","http:  bit.ly 1kEEz69","NON","8","13 janvier 1992","2. Defenseur","C","PSV"
"2","Abel Aguilar","Colombie","36","8","France","49","Jose Pekerman","Argentine","2-juin","29","http:  bit.ly 1kEEz60","NON","8","6 janvier 1985","3. Milieu","C","Toulouse"
"20","Carlos Carbonero","Colombie","36","5","Argentine","1","Jose Pekerman","Argentine","2-juin","23","http:  bit.ly 1kEEz68","NON","8","25 juillet 1990","3. Milieu","C","River Plate"
"32","Alexander Mejia","Colombie","36","15","Colombie","8","Jose Pekerman","Argentine","2-juin","25","http:  bit.ly 1kEEz54","OUI","8","7 septembre 1988","3. Milieu","C","Atletico Nacional"
"105","Carlos Sanchez","Colombie","36","6","Espagne","44","Jose Pekerman","Argentine","2-juin","28","http:  bit.ly 1kEEz57","NON","8","6 fvrier 1986","3. Milieu","C","Elche"
"234","Fredy Guarin","Colombie","36","13","Italie","49","Jose Pekerman","Argentine","2-juin","27","http:  bit.ly 1kEEz65","NON","8","30 juin 1986","3. Milieu","C","Internazionale"
"311","James Rodriguez","Colombie","36","10","France","22","Jose Pekerman","Argentine","2-juin","22","http:  bit.ly 1kEEz61","NON","8","12 juillet 1991","3. Milieu","C","Monaco"
"371","Juan Fernando Quintero","Colombie","36","20","Portugal","4","Jose Pekerman","Argentine","2-juin","21","http:  bit.ly 1kEEz71","NON","8","18 janvier 1993","3. Milieu","C","Porto"
"372","Juan Guillermo Cuadrado","Colombie","36","11","Italie","28","Jose Pekerman","Argentine","2-juin","26","http:  bit.ly 1kEEz64","NON","8","26 mai 1988","3. Milieu","C","Fiorentina"
"701","Victor Ibarbo","Colombie","36","14","Italie","9","Jose Pekerman","Argentine","2-juin","24","http:  bit.ly 1kEEz63","NON","8","19 mai 1990","3. Milieu","C","Cagliari"
"10","Adrian Ramos","Colombie","36","19","Allemagne","26","Jose Pekerman","Argentine","2-juin","28","http:  bit.ly 1kEEz49","NON","8","22 janvier 1986","4. Attaquant","C","Hertha BSC"
"100","Carlos Bacca","Colombie","36","17","Espagne","11","Jose Pekerman","Argentine","2-juin","27","http:  bit.ly 1kEEz58","NON","8","8 septembre 1986","4. Attaquant","C","Sevilla"
"306","Jackson Martinez","Colombie","36","21","Portugal","27","Jose Pekerman","Argentine","2-juin","27","http:  bit.ly 1kEEz70","NON","8","3 octobre 1986","4. Attaquant","C","Porto"
"671","Teofilo Gutierrez","Colombie","36","9","Argentine","30","Jose Pekerman","Argentine","2-juin","29","http:  bit.ly 1kEEz52","NON","8","28 mai 1985","4. Attaquant","C","River Plate"
"90","Boubacar Barry","Cote d'Ivoire","26","1","Belgique","79","Sabri Lamouchi","France","1-juin","34","http:  bit.ly 1kEEz79","NON","23","30 dcembre 1979","1. Gardien","C","Lokeren"
"631","Sayouba Mande","Cote d'Ivoire","26","23","Norvege","1","Sabri Lamouchi","France","1-juin","21","http:  bit.ly 1kEEz87","NON","23","5 juin 1993","1. Gardien","C","Stabk"
"670","Sylvain Gbohouo","Cote d'Ivoire","26","16","Cote d'Ivoire","1","Sabri Lamouchi","France","1-juin","25","http:  bit.ly 1kEEz80","OUI","23","29 octobre 1988","1. Gardien","C","Sewe Sport"
"64","Arthur Boka","Cote d'Ivoire","26","3","Allemagne","79","Sabri Lamouchi","France","1-juin","31","http:  bit.ly 1kEEz75","NON","23","2 avril 1983","2. Defenseur","C","VfB Stuttgart"
"128","Constant Djakpa","Cote d'Ivoire","26","18","Allemagne","4","Sabri Lamouchi","France","1-juin","27","http:  bit.ly 1kEEz72","NON","23","17 octobre 1986","2. Defenseur","C","Eintracht Frankfurt"
"161","Didier Zokora","Cote d'Ivoire","26","5","Turquie","119","Sabri Lamouchi","France","1-juin","33","http:  bit.ly 1kEEz93","NON","23","14 dcembre 1980","2. Defenseur","C","Trabzonspor"
"324","Jean-Daniel Akpa-Akpro","Cote d'Ivoire","26","7","France","1","Sabri Lamouchi","France","1-juin","21","http:  bit.ly 1kEEz84","NON","23","11 octobre 1992","2. Defenseur","C","Toulouse"
"400","Kolo Toure","Cote d'Ivoire","26","4","Angleterre","106","Sabri Lamouchi","France","1-juin","33","http:  bit.ly 1kEEz76","NON","23","19 mars 1981","2. Defenseur","C","Liverpool"
"553","Ousmane Viera","Cote d'Ivoire","26","2","Turquie","3","Sabri Lamouchi","France","1-juin","27","http:  bit.ly 1kEEz91","NON","23","21 dcembre 1986","2. Defenseur","C","caykur Rizespor"
"639","Serge Aurier","Cote d'Ivoire","26","17","France","8","Sabri Lamouchi","France","1-juin","21","http:  bit.ly 1kEEz85","NON","23","24 dcembre 1992","2. Defenseur","C","Toulouse"
"656","Sol Bamba","Cote d'Ivoire","26","22","Turquie","43","Sabri Lamouchi","France","1-juin","29","http:  bit.ly 1kEEz94","NON","23","13 janvier 1985","2. Defenseur","C","Trabzonspor"
"114","Cheick Tiote","Cote d'Ivoire","26","9","Angleterre","44","Sabri Lamouchi","France","1-juin","27","http:  bit.ly 1kEEz78","NON","23","21 juin 1986","3. Milieu","C","Newcastle United"
"160","Didier Ya Konan","Cote d'Ivoire","26","13","Allemagne","25","Sabri Lamouchi","France","1-juin","30","http:  bit.ly 1kEEz74","NON","23","25 fvrier 1984","3. Milieu","C","Hannover 96"
"298","Ismael Diomande","Cote d'Ivoire","26","14","France","1","Sabri Lamouchi","France","1-juin","21","http:  bit.ly 1kEEz83","NON","23","28 aot 1992","3. Milieu","C","Saint-etienne"
"638","Serey Die","Cote d'Ivoire","26","20","Suisse","6","Sabri Lamouchi","France","1-juin","29","http:  bit.ly 1kEEz90","NON","23","7 novembre 1984","3. Milieu","C","Basel"
"726","Yaya Toure","Cote d'Ivoire","26","19","Angleterre","83","Sabri Lamouchi","France","1-juin","31","http:  bit.ly 1kEEz77","NON","23","13 mai 1983","3. Milieu","C","Manchester City"
"159","Didier Drogba (c)","Cote d'Ivoire","26","11","Turquie","100","Sabri Lamouchi","France","1-juin","36","http:  bit.ly 1kEEz92","NON","23","11 mars 1978","4. Attaquant","C","Galatasaray"
"246","Gervinho","Cote d'Ivoire","26","10","Italie","53","Sabri Lamouchi","France","1-juin","27","http:  bit.ly 1kEEz86","NON","23","27 mai 1987","4. Attaquant","C","Roma"
"257","Giovanni Sio","Cote d'Ivoire","26","21","Suisse","7","Sabri Lamouchi","France","1-juin","25","http:  bit.ly 1kEEz89","NON","23","31 mars 1989","4. Attaquant","C","Basel"
"477","Mathis Bolly","Cote d'Ivoire","26","6","Allemagne","3","Sabri Lamouchi","France","1-juin","23","http:  bit.ly 1kEEz73","NON","23","14 novembre 1990","4. Attaquant","C","Fortuna Dsseldorf"
"488","Max Gradel","Cote d'Ivoire","26","15","France","25","Sabri Lamouchi","France","1-juin","26","http:  bit.ly 1kEEz82","NON","23","30 novembre 1987","4. Attaquant","C","Saint-etienne"
"620","Salomon Kalou","Cote d'Ivoire","26","8","France","64","Sabri Lamouchi","France","1-juin","28","http:  bit.ly 1kEEz81","NON","23","5 aot 1985","4. Attaquant","C","Lille"
"715","Wilfried Bony","Cote d'Ivoire","26","12","Angleterre","24","Sabri Lamouchi","France","1-juin","25","http:  bit.ly 1kEEz88","NON","23","10 dcembre 1988","4. Attaquant","C","Swansea City"
"546","Orestis Karnezis","Grece","31","1","Espagne","19","Fernando Santos","Portugal","19-mai","28","http:  bit.ly 1kEEz99","NON","12","11 juillet 1985","1. Gardien","C","Granada"
"556","Panagiotis Glykos","Grece","31","12","Grece","2","Fernando Santos","Portugal","19-mai","28","http:  bit.ly 1kEEz108","OUI","12","3 juin 1986","1. Gardien","C","PAOK"
"659","Stefanos Kapino","Grece","31","13","Grece","2","Fernando Santos","Portugal","19-mai","20","http:  bit.ly 1kEEz105","OUI","12","18 mars 1994","1. Gardien","C","Panathinaikos"
"251","Giannis Maniatis","Grece","31","2","Grece","30","Fernando Santos","Portugal","19-mai","27","http:  bit.ly 1kEEz101","OUI","12","12 octobre 1986","3. Milieu","C","Olympiacos"
"255","Giorgos Tzavellas","Grece","31","3","Grece","13","Fernando Santos","Portugal","19-mai","26","http:  bit.ly 1kEEz106","OUI","12","26 novembre 1987","2. Defenseur","C","PAOK"
"358","Jose Holebas","Grece","31","20","Grece","22","Fernando Santos","Portugal","19-mai","29","http:  bit.ly 1kEEz103","OUI","12","27 juin 1984","2. Defenseur","C","Olympiacos"
"403","Kostas Manolas","Grece","31","4","Grece","9","Fernando Santos","Portugal","19-mai","22","http:  bit.ly 1kEEz102","OUI","12","14 juin 1991","2. Defenseur","C","Olympiacos"
"425","Loukas Vyntra","Grece","31","11","Espagne","50","Fernando Santos","Portugal","19-mai","33","http:  bit.ly 1kEEz100","NON","12","5 fvrier 1981","2. Defenseur","C","Levante"
"655","Sokratis Papastathopoulos","Grece","31","19","Allemagne","47","Fernando Santos","Portugal","19-mai","25","http:  bit.ly 1kEEz95","NON","12","9 juin 1988","2. Defenseur","C","Borussia Dortmund"
"694","Vangelis Moras","Grece","31","5","Italie","19","Fernando Santos","Portugal","19-mai","32","http:  bit.ly 1kEEz115","NON","12","26 aot 1981","2. Defenseur","C","Verona"
"696","Vasilis Torosidis","Grece","31","15","Italie","66","Fernando Santos","Portugal","19-mai","28","http:  bit.ly 1kEEz113","NON","12","10 juin 1985","2. Defenseur","C","Roma"
"33","Alexandros Tziolis","Grece","31","6","Turquie","49","Fernando Santos","Portugal","19-mai","29","http:  bit.ly 1kEEz116","NON","12","13 fvrier 1985","3. Milieu","C","Kayserispor"
"48","Andreas Samaris","Grece","31","22","Grece","4","Fernando Santos","Portugal","19-mai","24","http:  bit.ly 1kEEz104","OUI","12","13 juin 1989","3. Milieu","C","Olympiacos"
"250","Giannis Fetfatzidis","Grece","31","18","Italie","19","Fernando Santos","Portugal","19-mai","23","http:  bit.ly 1kEEz112","NON","12","21 dcembre 1990","3. Milieu","C","Genoa"
"253","Giorgos Karagounis (c)","Grece","31","10","Angleterre","135","Fernando Santos","Portugal","19-mai","37","http:  bit.ly 1kEEz97","NON","12","6 mars 1977","3. Milieu","C","Fulham"
"402","Kostas Katsouranis","Grece","31","21","Grece","111","Fernando Santos","Portugal","19-mai","34","http:  bit.ly 1kEEz109","OUI","12","21 juin 1979","3. Milieu","C","PAOK"
"412","Lazaros Christodoulopoulos","Grece","31","16","Italie","19","Fernando Santos","Portugal","19-mai","27","http:  bit.ly 1kEEz111","NON","12","19 dcembre 1986","3. Milieu","C","Bologna"
"557","Panagiotis Kone","Grece","31","8","Italie","16","Fernando Santos","Portugal","19-mai","26","http:  bit.ly 1kEEz110","NON","12","26 juillet 1987","3. Milieu","C","Bologna"
"558","Panagiotis Tachtsidis","Grece","31","23","Italie","6","Fernando Santos","Portugal","19-mai","23","http:  bit.ly 1kEEz114","NON","12","15 fvrier 1991","3. Milieu","C","Torino"
"170","Dimitris Salpingidis","Grece","31","14","Grece","76","Fernando Santos","Portugal","19-mai","32","http:  bit.ly 1kEEz107","OUI","12","18 aot 1981","4. Attaquant","C","PAOK"
"254","Giorgos Samaras","Grece","31","7","Ecosse","74","Fernando Santos","Portugal","19-mai","29","http:  bit.ly 1kEEz98","NON","12","21 fvrier 1985","4. Attaquant","C","Celtic"
"404","Kostas Mitroglou","Grece","31","9","Angleterre","32","Fernando Santos","Portugal","19-mai","26","http:  bit.ly 1kEEz96","NON","12","12 mars 1988","4. Attaquant","C","Fulham"
"673","Theofanis Gekas","Grece","31","17","Turquie","72","Fernando Santos","Portugal","19-mai","34","http:  bit.ly 1kEEz117","NON","12","23 mai 1980","4. Attaquant","C","Konyaspor"
"193","Eiji Kawashima","Japon","26","1","Belgique","56","Alberto Zaccheroni","Italie","12-mai","31","http:  bit.ly 1kEEz127","NON","46","20 mars 1983","1. Gardien","C","Standard Liege"
"649","Shichi Gonda","Japon","26","23","Japon","2","Alberto Zaccheroni","Italie","12-mai","25","http:  bit.ly 1kEEz133","OUI","46","3 mars 1989","1. Gardien","C","F.C. Tokyo"
"650","Shusaku Nishikawa","Japon","26","12","Japon","12","Alberto Zaccheroni","Italie","12-mai","27","http:  bit.ly 1kEEz139","OUI","46","18 juin 1986","1. Gardien","C","Urawa Red Diamonds"
"70","Atsuto Uchida","Japon","26","2","Allemagne","67","Alberto Zaccheroni","Italie","12-mai","26","http:  bit.ly 1kEEz123","NON","46","27 mars 1988","2. Defenseur","C","Schalke 4"
"264","Gtoku Sakai","Japon","26","3","Allemagne","12","Alberto Zaccheroni","Italie","12-mai","23","http:  bit.ly 1kEEz124","NON","46","14 fvrier 1991","2. Defenseur","C","VfB Stuttgart"
"282","Hiroki Sakai","Japon","26","21","Allemagne","17","Alberto Zaccheroni","Italie","12-mai","24","http:  bit.ly 1kEEz121","NON","46","12 avril 1990","2. Defenseur","C","Hannover 96"
"468","Masahiko Inoha","Japon","26","19","Japon","21","Alberto Zaccheroni","Italie","12-mai","30","http:  bit.ly 1kEEz136","OUI","46","28 aot 1983","2. Defenseur","C","Jubilo Iwata"
"469","Masato Morishige","Japon","26","6","Japon","9","Alberto Zaccheroni","Italie","12-mai","27","http:  bit.ly 1kEEz132","OUI","46","21 mai 1987","2. Defenseur","C","F.C. Tokyo"
"494","Maya Yoshida","Japon","26","22","Angleterre","40","Alberto Zaccheroni","Italie","12-mai","25","http:  bit.ly 1kEEz126","NON","46","24 aot 1988","2. Defenseur","C","Southampton"
"725","Yasuyuki Konno","Japon","26","15","Japon","80","Alberto Zaccheroni","Italie","12-mai","31","http:  bit.ly 1kEEz134","OUI","46","25 janvier 1983","2. Defenseur","C","Gamba Osaka"
"734","Yuto Nagatomo","Japon","26","5","Italie","69","Alberto Zaccheroni","Italie","12-mai","27","http:  bit.ly 1kEEz128","NON","46","12 septembre 1986","2. Defenseur","C","Internazionale"
"283","Hiroshi Kiyotake","Japon","26","8","Allemagne","25","Alberto Zaccheroni","Italie","12-mai","24","http:  bit.ly 1kEEz118","NON","46","12 novembre 1989","3. Milieu","C","1. FC Nrnberg"
"286","Hotaru Yamaguchi","Japon","26","16","Japon","11","Alberto Zaccheroni","Italie","12-mai","23","http:  bit.ly 1kEEz131","OUI","46","6 octobre 1990","3. Milieu","C","Cerezo Osaka"
"384","Keisuke Honda","Japon","26","4","Italie","55","Alberto Zaccheroni","Italie","12-mai","27","http:  bit.ly 1kEEz129","NON","46","13 juin 1986","3. Milieu","C","Milan"
"440","Makoto Hasebe (c)","Japon","26","17","Allemagne","78","Alberto Zaccheroni","Italie","12-mai","30","http:  bit.ly 1kEEz119","NON","46","18 janvier 1984","3. Milieu","C","1. FC Nrnberg"
"646","Shinji Kagawa","Japon","26","10","Angleterre","56","Alberto Zaccheroni","Italie","12-mai","25","http:  bit.ly 1kEEz125","NON","46","17 mars 1989","3. Milieu","C","Manchester United"
"688","Toshihiro Aoyama","Japon","26","14","Japon","5","Alberto Zaccheroni","Italie","12-mai","28","http:  bit.ly 1kEEz138","OUI","46","22 fvrier 1986","3. Milieu","C","Sanfrecce Hiroshima"
"724","Yasuhito End","Japon","26","7","Japon","143","Alberto Zaccheroni","Italie","12-mai","34","http:  bit.ly 1kEEz135","OUI","46","28 janvier 1980","3. Milieu","C","Gamba Osaka"
"443","Manabu Sait","Japon","26","20","Japon","4","Alberto Zaccheroni","Italie","12-mai","24","http:  bit.ly 1kEEz140","OUI","46","4 avril 1990","4. Attaquant","C","Yokohama F. Marinos"
"647","Shinji Okazaki","Japon","26","9","Allemagne","75","Alberto Zaccheroni","Italie","12-mai","28","http:  bit.ly 1kEEz122","NON","46","16 avril 1986","4. Attaquant","C","Mainz 5"
"729","Yoichiro Kakitani","Japon","26","11","Japon","11","Alberto Zaccheroni","Italie","12-mai","24","http:  bit.ly 1kEEz130","OUI","46","3 janvier 1990","4. Attaquant","C","Cerezo Osaka"
"730","Yoshito kubo","Japon","26","13","Japon","56","Alberto Zaccheroni","Italie","12-mai","31","http:  bit.ly 1kEEz137","OUI","46","9 juin 1982","4. Attaquant","C","Kawasaki Frontale"
"735","Yuya Osako","Japon","26","18","Allemagne","8","Alberto Zaccheroni","Italie","12-mai","24","http:  bit.ly 1kEEz120","NON","46","18 mai 1990","4. Attaquant","C","1860 Mnchen"
"81","Ben Foster","Angleterre","26","13","Angleterre","6","Roy Hodgson","Angleterre","12-mai","31","http:  bit.ly 1kEEAF30","OUI","10","3 mai 1983","1. Gardien","D","West Bromwich Albion"
"232","Fraser Forster","Angleterre","26","22","Ecosse","1","Roy Hodgson","Angleterre","12-mai","26","http:  bit.ly 1kEEAF31","NON","10","17 mars 1988","1. Gardien","D","Celtic"
"337","Joe Hart","Angleterre","26","1","Angleterre","40","Roy Hodgson","Angleterre","12-mai","27","http:  bit.ly 1kEEAF21","OUI","10","19 mai 1987","1. Gardien","D","Manchester City"
"116","Chris Smalling","Angleterre","26","12","Angleterre","11","Roy Hodgson","Angleterre","12-mai","24","http:  bit.ly 1kEEAF23","OUI","10","22 novembre 1989","2. Defenseur","D","Manchester United"
"238","Gary Cahill","Angleterre","26","5","Angleterre","23","Roy Hodgson","Angleterre","12-mai","28","http:  bit.ly 1kEEAF11","OUI","10","19 dcembre 1985","2. Defenseur","D","Chelsea"
"258","Glen Johnson","Angleterre","26","2","Angleterre","51","Roy Hodgson","Angleterre","12-mai","29","http:  bit.ly 1kEEAF16","OUI","10","23 aot 1984","2. Defenseur","D","Liverpool"
"417","Leighton Baines","Angleterre","26","3","Angleterre","23","Roy Hodgson","Angleterre","12-mai","29","http:  bit.ly 1kEEAF13","OUI","10","11 dcembre 1984","2. Defenseur","D","Everton"
"436","Luke Shaw","Angleterre","26","23","Angleterre","1","Roy Hodgson","Angleterre","12-mai","18","http:  bit.ly 1kEEAF27","OUI","10","12 juillet 1995","2. Defenseur","D","Southampton"
"574","Phil Jagielka","Angleterre","26","6","Angleterre","25","Roy Hodgson","Angleterre","12-mai","31","http:  bit.ly 1kEEAF14","OUI","10","17 aot 1982","2. Defenseur","D","Everton"
"575","Phil Jones","Angleterre","26","16","Angleterre","9","Roy Hodgson","Angleterre","12-mai","22","http:  bit.ly 1kEEAF24","OUI","10","21 fvrier 1992","2. Defenseur","D","Manchester United"
"5","Adam Lallana","Angleterre","26","20","Angleterre","4","Roy Hodgson","Angleterre","12-mai","26","http:  bit.ly 1kEEAF29","OUI","10","10 mai 1988","3. Milieu","D","Southampton"
"28","Alex Oxlade-Chamberlain","Angleterre","26","15","Angleterre","14","Roy Hodgson","Angleterre","12-mai","20","http:  bit.ly 1kEEAF10","OUI","10","15 aot 1993","3. Milieu","D","Arsenal"
"231","Frank Lampard","Angleterre","26","8","Angleterre","103","Roy Hodgson","Angleterre","12-mai","35","http:  bit.ly 1kEEAF12","OUI","10","20 juin 1978","3. Milieu","D","Chelsea"
"305","Jack Wilshere","Angleterre","26","7","Angleterre","16","Roy Hodgson","Angleterre","12-mai","22","http:  bit.ly 1kEEAF9","OUI","10","1 janvier 1992","3. Milieu","D","Arsenal"
"310","James Milner","Angleterre","26","17","Angleterre","46","Roy Hodgson","Angleterre","12-mai","28","http:  bit.ly 1kEEAF22","OUI","10","4 janvier 1986","3. Milieu","D","Manchester City"
"350","Jordan Henderson","Angleterre","26","14","Angleterre","9","Roy Hodgson","Angleterre","12-mai","23","http:  bit.ly 1kEEAF19","OUI","10","17 juin 1990","3. Milieu","D","Liverpool"
"583","Raheem Sterling","Angleterre","26","19","Angleterre","3","Roy Hodgson","Angleterre","12-mai","19","http:  bit.ly 1kEEAF20","OUI","10","8 dcembre 1994","3. Milieu","D","Liverpool"
"615","Ross Barkley","Angleterre","26","21","Angleterre","4","Roy Hodgson","Angleterre","12-mai","20","http:  bit.ly 1kEEAF15","OUI","10","5 dcembre 1993","3. Milieu","D","Everton"
"667","Steven Gerrard (c)","Angleterre","26","4","Angleterre","110","Roy Hodgson","Angleterre","12-mai","34","http:  bit.ly 1kEEAF18","OUI","10","30 mai 1980","3. Milieu","D","Liverpool"
"140","Daniel Sturridge","Angleterre","26","9","Angleterre","11","Roy Hodgson","Angleterre","12-mai","24","http:  bit.ly 1kEEAF17","OUI","10","1 septembre 1989","4. Attaquant","D","Liverpool"
"145","Danny Welbeck","Angleterre","26","11","Angleterre","22","Roy Hodgson","Angleterre","12-mai","23","http:  bit.ly 1kEEAF26","OUI","10","26 novembre 1990","4. Attaquant","D","Manchester United"
"601","Rickie Lambert","Angleterre","26","18","Angleterre","4","Roy Hodgson","Angleterre","12-mai","32","http:  bit.ly 1kEEAF28","OUI","10","16 fvrier 1982","4. Attaquant","D","Southampton"
"713","Wayne Rooney","Angleterre","26","10","Angleterre","90","Roy Hodgson","Angleterre","12-mai","28","http:  bit.ly 1kEEAF25","OUI","10","24 octobre 1985","4. Attaquant","D","Manchester United"
"137","Daniel Cambronero","Costa Rica","37","23","Costa Rica","2","Jorge Luis Pinto","Colombie","31-mai","28","http:  bit.ly 1kEEAF37","OUI","28","8 janvier 1986","1. Gardien","D","Herediano"
"390","Keylor Navas","Costa Rica","37","1","Espagne","53","Jorge Luis Pinto","Colombie","31-mai","27","http:  bit.ly 1kEEAF44","NON","28","15 dcembre 1986","1. Gardien","D","Levante"
"563","Patrick Pemberton","Costa Rica","37","18","Costa Rica","21","Jorge Luis Pinto","Colombie","31-mai","32","http:  bit.ly 1kEEAF35","OUI","28","24 avril 1982","1. Gardien","D","Alajuelense"
"129","Cristian Gamboa","Costa Rica","37","16","Norvege","24","Jorge Luis Pinto","Colombie","31-mai","24","http:  bit.ly 1kEEAF50","NON","28","24 octobre 1989","2. Defenseur","D","Rosenborg"
"248","Giancarlo Gonzalez","Costa Rica","37","3","Etats-Unis","34","Jorge Luis Pinto","Colombie","31-mai","26","http:  bit.ly 1kEEAF45","NON","28","8 fvrier 1988","2. Defenseur","D","Columbus Crew"
"277","Heiner Mora","Costa Rica","37","8","Costa Rica","22","Jorge Luis Pinto","Colombie","31-mai","29","http:  bit.ly 1kEEAF41","OUI","28","20 juin 1984","2. Defenseur","D","Saprissa"
"345","Johnny Acosta","Costa Rica","37","2","Costa Rica","27","Jorge Luis Pinto","Colombie","31-mai","30","http:  bit.ly 1kEEAF34","OUI","28","21 juillet 1983","2. Defenseur","D","Alajuelense"
"380","Junior Diaz","Costa Rica","37","15","Allemagne","58","Jorge Luis Pinto","Colombie","31-mai","30","http:  bit.ly 1kEEAF32","NON","28","12 septembre 1983","2. Defenseur","D","Mainz 5"
"509","Michael Umana","Costa Rica","37","4","Costa Rica","79","Jorge Luis Pinto","Colombie","31-mai","31","http:  bit.ly 1kEEAF40","OUI","28","16 juillet 1982","2. Defenseur","D","Saprissa"
"550","Oscar Duarte","Costa Rica","37","6","Belgique","11","Jorge Luis Pinto","Colombie","31-mai","25","http:  bit.ly 1kEEAF33","NON","28","3 juin 1989","2. Defenseur","D","Club Brugge"
"616","Roy Miller","Costa Rica","37","19","Etats-Unis","47","Jorge Luis Pinto","Colombie","31-mai","29","http:  bit.ly 1kEEAF47","NON","28","24 novembre 1984","2. Defenseur","D","New York Red Bulls"
"712","Waylon Francis","Costa Rica","37","12","Etats-Unis","1","Jorge Luis Pinto","Colombie","31-mai","23","http:  bit.ly 1kEEAF46","NON","28","20 septembre 1990","2. Defenseur","D","Columbus Crew"
"109","Celso Borges","Costa Rica","37","5","Suede","63","Jorge Luis Pinto","Colombie","31-mai","26","http:  bit.ly 1kEEAF54","NON","28","27 mai 1988","3. Milieu","D","AIK"
"119","Christian Bolanos","Costa Rica","37","7","Danemark","55","Jorge Luis Pinto","Colombie","31-mai","30","http:  bit.ly 1kEEAF43","NON","28","17 mai 1984","3. Milieu","D","Copenhagen"
"163","Diego Calvo","Costa Rica","37","20","Norvege","10","Jorge Luis Pinto","Colombie","31-mai","23","http:  bit.ly 1kEEAF51","NON","28","25 mars 1991","3. Milieu","D","Vlerenga"
"205","Esteban Granados","Costa Rica","37","13","Costa Rica","11","Jorge Luis Pinto","Colombie","31-mai","28","http:  bit.ly 1kEEAF38","OUI","28","25 octobre 1985","3. Milieu","D","Herediano"
"362","Jose Miguel Cubero","Costa Rica","37","22","Costa Rica","36","Jorge Luis Pinto","Colombie","31-mai","27","http:  bit.ly 1kEEAF39","OUI","28","14 fvrier 1987","3. Milieu","D","Herediano"
"504","Michael Barrantes","Costa Rica","37","11","Norvege","51","Jorge Luis Pinto","Colombie","31-mai","30","http:  bit.ly 1kEEAF49","NON","28","4 octobre 1983","3. Milieu","D","Aalesund"
"727","Yeltsin Tejeda","Costa Rica","37","17","Costa Rica","22","Jorge Luis Pinto","Colombie","31-mai","22","http:  bit.ly 1kEEAF42","OUI","28","17 mars 1992","3. Milieu","D","Saprissa"
"96","Bryan Ruiz (c)","Costa Rica","37","10","Pays-Bas","62","Jorge Luis Pinto","Colombie","31-mai","28","http:  bit.ly 1kEEAF52","NON","28","18 aot 1985","4. Attaquant","D","PSV"
"338","Joel Campbell","Costa Rica","37","9","Grece","33","Jorge Luis Pinto","Colombie","31-mai","21","http:  bit.ly 1kEEAF48","NON","28","26 juin 1992","4. Attaquant","D","Olympiacos"
"451","Marco Urena","Costa Rica","37","21","Russie","25","Jorge Luis Pinto","Colombie","31-mai","24","http:  bit.ly 1kEEAF53","NON","28","5 mars 1990","4. Attaquant","D","Kuban Krasnodar"
"587","Randall Brenes","Costa Rica","37","14","Costa Rica","37","Jorge Luis Pinto","Colombie","31-mai","30","http:  bit.ly 1kEEAF36","OUI","28","13 aot 1983","4. Attaquant","D","Cartagines"
"249","Gianluigi Buffon (c)","Italie","26","1","Italie","139","Cesare Prandelli","Italie","1-juin","36","http:  bit.ly 1kEEAF63","OUI","9","28 janvier 1978","1. Gardien","D","Juventus"
"485","Mattia Perin","Italie","26","13","Italie","0","Cesare Prandelli","Italie","1-juin","21","http:  bit.ly 1kEEAF59","OUI","9","10 novembre 1992","1. Gardien","D","Genoa"
"621","Salvatore Sirigu","Italie","26","12","France","8","Cesare Prandelli","Italie","1-juin","27","http:  bit.ly 1kEEAF55","NON","9","12 janvier 1987","1. Gardien","D","Paris Saint-Germain"
"46","Andrea Barzagli","Italie","26","15","Italie","47","Cesare Prandelli","Italie","1-juin","33","http:  bit.ly 1kEEAF61","OUI","9","8 mai 1981","2. Defenseur","D","Juventus"
"237","Gabriel Paletta","Italie","26","20","Italie","2","Cesare Prandelli","Italie","1-juin","28","http:  bit.ly 1kEEAF71","OUI","9","15 fvrier 1986","2. Defenseur","D","Parma"
"252","Giorgio Chiellini","Italie","26","3","Italie","67","Cesare Prandelli","Italie","1-juin","29","http:  bit.ly 1kEEAF60","OUI","9","14 aot 1984","2. Defenseur","D","Juventus"
"292","Ignazio Abate","Italie","26","7","Italie","19","Cesare Prandelli","Italie","1-juin","27","http:  bit.ly 1kEEAF68","OUI","9","12 novembre 1986","2. Defenseur","D","Milan"
"418","Leonardo Bonucci","Italie","26","19","Italie","36","Cesare Prandelli","Italie","1-juin","27","http:  bit.ly 1kEEAF62","OUI","9","1 mai 1987","2. Defenseur","D","Juventus"
"481","Matteo Darmian","Italie","26","4","Italie","1","Cesare Prandelli","Italie","1-juin","24","http:  bit.ly 1kEEAF75","OUI","9","2 dcembre 1989","2. Defenseur","D","Torino"
"484","Mattia De Sciglio","Italie","26","2","Italie","10","Cesare Prandelli","Italie","1-juin","21","http:  bit.ly 1kEEAF67","OUI","9","20 octobre 1992","2. Defenseur","D","Milan"
"19","Alberto Aquilani","Italie","26","14","Italie","34","Cesare Prandelli","Italie","1-juin","29","http:  bit.ly 1kEEAF58","OUI","9","7 juillet 1984","3. Milieu","D","Fiorentina"
"47","Andrea Pirlo","Italie","26","21","Italie","108","Cesare Prandelli","Italie","1-juin","35","http:  bit.ly 1kEEAF65","OUI","9","19 mai 1979","3. Milieu","D","Juventus"
"59","Antonio Candreva","Italie","26","6","Italie","19","Cesare Prandelli","Italie","1-juin","27","http:  bit.ly 1kEEAF66","OUI","9","28 fvrier 1987","3. Milieu","D","Lazio"
"125","Claudio Marchisio","Italie","26","8","Italie","43","Cesare Prandelli","Italie","1-juin","28","http:  bit.ly 1kEEAF64","OUI","9","19 janvier 1986","3. Milieu","D","Juventus"
"142","Daniele De Rossi","Italie","26","16","Italie","94","Cesare Prandelli","Italie","1-juin","30","http:  bit.ly 1kEEAF74","OUI","9","24 juillet 1983","3. Milieu","D","Roma"
"449","Marco Parolo","Italie","26","18","Italie","3","Cesare Prandelli","Italie","1-juin","29","http:  bit.ly 1kEEAF73","OUI","9","25 janvier 1985","3. Milieu","D","Parma"
"452","Marco Verratti","Italie","26","23","France","5","Cesare Prandelli","Italie","1-juin","21","http:  bit.ly 1kEEAF57","NON","9","5 novembre 1992","3. Milieu","D","Paris Saint-Germain"
"674","Thiago Motta","Italie","26","5","France","20","Cesare Prandelli","Italie","1-juin","31","http:  bit.ly 1kEEAF56","NON","9","28 aot 1982","3. Milieu","D","Paris Saint-Germain"
"27","Alessio Cerci","Italie","26","11","Italie","11","Cesare Prandelli","Italie","1-juin","26","http:  bit.ly 1kEEAF76","OUI","9","23 juillet 1987","4. Attaquant","D","Torino"
"60","Antonio Cassano","Italie","26","10","Italie","36","Cesare Prandelli","Italie","1-juin","31","http:  bit.ly 1kEEAF72","OUI","9","12 juillet 1982","4. Attaquant","D","Parma"
"123","Ciro Immobile","Italie","26","17","Italie","2","Cesare Prandelli","Italie","1-juin","24","http:  bit.ly 1kEEAF77","OUI","9","20 fvrier 1990","4. Attaquant","D","Torino"
"424","Lorenzo Insigne","Italie","26","22","Italie","4","Cesare Prandelli","Italie","1-juin","23","http:  bit.ly 1kEEAF70","OUI","9","4 juin 1991","4. Attaquant","D","Napoli"
"455","Mario Balotelli","Italie","26","9","Italie","29","Cesare Prandelli","Italie","1-juin","23","http:  bit.ly 1kEEAF69","OUI","9","12 aot 1990","4. Attaquant","D","Milan"
"225","Fernando Muslera","Uruguay","30","1","Turquie","57","Oscar Tabarez","Uruguay","31-mai","27","http:  bit.ly 1kEEAF99","NON","7","16 juin 1986","1. Gardien","D","Galatasaray"
"466","Martin Silva","Uruguay","30","23","Bresil","4","Oscar Tabarez","Uruguay","31-mai","31","http:  bit.ly 1kEEAF83","NON","7","25 mars 1983","1. Gardien","D","Vasco da Gama"
"605","Rodrigo Munoz","Uruguay","30","12","Paraguay","0","Oscar Tabarez","Uruguay","31-mai","32","http:  bit.ly 1kEEAF96","NON","7","22 janvier 1982","1. Gardien","D","Libertad"
"166","Diego Godin","Uruguay","30","3","Espagne","76","Oscar Tabarez","Uruguay","31-mai","28","http:  bit.ly 1kEEAF84","NON","7","16 fvrier 1986","2. Defenseur","D","Atletico Madrid"
"167","Diego Lugano (c)","Uruguay","30","2","Angleterre","93","Oscar Tabarez","Uruguay","31-mai","33","http:  bit.ly 1kEEAF80","NON","7","2 novembre 1980","2. Defenseur","D","West Bromwich Albion"
"354","Jorge Fucile","Uruguay","30","13","Portugal","41","Oscar Tabarez","Uruguay","31-mai","29","http:  bit.ly 1kEEAF98","NON","7","19 novembre 1984","2. Defenseur","D","Porto"
"361","Jose Maria Gimenez","Uruguay","30","19","Espagne","5","Oscar Tabarez","Uruguay","31-mai","19","http:  bit.ly 1kEEAF85","NON","7","20 janvier 1995","2. Defenseur","D","Atletico Madrid"
"464","Martin Caceres","Uruguay","30","22","Italie","56","Oscar Tabarez","Uruguay","31-mai","27","http:  bit.ly 1kEEAF90","NON","7","7 avril 1987","2. Defenseur","D","Juventus"
"489","Maxi Pereira","Uruguay","30","16","Portugal","89","Oscar Tabarez","Uruguay","31-mai","29","http:  bit.ly 1kEEAF97","NON","7","8 juin 1984","2. Defenseur","D","Benfica"
"633","Sebastian Coates","Uruguay","30","4","Uruguay","14","Oscar Tabarez","Uruguay","31-mai","23","http:  bit.ly 1kEEAF100","OUI","7","7 octobre 1990","2. Defenseur","D","Nacional"
"39","alvaro Gonzalez","Uruguay","30","20","Italie","42","Oscar Tabarez","Uruguay","31-mai","29","http:  bit.ly 1kEEAF91","NON","7","29 octobre 1984","3. Milieu","D","Lazio"
"40","alvaro Pereira","Uruguay","30","6","Bresil","56","Oscar Tabarez","Uruguay","31-mai","28","http:  bit.ly 1kEEAF82","NON","7","28 novembre 1985","3. Milieu","D","So Paulo"
"130","Cristian Rodriguez","Uruguay","30","7","Espagne","72","Oscar Tabarez","Uruguay","31-mai","28","http:  bit.ly 1kEEAF86","NON","7","30 septembre 1985","3. Milieu","D","Atletico Madrid"
"168","Diego Perez","Uruguay","30","15","Italie","89","Oscar Tabarez","Uruguay","31-mai","34","http:  bit.ly 1kEEAF89","NON","7","18 mai 1980","3. Milieu","D","Bologna"
"191","Egidio Arevalo Rios","Uruguay","30","17","Mexique","54","Oscar Tabarez","Uruguay","31-mai","32","http:  bit.ly 1kEEAF95","NON","7","1 janvier 1982","3. Milieu","D","Morelia"
"240","Gaston Ramirez","Uruguay","30","18","Angleterre","28","Oscar Tabarez","Uruguay","31-mai","23","http:  bit.ly 1kEEAF79","NON","7","2 dcembre 1990","3. Milieu","D","Southampton"
"532","Nicolas Lodeiro","Uruguay","30","14","Bresil","26","Oscar Tabarez","Uruguay","31-mai","25","http:  bit.ly 1kEEAF81","NON","7","21 mars 1989","3. Milieu","D","Botafogo"
"711","Walter Gargano","Uruguay","30","5","Italie","62","Oscar Tabarez","Uruguay","31-mai","29","http:  bit.ly 1kEEAF93","NON","7","23 juillet 1984","3. Milieu","D","Parma"
"3","Abel Hernandez","Uruguay","30","8","Italie","12","Oscar Tabarez","Uruguay","31-mai","23","http:  bit.ly 1kEEAF92","NON","7","8 aot 1990","4. Attaquant","D","Palermo"
"121","Christian Stuani","Uruguay","30","11","Espagne","9","Oscar Tabarez","Uruguay","31-mai","27","http:  bit.ly 1kEEAF87","NON","7","12 octobre 1986","4. Attaquant","D","Espanyol"
"165","Diego Forlan","Uruguay","30","10","Japon","109","Oscar Tabarez","Uruguay","31-mai","35","http:  bit.ly 1kEEAF94","NON","7","19 mai 1979","4. Attaquant","D","Cerezo Osaka"
"185","Edinson Cavani","Uruguay","30","21","France","61","Oscar Tabarez","Uruguay","31-mai","27","http:  bit.ly 1kEEAF88","NON","7","14 fvrier 1987","4. Attaquant","D","Paris Saint-Germain"
"432","Luis Suarez","Uruguay","30","9","Angleterre","77","Oscar Tabarez","Uruguay","31-mai","27","http:  bit.ly 1kEEAF78","NON","7","24 janvier 1987","4. Attaquant","D","Liverpool"
"9","Adrian Bone","Equateur","26","12","Equateur","3","Reinaldo Rueda","Equateur","2-juin","25","http:  bit.ly 1kEEEVi","OUI","26","8 septembre 1988","1. Gardien","E","El Nacional"
"31","Alexander Dominguez","Equateur","26","22","Equateur","18","Reinaldo Rueda","Equateur","2-juin","27","http:  bit.ly 1kEEEVi","OUI","26","5 juin 1987","1. Gardien","E","LDU Quito"
"492","Maximo Banguera","Equateur","26","1","Equateur","24","Reinaldo Rueda","Equateur","2-juin","28","http:  bit.ly 1kEEEVi","OUI","26","16 dcembre 1985","1. Gardien","E","Barcelona"
"235","Frickson Erazo","Equateur","26","3","Bresil","36","Reinaldo Rueda","Equateur","2-juin","26","http:  bit.ly 1kEEEVi","NON","26","5 mai 1988","2. Defenseur","E","Flamengo"
"236","Gabriel Achilier","Equateur","26","21","Equateur","22","Reinaldo Rueda","Equateur","2-juin","29","http:  bit.ly 1kEEEVi","OUI","26","24 mars 1985","2. Defenseur","E","Emelec"
"355","Jorge Guagua","Equateur","26","2","Equateur","58","Reinaldo Rueda","Equateur","2-juin","32","http:  bit.ly 1kEEEVi","OUI","26","28 septembre 1981","2. Defenseur","E","Emelec"
"370","Juan Carlos Paredes","Equateur","26","4","Equateur","37","Reinaldo Rueda","Equateur","2-juin","26","http:  bit.ly 1kEEEVi","OUI","26","8 juillet 1987","2. Defenseur","E","Barcelona"
"549","oscar Bagi","Equateur","26","18","Equateur","21","Reinaldo Rueda","Equateur","2-juin","31","http:  bit.ly 1kEEEVi","OUI","26","10 dcembre 1982","2. Defenseur","E","Emelec"
"710","Walter Ayovi","Equateur","26","10","Mexique","89","Reinaldo Rueda","Equateur","2-juin","34","http:  bit.ly 1kEEEVi","NON","26","11 aot 1979","2. Defenseur","E","Pachuca"
"61","Antonio Valencia (c)","Equateur","26","16","Angleterre","70","Reinaldo Rueda","Equateur","2-juin","28","http:  bit.ly 1kEEEVi","NON","26","4 aot 1985","3. Milieu","E","Manchester United"
"102","Carlos Gruezo","Equateur","26","23","Allemagne","2","Reinaldo Rueda","Equateur","2-juin","19","http:  bit.ly 1kEEEVi","NON","26","19 avril 1995","3. Milieu","E","VfB Stuttgart"
"120","Christian Noboa","Equateur","26","6","Russie","41","Reinaldo Rueda","Equateur","2-juin","29","http:  bit.ly 1kEEEVi","NON","26","9 avril 1985","3. Milieu","E","Dynamo Moscow"
"186","Edison Mendez","Equateur","26","8","Colombie","109","Reinaldo Rueda","Equateur","2-juin","35","http:  bit.ly 1kEEEVi","NON","26","15 mars 1979","3. Milieu","E","Santa Fe"
"227","Fidel Martinez","Equateur","26","20","Mexique","8","Reinaldo Rueda","Equateur","2-juin","24","http:  bit.ly 1kEEEVi","NON","26","15 fvrier 1990","3. Milieu","E","Tijuana"
"326","Jefferson Montero","Equateur","26","7","Mexique","39","Reinaldo Rueda","Equateur","2-juin","24","http:  bit.ly 1kEEEVi","NON","26","1 septembre 1989","3. Milieu","E","Morelia"
"336","Joao Rojas","Equateur","26","9","Mexique","29","Reinaldo Rueda","Equateur","2-juin","24","http:  bit.ly 1kEEEVi","NON","26","14 juin 1989","3. Milieu","E","Cruz Azul"
"431","Luis Saritama","Equateur","26","19","Equateur","48","Reinaldo Rueda","Equateur","2-juin","30","http:  bit.ly 1kEEEVi","OUI","26","20 octobre 1983","3. Milieu","E","Barcelona"
"502","Michael Arroyo","Equateur","26","15","Mexique","20","Reinaldo Rueda","Equateur","2-juin","27","http:  bit.ly 1kEEEVi","NON","26","23 avril 1987","3. Milieu","E","Atlante"
"593","Renato Ibarra","Equateur","26","5","Pays-Bas","17","Reinaldo Rueda","Equateur","2-juin","23","http:  bit.ly 1kEEEVi","NON","26","20 janvier 1991","3. Milieu","E","Vitesse"
"634","Segundo Castillo","Equateur","26","14","Arabie Saoudite","81","Reinaldo Rueda","Equateur","2-juin","32","http:  bit.ly 1kEEEVi","NON","26","15 mai 1982","3. Milieu","E","Al-Hilal"
"200","Enner Valencia","Equateur","26","13","Mexique","9","Reinaldo Rueda","Equateur","2-juin","25","http:  bit.ly 1kEEEVi","NON","26","11 avril 1989","4. Attaquant","E","Pachuca"
"221","Felipe Caicedo","Equateur","26","11","EAU","49","Reinaldo Rueda","Equateur","2-juin","25","http:  bit.ly 1kEEEVi","NON","26","5 septembre 1988","4. Attaquant","E","Al-Jazira"
"307","Jaime Ayovi","Equateur","26","17","Mexique","30","Reinaldo Rueda","Equateur","2-juin","26","http:  bit.ly 1kEEEVi","NON","26","21 fvrier 1988","4. Attaquant","E","Tijuana"
"289","Hugo Lloris (c)","France","35","1","Angleterre","56","Didier Deschamps","France","13-mai","27","http:  bit.ly 1kEEEVi","NON","17","26 dcembre 1986","1. Gardien","E","Tottenham Hotspur"
"511","Mickael Landreau","France","35","23","France","11","Didier Deschamps","France","13-mai","35","http:  bit.ly 1kEEEVi","OUI","17","14 mai 1979","1. Gardien","E","Bastia"
"662","Stephane Ruffier","France","35","16","France","2","Didier Deschamps","France","13-mai","27","http:  bit.ly 1kEEEVi","OUI","17","27 septembre 1986","1. Gardien","E","Saint-etienne"
"77","Bacary Sagna","France","35","15","Angleterre","40","Didier Deschamps","France","13-mai","31","http:  bit.ly 1kEEEVi","NON","17","14 fvrier 1983","2. Defenseur","E","Arsenal"
"195","Eliaquim Mangala","France","35","13","Portugal","3","Didier Deschamps","France","13-mai","23","http:  bit.ly 1kEEEVi","NON","17","13 fvrier 1991","2. Defenseur","E","Porto"
"411","Laurent Koscielny","France","35","21","Angleterre","17","Didier Deschamps","France","13-mai","28","http:  bit.ly 1kEEEVi","NON","17","10 septembre 1985","2. Defenseur","E","Arsenal"
"427","Lucas Digne","France","35","17","France","2","Didier Deschamps","France","13-mai","20","http:  bit.ly 1kEEEVi","OUI","17","20 juillet 1993","2. Defenseur","E","Paris Saint-Germain"
"442","Mamadou Sakho","France","35","5","Angleterre","18","Didier Deschamps","France","13-mai","24","http:  bit.ly 1kEEEVi","NON","17","13 fvrier 1990","2. Defenseur","E","Liverpool"
"475","Mathieu Debuchy","France","35","2","Angleterre","20","Didier Deschamps","France","13-mai","28","http:  bit.ly 1kEEEVi","NON","17","28 juillet 1985","2. Defenseur","E","Newcastle United"
"562","Patrice Evra","France","35","3","Angleterre","57","Didier Deschamps","France","13-mai","33","http:  bit.ly 1kEEEVi","NON","17","15 mai 1981","2. Defenseur","E","Manchester United"
"588","Raphael Varane","France","35","4","Espagne","5","Didier Deschamps","France","13-mai","21","http:  bit.ly 1kEEEVi","NON","17","25 avril 1993","2. Defenseur","E","Real Madrid"
"58","Antoine Griezmann","France","35","11","Espagne","3","Didier Deschamps","France","13-mai","23","http:  bit.ly 1kEEEVi","NON","17","21 mars 1991","3. Milieu","E","Real Sociedad"
"88","Blaise Matuidi","France","35","14","France","22","Didier Deschamps","France","13-mai","27","http:  bit.ly 1kEEEVi","OUI","17","9 avril 1987","3. Milieu","E","Paris Saint-Germain"
"126","Morgan Schneiderlin","France","35","22","Angleterre","1","Didier Deschamps","France","6-juin","24","http:  bit.ly 1kEEEVi","NON","17","8 novembre 1989","3. Milieu","E","Southampton"
"230","Remy Cabella","France","35","7","France","1","Didier Deschamps","France","6-juin","24","http:  bit.ly 1kEEEVi","OUI","17","8 mars 1990","3. Milieu","E","Montpellier"
"476","Mathieu Valbuena","France","35","8","France","33","Didier Deschamps","France","13-mai","29","http:  bit.ly 1kEEEVi","OUI","17","28 septembre 1984","3. Milieu","E","Marseille"
"524","Moussa Sissoko","France","35","18","Angleterre","16","Didier Deschamps","France","13-mai","24","http:  bit.ly 1kEEEVi","NON","17","16 aot 1989","3. Milieu","E","Newcastle United"
"565","Paul Pogba","France","35","19","Italie","10","Didier Deschamps","France","13-mai","21","http:  bit.ly 1kEEEVi","NON","17","15 mars 1993","3. Milieu","E","Juventus"
"602","Rio Mavuba","France","35","12","France","11","Didier Deschamps","France","13-mai","30","http:  bit.ly 1kEEEVi","OUI","17","8 mars 1984","3. Milieu","E","Lille"
"728","Yohan Cabaye","France","35","6","France","29","Didier Deschamps","France","13-mai","28","http:  bit.ly 1kEEEVi","OUI","17","14 janvier 1986","3. Milieu","E","Paris Saint-Germain"
"383","Karim Benzema","France","35","10","Espagne","65","Didier Deschamps","France","13-mai","26","http:  bit.ly 1kEEEVi","NON","17","19 dcembre 1987","4. Attaquant","E","Real Madrid"
"423","Loec Remy","France","35","20","Angleterre","24","Didier Deschamps","France","13-mai","27","http:  bit.ly 1kEEEVi","NON","17","2 janvier 1987","4. Attaquant","E","Newcastle United"
"544","Olivier Giroud","France","35","9","Angleterre","29","Didier Deschamps","France","13-mai","27","http:  bit.ly 1kEEEVi","NON","17","30 septembre 1986","4. Attaquant","E","Arsenal"
"176","Donis Escober","Honduras","26","22","Honduras","26","Luis Fernando Suarez","Colombie","5-mai","34","http:  bit.ly 1kEEEVi","OUI","33","3 fvrier 1980","1. Gardien","E","Olimpia"
"429","Luis Lopez","Honduras","26","1","Honduras","0","Luis Fernando Suarez","Colombie","5-mai","20","http:  bit.ly 1kEEEVi","OUI","33","13 septembre 1993","1. Gardien","E","Real Espana"
"537","Noel Valladares (c)","Honduras","26","18","Honduras","121","Luis Fernando Suarez","Colombie","5-mai","37","http:  bit.ly 1kEEEVi","OUI","33","3 mai 1977","1. Gardien","E","Olimpia"
"93","Brayan Beckeles","Honduras","26","23","Honduras","22","Luis Fernando Suarez","Colombie","5-mai","28","http:  bit.ly 1kEEEVi","OUI","33","28 novembre 1985","2. Defenseur","E","Olimpia"
"196","Emilio Izaguirre","Honduras","26","7","Ecosse","67","Luis Fernando Suarez","Colombie","5-mai","28","http:  bit.ly 1kEEEVi","NON","33","10 mai 1986","2. Defenseur","E","Celtic"
"369","Juan Carlos Garcia","Honduras","26","6","Angleterre","33","Luis Fernando Suarez","Colombie","5-mai","26","http:  bit.ly 1kEEEVi","NON","33","8 mars 1988","2. Defenseur","E","Wigan Athletic"
"374","Juan Pablo Montes","Honduras","26","4","Honduras","11","Luis Fernando Suarez","Colombie","5-mai","28","http:  bit.ly 1kEEEVi","OUI","33","26 octobre 1985","2. Defenseur","E","Motagua"
"495","Maynor Figueroa","Honduras","26","3","Angleterre","104","Luis Fernando Suarez","Colombie","5-mai","31","http:  bit.ly 1kEEEVi","NON","33","2 mai 1983","2. Defenseur","E","Hull City"
"552","Osman Chavez","Honduras","26","2","Chine","54","Luis Fernando Suarez","Colombie","5-mai","29","http:  bit.ly 1kEEEVi","NON","33","29 juillet 1984","2. Defenseur","E","Qingdao Jonoon"
"700","Victor Bernardez","Honduras","26","5","Etats-Unis","77","Luis Fernando Suarez","Colombie","5-mai","32","http:  bit.ly 1kEEEVi","NON","33","24 mai 1982","2. Defenseur","E","San Jose Earthquakes"
"53","Andy Najar","Honduras","26","21","Belgique","16","Luis Fernando Suarez","Colombie","5-mai","21","http:  bit.ly 1kEEEVi","NON","33","16 mars 1993","3. Milieu","E","Anderlecht"
"178","Edder Delgado","Honduras","26","12","Honduras","25","Luis Fernando Suarez","Colombie","5-mai","27","http:  bit.ly 1kEEEVi","OUI","33","20 novembre 1986","3. Milieu","E","Real Espana"
"353","Jorge Claros","Honduras","26","20","Honduras","48","Luis Fernando Suarez","Colombie","5-mai","28","http:  bit.ly 1kEEEVi","OUI","33","8 janvier 1986","3. Milieu","E","Motagua"
"428","Luis Garrido","Honduras","26","19","Honduras","19","Luis Fernando Suarez","Colombie","5-mai","23","http:  bit.ly 1kEEEVi","OUI","33","5 novembre 1990","3. Milieu","E","Olimpia"
"459","Mario Martinez","Honduras","26","10","Honduras","35","Luis Fernando Suarez","Colombie","5-mai","24","http:  bit.ly 1kEEEVi","OUI","33","30 juillet 1989","3. Milieu","E","Real Espana"
"467","Marvin Chavez","Honduras","26","17","Etats-Unis","41","Luis Fernando Suarez","Colombie","5-mai","30","http:  bit.ly 1kEEEVi","NON","33","3 novembre 1983","3. Milieu","E","Chivas USA"
"551","oscar Garcia","Honduras","26","14","Etats-Unis","92","Luis Fernando Suarez","Colombie","5-mai","29","http:  bit.ly 1kEEEVi","NON","33","4 septembre 1984","3. Milieu","E","Houston Dynamo"
"607","Roger Espinoza","Honduras","26","15","Angleterre","41","Luis Fernando Suarez","Colombie","5-mai","27","http:  bit.ly 1kEEEVi","NON","33","25 octobre 1986","3. Milieu","E","Wigan Athletic"
"718","Wilson Palacios","Honduras","26","8","Angleterre","94","Luis Fernando Suarez","Colombie","5-mai","29","http:  bit.ly 1kEEEVi","NON","33","29 juillet 1984","3. Milieu","E","Stoke City"
"99","Carlo Costly","Honduras","26","13","Honduras","69","Luis Fernando Suarez","Colombie","5-mai","31","http:  bit.ly 1kEEEVi","OUI","33","18 juillet 1982","4. Attaquant","E","Real Espana"
"330","Jerry Bengtson","Honduras","26","11","Etats-Unis","43","Luis Fernando Suarez","Colombie","5-mai","27","http:  bit.ly 1kEEEVi","NON","33","8 avril 1987","4. Attaquant","E","New Angleterre Revolution"
"331","Jerry Palacios","Honduras","26","9","Costa Rica","23","Luis Fernando Suarez","Colombie","5-mai","32","http:  bit.ly 1kEEEVi","NON","33","1 novembre 1981","4. Attaquant","E","Alajuelense"
"614","Rony Martinez","Honduras","26","16","Honduras","12","Luis Fernando Suarez","Colombie","5-mai","25","http:  bit.ly 1kEEEVi","OUI","33","16 octobre 1988","4. Attaquant","E","Real Sociedad"
"162","Diego Benaglio","Suisse","32","1","Allemagne","56","Ottmar Hitzfeld","Allemagne","13-mai","30","http:  bit.ly 1kEEEVi","NON","6","8 septembre 1983","1. Gardien","E","VfL Wolfsburg"
"608","Roman Brki","Suisse","32","21","Suisse","0","Ottmar Hitzfeld","Allemagne","13-mai","23","http:  bit.ly 1kEEEVi","OUI","6","14 novembre 1990","1. Gardien","E","Grasshopper"
"723","Yann Sommer","Suisse","32","12","Suisse","6","Ottmar Hitzfeld","Allemagne","13-mai","25","http:  bit.ly 1kEEEVi","OUI","6","17 dcembre 1988","1. Gardien","E","Basel"
"214","Fabian Schr","Suisse","32","22","Suisse","5","Ottmar Hitzfeld","Allemagne","13-mai","22","http:  bit.ly 1kEEEVi","OUI","6","20 dcembre 1991","2. Defenseur","E","Basel"
"341","Johan Djourou","Suisse","32","20","Allemagne","44","Ottmar Hitzfeld","Allemagne","13-mai","27","http:  bit.ly 1kEEEVi","NON","6","18 janvier 1987","2. Defenseur","E","Hamburger SV"
"507","Michael Lang","Suisse","32","6","Suisse","5","Ottmar Hitzfeld","Allemagne","13-mai","23","http:  bit.ly 1kEEEVi","OUI","6","8 fvrier 1991","2. Defenseur","E","Grasshopper"
"577","Philippe Senderos","Suisse","32","4","Espagne","53","Ottmar Hitzfeld","Allemagne","13-mai","29","http:  bit.ly 1kEEEVi","NON","6","14 fvrier 1985","2. Defenseur","E","Valencia"
"594","Reto Ziegler","Suisse","32","3","Italie","35","Ottmar Hitzfeld","Allemagne","13-mai","28","http:  bit.ly 1kEEEVi","NON","6","16 janvier 1986","2. Defenseur","E","Sassuolo"
"600","Ricardo Rodriguez","Suisse","32","13","Allemagne","20","Ottmar Hitzfeld","Allemagne","13-mai","21","http:  bit.ly 1kEEEVi","NON","6","25 aot 1992","2. Defenseur","E","VfL Wolfsburg"
"660","Stephan Lichtsteiner","Suisse","32","2","Italie","62","Ottmar Hitzfeld","Allemagne","13-mai","30","http:  bit.ly 1kEEEVi","NON","6","16 janvier 1984","2. Defenseur","E","Juventus"
"663","Steve von Bergen","Suisse","32","5","Suisse","40","Ottmar Hitzfeld","Allemagne","13-mai","30","http:  bit.ly 1kEEEVi","OUI","6","10 juin 1983","2. Defenseur","E","Young Boys"
"89","Blerim Dzemaili","Suisse","32","15","Italie","33","Ottmar Hitzfeld","Allemagne","13-mai","28","http:  bit.ly 1kEEEVi","NON","6","12 avril 1986","3. Milieu","E","Napoli"
"241","Gelson Fernandes","Suisse","32","16","Allemagne","47","Ottmar Hitzfeld","Allemagne","13-mai","27","http:  bit.ly 1kEEEVi","NON","6","2 septembre 1986","3. Milieu","E","SC Freiburg"
"260","Gkhan Inler (c)","Suisse","32","8","Italie","71","Ottmar Hitzfeld","Allemagne","13-mai","29","http:  bit.ly 1kEEEVi","NON","6","27 juin 1984","3. Milieu","E","Napoli"
"266","Granit Xhaka","Suisse","32","10","Allemagne","25","Ottmar Hitzfeld","Allemagne","13-mai","21","http:  bit.ly 1kEEEVi","NON","6","27 septembre 1992","3. Milieu","E","Borussia Mnchengladbach"
"689","Tranquillo Barnetta","Suisse","32","7","Allemagne","73","Ottmar Hitzfeld","Allemagne","13-mai","29","http:  bit.ly 1kEEEVi","NON","6","22 mai 1985","3. Milieu","E","Eintracht Frankfurt"
"692","Valentin Stocker","Suisse","32","14","Suisse","23","Ottmar Hitzfeld","Allemagne","13-mai","25","http:  bit.ly 1kEEEVi","OUI","6","12 avril 1989","3. Milieu","E","Basel"
"693","Valon Behrami","Suisse","32","11","Italie","47","Ottmar Hitzfeld","Allemagne","13-mai","29","http:  bit.ly 1kEEEVi","NON","6","19 avril 1985","3. Milieu","E","Napoli"
"721","Xherdan Shaqiri","Suisse","32","23","Allemagne","32","Ottmar Hitzfeld","Allemagne","13-mai","22","http:  bit.ly 1kEEEVi","NON","6","10 octobre 1991","3. Milieu","E","Bayern Munich"
"7","Admir Mehmedi","Suisse","32","18","Allemagne","20","Ottmar Hitzfeld","Allemagne","13-mai","23","http:  bit.ly 1kEEEVi","NON","6","16 mars 1991","4. Attaquant","E","SC Freiburg"
"271","Haris Seferovic","Suisse","32","9","Espagne","10","Ottmar Hitzfeld","Allemagne","13-mai","22","http:  bit.ly 1kEEEVi","NON","6","22 fvrier 1992","4. Attaquant","E","Real Sociedad"
"366","Josip Drmic","Suisse","32","19","Allemagne","6","Ottmar Hitzfeld","Allemagne","13-mai","21","http:  bit.ly 1kEEEVi","NON","6","8 aot 1992","4. Attaquant","E","1. FC Nrnberg"
"456","Mario Gavranovic","Suisse","32","17","Suisse","10","Ottmar Hitzfeld","Allemagne","13-mai","24","http:  bit.ly 1kEEEVi","OUI","6","24 novembre 1989","4. Attaquant","E","Zrich"
"13","Agustin Orion","Argentine","44","12","Argentine","3","Alejandro Sabella","Argentine","2-juin","32","http:  bit.ly 1kEEIoe","OUI","5","26 juillet 1981","1. Gardien","F","Boca Juniors"
"454","Mariano Andujar","Argentine","44","21","Italie","10","Alejandro Sabella","Argentine","2-juin","30","http:  bit.ly 1kEEIoe","NON","5","30 juillet 1983","1. Gardien","F","Catania"
"645","Sergio Romero","Argentine","44","1","France","45","Alejandro Sabella","Argentine","2-juin","27","http:  bit.ly 1kEEIoe","NON","5","22 fvrier 1987","1. Gardien","F","Monaco"
"210","Ezequiel Garay","Argentine","44","2","Portugal","18","Alejandro Sabella","Argentine","2-juin","27","http:  bit.ly 1kEEIoe","NON","5","10 octobre 1986","2. Defenseur","F","Benfica"
"220","Federico Fernandez","Argentine","44","17","Italie","24","Alejandro Sabella","Argentine","2-juin","25","http:  bit.ly 1kEEIoe","NON","5","21 fvrier 1989","2. Defenseur","F","Napoli"
"288","Hugo Campagnaro","Argentine","44","3","Italie","13","Alejandro Sabella","Argentine","2-juin","33","http:  bit.ly 1kEEIoe","NON","5","27 juin 1980","2. Defenseur","F","Internazionale"
"360","Jose Maria Basanta","Argentine","44","23","Mexique","8","Alejandro Sabella","Argentine","2-juin","30","http:  bit.ly 1kEEIoe","NON","5","3 avril 1984","2. Defenseur","F","Monterrey"
"453","Marcos Rojo","Argentine","44","16","Portugal","20","Alejandro Sabella","Argentine","2-juin","24","http:  bit.ly 1kEEIoe","NON","5","20 mars 1990","2. Defenseur","F","Sporting"
"465","Martin Demichelis","Argentine","44","15","Angleterre","37","Alejandro Sabella","Argentine","2-juin","33","http:  bit.ly 1kEEIoe","NON","5","20 dcembre 1980","2. Defenseur","F","Manchester City"
"555","Pablo Zabaleta","Argentine","44","4","Angleterre","36","Alejandro Sabella","Argentine","2-juin","29","http:  bit.ly 1kEEIoe","NON","5","16 janvier 1985","2. Defenseur","F","Manchester City"
"55","angel di Maria","Argentine","44","7","Espagne","45","Alejandro Sabella","Argentine","2-juin","26","http:  bit.ly 1kEEIoe","NON","5","14 fvrier 1988","3. Milieu","F","Real Madrid"
"71","Augusto Fernandez","Argentine","44","13","Espagne","7","Alejandro Sabella","Argentine","2-juin","28","http:  bit.ly 1kEEIoe","NON","5","10 avril 1986","3. Milieu","F","Celta Vigo"
"201","Enzo Perez","Argentine","44","8","Portugal","5","Alejandro Sabella","Argentine","2-juin","28","http:  bit.ly 1kEEIoe","NON","5","22 fvrier 1986","3. Milieu","F","Benfica"
"224","Fernando Gago","Argentine","44","5","Argentine","47","Alejandro Sabella","Argentine","2-juin","28","http:  bit.ly 1kEEIoe","OUI","5","10 avril 1986","3. Milieu","F","Boca Juniors"
"321","Javier Mascherano","Argentine","44","14","Espagne","96","Alejandro Sabella","Argentine","2-juin","29","http:  bit.ly 1kEEIoe","NON","5","8 juin 1984","3. Milieu","F","Barcelona"
"426","Lucas Biglia","Argentine","44","6","Italie","16","Alejandro Sabella","Argentine","2-juin","28","http:  bit.ly 1kEEIoe","NON","5","30 janvier 1986","3. Milieu","F","Lazio"
"490","Maxi Rodriguez","Argentine","44","11","Argentine","53","Alejandro Sabella","Argentine","2-juin","33","http:  bit.ly 1kEEIoe","OUI","5","2 janvier 1981","3. Milieu","F","Newell's Old Boys"
"598","Ricardo alvarez","Argentine","44","19","Italie","5","Alejandro Sabella","Argentine","2-juin","26","http:  bit.ly 1kEEIoe","NON","5","12 avril 1988","3. Milieu","F","Internazionale"
"211","Ezequiel Lavezzi","Argentine","44","22","France","29","Alejandro Sabella","Argentine","2-juin","29","http:  bit.ly 1kEEIoe","NON","5","3 mai 1985","4. Attaquant","F","Paris Saint-Germain"
"261","Gonzalo Higuain","Argentine","44","9","Italie","36","Alejandro Sabella","Argentine","2-juin","26","http:  bit.ly 1kEEIoe","NON","5","10 dcembre 1987","4. Attaquant","F","Napoli"
"421","Lionel Messi (c)","Argentine","44","10","Espagne","84","Alejandro Sabella","Argentine","2-juin","26","http:  bit.ly 1kEEIoe","NON","5","24 juin 1987","4. Attaquant","F","Barcelona"
"606","Rodrigo Palacio","Argentine","44","18","Italie","15","Alejandro Sabella","Argentine","2-juin","32","http:  bit.ly 1kEEIoe","NON","5","5 fvrier 1982","4. Attaquant","F","Internazionale"
"642","Sergio Agero","Argentine","44","20","Angleterre","50","Alejandro Sabella","Argentine","2-juin","26","http:  bit.ly 1kEEIoe","NON","5","2 juin 1988","4. Attaquant","F","Manchester City"
"68","Asmir Avdukic","Bosnie-Herzegovine","26","22","Bosnie-Herzegovine","3","Safet Susic","Bosnie-Herzegovine","2-juin","33","http:  bit.ly 1kEEIoe","OUI","21","13 mai 1981","1. Gardien","F","and Herzegovina Borac Banja"
"69","Asmir Begovic","Bosnie-Herzegovine","26","1","Angleterre","30","Safet Susic","Bosnie-Herzegovine","2-juin","26","http:  bit.ly 1kEEIoe","NON","21","20 juin 1987","1. Gardien","F","Stoke City"
"314","Jasmin Fejzic","Bosnie-Herzegovine","26","12","Allemagne","0","Safet Susic","Bosnie-Herzegovine","2-juin","28","http:  bit.ly 1kEEIoe","NON","21","15 mai 1986","1. Gardien","F","VfR Aalen"
"74","Avdija Vrsajevic","Bosnie-Herzegovine","26","2","Croatie","13","Safet Susic","Bosnie-Herzegovine","2-juin","28","http:  bit.ly 1kEEIoe","NON","21","6 mars 1986","2. Defenseur","F","Hajduk Split"
"197","Emir Spahic (c)","Bosnie-Herzegovine","26","4","Allemagne","74","Safet Susic","Bosnie-Herzegovine","2-juin","33","http:  bit.ly 1kEEIoe","NON","21","18 aot 1980","2. Defenseur","F","Bayer Leverkusen"
"203","Ermin Bicakcic","Bosnie-Herzegovine","26","3","Allemagne","7","Safet Susic","Bosnie-Herzegovine","2-juin","24","http:  bit.ly 1kEEIoe","NON","21","24 janvier 1990","2. Defenseur","F","Eintracht Braunschweig"
"500","Mensur Mujdza","Bosnie-Herzegovine","26","13","Allemagne","24","Safet Susic","Bosnie-Herzegovine","2-juin","30","http:  bit.ly 1kEEIoe","NON","21","28 mars 1984","2. Defenseur","F","SC Freiburg"
"525","Muhamed Besic","Bosnie-Herzegovine","26","7","Hongrie","9","Safet Susic","Bosnie-Herzegovine","2-juin","21","http:  bit.ly 1kEEIoe","NON","21","10 septembre 1992","2. Defenseur","F","Ferencvaros"
"539","Ognjen Vranjes","Bosnie-Herzegovine","26","6","Turquie","13","Safet Susic","Bosnie-Herzegovine","2-juin","24","http:  bit.ly 1kEEIoe","NON","21","24 octobre 1989","2. Defenseur","F","Elazspor"
"632","Sead Kolasinac","Bosnie-Herzegovine","26","5","Allemagne","4","Safet Susic","Bosnie-Herzegovine","2-juin","20","http:  bit.ly 1kEEIoe","NON","21","20 juin 1993","2. Defenseur","F","Schalke 4"
"687","Toni sunjic","Bosnie-Herzegovine","26","15","Ukraine","7","Safet Susic","Bosnie-Herzegovine","2-juin","25","http:  bit.ly 1kEEIoe","NON","21","15 dcembre 1988","2. Defenseur","F","Zorya Luhansk"
"54","Anel Hadzic","Bosnie-Herzegovine","26","20","Autriche","2","Safet Susic","Bosnie-Herzegovine","2-juin","24","http:  bit.ly 1kEEIoe","NON","21","16 aot 1989","3. Milieu","F","Sturm Graz"
"270","Haris Medunjanin","Bosnie-Herzegovine","26","18","Turquie","35","Safet Susic","Bosnie-Herzegovine","2-juin","29","http:  bit.ly 1kEEIoe","NON","21","8 mars 1985","3. Milieu","F","Gaziantepspor"
"304","Izet Hajrovic","Bosnie-Herzegovine","26","14","Turquie","7","Safet Susic","Bosnie-Herzegovine","2-juin","22","http:  bit.ly 1kEEIoe","NON","21","4 aot 1991","3. Milieu","F","Galatasaray"
"518","Miralem Pjanic","Bosnie-Herzegovine","26","8","Italie","48","Safet Susic","Bosnie-Herzegovine","2-juin","24","http:  bit.ly 1kEEIoe","NON","21","2 avril 1990","3. Milieu","F","Roma"
"635","Sejad Salihovic","Bosnie-Herzegovine","26","23","Allemagne","42","Safet Susic","Bosnie-Herzegovine","2-juin","29","http:  bit.ly 1kEEIoe","NON","21","8 octobre 1984","3. Milieu","F","1899 Hoffenheim"
"636","Senad Lulic","Bosnie-Herzegovine","26","16","Italie","33","Safet Susic","Bosnie-Herzegovine","2-juin","28","http:  bit.ly 1kEEIoe","NON","21","18 janvier 1986","3. Milieu","F","Lazio"
