"rare","shooting","speed","dribbling","diving","heading","name","position","pace","positioning","defending","foot","passing","kicking","height","handling","rating","reflexes","id"
"0","65","35","59","70","62","Gbor Kirly","GK","61","66","62","Right","63","63","191","66","69","74","1001"
"0","54","41","53","65","74","Frederik Boi","M","65","62","55","Right","43","55","184","62","65","67","100143"
"0","38","60","46","62","71","Tomasz Szewczuk","A","68","64","64","Right","51","62","185","68","57","65","100264"
"0","64","31","72","46","66","Steeve Joseph-Reinette","D","75","61","57","Left","67","76","180","65","63","71","100325"
"0","37","61","43","72","82","Kamel Chafni","M","50","73","76","Right","47","59","181","64","72","73","100326"
"1","60","55","61","62","60","Abdoulaye Faye","D","53","66","64","Right","65","59","187","63","72","69","100329"
"0","58","50","64","69","56","Jos Saez","M","76","75","63","Right","67","66","170","71","67","70","100330"
"0","52","41","65","67","53","Laurent Delorge","M","62","64","56","Right","66","62","179","64","67","70","100391"
"1","65","50","55","78","77","David Noble","M","34","73","56","Right","55","62","183","72","64","81","100521"
"1","54","49","47","69","48","Dominic Foley","A","61","64","60","Left","60","54","186","66","62","72","100522"
"0","65","45","63","72","69","Brian Barry-Murphy","M","53","68","70","Left","68","66","185","71","60","76","100557"
"0","60","45","51","74","64","Paul McKenna","M","51","72","54","Right","49","60","170","67","68","74","100559"
"0","63","50","49","81","72","Pawe Abbott","A","56","74","62","Right","53","78","187","73","59","84","100574"
"1","72","54","60","57","69","Richard Cresswell","A","64","60","48","Right","51","64","183","60","66","66","100578"
"0","55","40","63","74","72","David Healy","A","59","62","80","Right","64","75","173","62","69","77","100580"
"1","26","60","40","61","57","Dickson Etuhu","M","47","60","62","Right","39","57","188","64","75","65","100585"
"0","65","60","78","75","52","Ashley Westwood","D","72","76","54","Right","59","74","183","73","54","80","100670"
"0","27","45","36","67","68","Paul Ifill","A","48","68","65","Right","38","66","180","68","70","72","100701"
"0","60","41","66","77","59","David Artell","D","52","77","63","Right","66","69","188","77","59","79","100707"
"1","48","49","53","74","55","Martin Rowlands","M","53","64","62","Right","60","63","175","66","64","75","100743"
"1","32","60","46","83","63","Paul Smith","GK","67","91","59","Right","46","78","193","81","64","84","100745"
"0","58","47","65","57","66","Kevin O'Connor","D","69","60","59","Right","66","58","180","68","59","66","100751"
"0","54","51","65","64","66","Stephen Hunt","D","34","65","68","Left","61","58","185","65","56","69","100756"
"1","53","27","60","73","70","Jay Tabb","M","61","74","68","Left","61","73","170","69","63","70","100758"
"0","57","51","71","76","64","Brynjar Gunnarsson","M","55","71","73","Right","71","70","183","73","61","83","100792"
"0","19","51","46","70","67","James O'Connor","M","61","74","65","Right","48","65","173","70","63","72","100798"
"0","74","50","80","65","60","Karl Henry","M","79","67","48","Right","73","55","185","63","71","70","100803"
"0","31","30","38","66","78","Gareth Owen","D","45","64","69","Left","45","63","185","60","62","51","100804"
"0","32","52","35","78","67","Kris Commons","M","70","74","66","Left","33","68","168","77","75","78","100806"
"0","42","54","38","65","80","Stefanos Kotsolis","GK","41","64","80","Right","46","67","190","65","65","66","100807"
"0","60","55","64","77","63","Louis Carey","D","69","68","53","Right","59","69","178","72","67","79","100889"
"1","70","43","73","78","74","Steve Phillips","GK","68","68","56","Right","70","78","185","75","61","69","100899"
"0","79","41","73","66","69","Danny Coles","D","60","57","62","Right","74","55","185","60","62","64","100907"
"1","47","42","57","74","58","Sotirios Kyrgiakos","D","71","76","63","Right","60","69","193","79","76","77","100932"
"0","70","51","74","72","63","Monsef Zerka","M","64","75","57","Right","72","64","183","68","63","68","100954"
"1","52","47","71","57","55","Romain Poyet","A","65","75","45","Right","58","60","184","68","72","61","100964"
"1","75","48","72","80","74","David Hellebuyck","M","60","72","56","Left","58","82","178","69","72","79","100987"
"0","62","59","73","77","71","Nicol Consolini","D","79","76","72","Right","73","61","180","72","63","72","101160"
"1","77","66","80","82","77","Neca","M","79","70","54","Right","62","65","177","78","73","79","101225"
"0","66","35","67","62","86","Oka Nikolov","GK","57","63","63","Right","38","63","188","65","70","60","101282"
"1","40","65","48","78","73","Rolf-Christel Gui-Mien","M","54","75","73","Right","54","74","177","70","64","81","101286"
"0","62","44","61","87","63","Michael Ratajczak","GK","72","75","55","Right","49","66","187","79","65","92","101317"
"0","45","56","53","69","65","Ivan Klasni","A","65","72","67","Left","52","63","186","65","75","72","10133"
"1","54","50","61","76","70","Clemens Fritz","D","67","68","70","Right","68","77","183","74","74","75","101336"
"0","70","56","75","59","53","Otto Fredrikson","GK","48","62","58","Right","78","55","189","65","70","61","101344"
"0","41","44","41","73","60","Cacau","A","51","72","73","Right","51","66","179","68","78","74","101378"
"0","60","45","59","74","74","Sascha Kirschstein","GK","56","68","73","Right","64","73","196","70","66","73","101411"
"0","32","64","44","71","54","Tomasz Kuszczak","GK","55","68","65","Right","49","74","190","67","75","78","101473"
"0","58","48","68","59","64","Timo Ochs","GK","68","68","67","Right","66","56","189","62","67","66","101482"
"1","35","57","65","77","65","Daniel Haas","GK","53","84","69","Right","60","75","188","86","71","82","101488"
"1","50","58","62","81","63","Conor Casey","A","61","77","64","Right","61","71","188","73","70","80","101490"
"0","53","56","62","76","56","Mathias Abel","D","69","74","65","Right","58","64","188","71","69","80","101496"
"0","62","44","57","71","68","Giuseppe Greco","A","58","69","67","Left","65","64","182","70","65","74","101590"
"0","34","50","27","67","70","Peter Schyrba","D","65","62","70","Right","42","67","185","52","61","73","101652"
"0","61","30","71","72","67","Carsten Rothenbach","D","74","72","58","Right","63","69","184","74","68","72","101658"
"1","65","65","71","76","61","Antnio da Silva","M","79","78","64","Left","73","74","178","80","73","72","101689"
"0","46","62","47","80","69","Jens Langeneke","D","60","80","68","Right","50","80","185","75","69","81","101749"
"0","47","35","53","70","65","Goran ukalo","M","65","67","64","Right","58","65","193","65","67","74","101803"
"0","60","46","66","59","61","David McCracken","D","73","69","62","Left","66","60","188","62","60","61","10183"
"0","61","51","71","77","60","Andreas Grlitz","D","61","76","72","Right","71","66","179","72","67","78","101868"
"0","58","51","45","69","76","Markus Miller","GK","57","65","74","Right","61","58","189","63","71","60","101875"
"0","68","62","69","80","57","Robert Green","GK","70","78","57","Right","64","70","188","77","78","82","101880"
"0","59","54","56","85","59","Adam Drury","D","69","86","54","Left","48","65","180","86","65","82","101882"
"0","67","56","72","65","69","Darel Russell","M","68","68","67","Right","74","61","178","60","63","70","101891"
"0","78","52","80","62","59","Dexter Langen","M","62","59","51","Right","82","54","186","61","61","60","101934"
"0","70","50","68","73","45","David Lucas","GK","44","67","57","Left","69","68","188","69","61","75","101997"
"1","63","52","73","72","69","Graham Alexander","M","68","64","66","Right","69","53","180","64","64","71","101999"
"0","34","45","43","77","61","Rob Edwards","D","54","84","66","Right","49","80","185","83","65","82","102001"
"0","28","33","42","68","59","Filip Trojan","M","57","70","61","Left","54","62","172","69","68","71","102021"
"1","78","44","73","65","70","Simone Padoin","M","55","76","59","Right","64","62","179","70","73","74","102056"
"0","67","64","74","76","69","Claudio Terzi","D","81","61","58","Right","64","53","180","68","68","83","102064"
"0","57","37","69","64","60","Marco Pisano","D","72","54","63","Left","68","57","174","61","63","60","102081"
"0","69","62","84","71","47","Luca Belingheri","M","80","65","50","Right","81","71","183","69","67","72","102084"
"0","57","56","45","70","58","Stefano Morrone","M","53","66","63","Right","43","64","178","66","74","73","102088"
"1","52","23","58","65","58","Petri Pasanen","D","69","58","66","Right","61","63","187","52","73","61","102129"
"0","33","50","43","84","69","Stefan Leitl","A","56","81","63","Right","40","67","178","82","68","87","102133"
"1","56","52","46","88","64","Ranisav Jovanovi","A","43","82","45","Left","40","65","193","82","60","86","102293"
"1","70","63","54","80","57","Markus Feulner","M","28","73","59","Right","65","68","181","70","73","85","102356"
"1","49","59","55","68","64","Zvjezdan Misimovi","M","66","57","62","Right","55","56","180","59","81","64","102359"
"1","59","50","65","62","67","Ivica Grli","M","73","61","72","Right","69","60","187","63","64","70","102362"
"0","75","54","81","68","62","Florian Heller","A","65","62","67","Right","84","66","179","66","67","67","102409"
"0","75","57","76","71","64","Matt Hill","D","84","63","66","Left","76","66","173","56","61","72","102587"
"0","43","52","35","69","67","Craig Woodman","D","71","63","73","Left","42","61","175","63","62","70","102593"
"0","75","61","76","66","70","Ruud van Nistelrooy","A","78","63","80","Right","80","72","188","64","80","71","10264"
"1","71","48","66","74","56","Seol Ki Hyeon","A","50","74","68","Right","79","65","187","70","69","77","103133"
"0","48","55","57","63","68","John Oster","M","68","70","68","Right","64","56","175","64","67","68","103307"
"1","59","54","79","74","57","Andrea Cossu","M","63","69","80","Right","80","67","171","63","80","77","103496"
"0","65","35","62","71","74","Marcin Malinowski","M","59","73","61","Right","53","56","179","70","57","71","103578"
"0","65","22","74","66","75","Alan Dunne","D","76","64","53","Right","67","60","180","62","63","59","103581"
"0","60","50","69","79","59","Mark Phillips","D","59","81","55","Right","67","70","188","78","58","84","103582"
"0","68","23","76","64","52","Ben May","A","80","67","53","Left","70","59","185","69","56","68","103585"
"1","57","55","60","70","65","Gerald Sibon","A","75","63","66","Right","62","57","196","59","66","76","103591"
"0","69","32","68","59","68","Nicolas Timmermans","D","70","57","68","Right","71","60","183","63","59","64","103735"
"0","70","58","71","72","44","Jrgen Sumel","M","58","78","54","Left","75","69","184","65","70","77","103933"
"1","43","56","46","76","72","Alberto Aquilani","M","57","75","68","Right","47","67","186","75","81","77","103935"
"0","70","57","80","66","62","Simone Pepe","M","80","51","66","Right","69","52","178","72","78","53","103936"
"0","65","50","53","75","60","Mahamet Diagouraga","D","55","76","63","Right","65","65","188","74","65","80","103996"
"1","62","47","58","77","71","Roberto Carlos","M","56","72","50","Left","36","78","168","73","79","77","1040"
"0","49","47","51","69","57","Sergio Bernardo Almirn","M","50","72","60","Right","54","61","176","68","75","77","104047"
"0","60","39","56","76","63","Philipp Bnig","D","72","74","67","Left","62","68","178","74","67","71","104088"
"1","55","73","58","78","54","Javier Zanetti","M","49","83","55","Right","52","72","178","81","82","85","1041"
"0","75","59","77","81","46","Marius Ebbers","A","76","77","54","Right","73","73","192","79","68","80","104100"
"0","69","50","75","83","65","Benjamin Khler","M","77","81","71","Left","68","65","172","71","71","86","104101"
"0","71","50","70","77","57","Liam Miller","M","67","79","68","Right","79","70","170","79","66","80","104296"
"0","41","64","26","74","65","Rune Almenning Jarstein","GK","33","76","81","Right","49","73","190","73","68","77","104389"
"1","55","50","71","77","83","Chris Burke","M","63","79","75","Right","72","76","175","73","73","69","104442"
"1","72","46","85","74","53","Trond Erik Bertelsen","D","67","82","68","Left","92","65","174","69","64","79","104472"
"0","52","58","60","62","73","Christian Grindheim","M","55","54","77","Right","74","61","179","64","73","61","104476"
"1","75","38","85","61","57","Jrme Rothen","M","91","62","40","Left","72","68","177","60","72","61","1046"
"0","46","64","52","66","62","Benjamin Kibebe","D","61","71","63","Right","58","44","187","69","61","74","10468"
"1","50","35","60","69","70","Daniel Braaten","M","63","70","75","Right","63","69","184","69","73","71","104702"
"1","71","54","71","71","64","David Prutton","M","53","71","72","Right","80","71","185","72","64","70","104732"
"0","76","50","65","73","71","Jack Lester","A","91","75","58","Right","56","60","175","70","64","77","104733"
"0","56","50","54","72","59","Barry Roche","GK","49","80","69","Right","64","60","193","74","62","76","104737"
"0","66","50","75","61","54","Frdric Page","D","75","66","42","Right","64","55","185","62","57","68","10475"
"0","67","50","63","77","70","Sven Mller","M","71","78","59","Right","60","72","191","76","63","81","105113"
"0","50","35","51","64","71","Jean Francois Gillet","GK","74","70","66","Left","57","55","181","65","77","68","105308"
"0","54","48","62","70","82","Lionel Pizzinat","M","65","74","79","Right","67","67","183","61","55","72","105314"
"0","58","52","67","69","66","Jaime Valds","M","54","62","74","Right","70","69","176","62","76","71","105318"
"0","52","45","53","73","52","Richarlyson","M","63","62","64","Left","72","63","176","71","74","66","105327"
"0","61","58","54","71","77","Gaetano D'Agostino","M","65","68","78","Left","64","65","182","70","75","70","105330"
"1","65","53","55","68","69","Moris Carrozzieri","D","60","55","71","Right","65","57","192","56","72","65","105338"
"1","80","62","71","77","67","Patrick Owomoyela","D","62","80","59","Right","52","70","187","78","73","79","105342"
"1","52","42","55","62","67","Xavi","M","51","66","68","Right","64","70","170","70","92","72","10535"
"0","43","50","50","73","68","Grtar Steinsson","D","50","66","67","Right","66","66","189","71","75","75","105430"
"1","63","67","60","70","69","Zoran Toi","M","67","64","61","Left","41","58","171","66","77","71","105454"
"0","69","34","75","83","63","Daniele Martinelli","D","82","91","79","Right","78","65","181","77","63","64","105466"
"0","58","50","63","75","51","Franois-Joseph Modesto","M","69","75","40","Right","50","72","183","75","70","74","105471"
"0","75","54","75","80","91","Daniele Conti","M","72","80","60","Right","62","70","178","78","76","83","105474"
"1","46","42","56","65","62","David Suazo","A","59","71","63","Right","58","60","182","62","76","66","105477"
"0","32","43","45","75","56","Aleksandar Vukovi","M","54","76","77","Right","54","71","186","73","65","75","105530"
"0","60","31","66","61","67","ukasz Zauska","GK","66","62","67","Right","68","56","191","63","69","58","105533"
"0","76","53","74","69","81","Alexander Iashvili","A","62","68","63","Left","70","71","175","68","68","70","105558"
"0","48","55","49","70","63","Dennis Kruppke","M","52","64","66","Right","53","65","179","63","66","72","105663"
"0","63","50","66","77","57","Lars Jungnickel","D","59","70","65","Right","72","73","180","73","65","76","105748"
"0","80","59","84","65","71","Gurpegi","M","82","70","60","Right","70","68","181","67","75","66","105803"
"0","37","43","39","73","73","Luciano Zauri","D","52","77","63","Right","58","68","178","76","72","74","10584"
"0","50","54","61","66","62","Artur Boruc","GK","66","62","74","Right","67","59","193","61","78","74","105846"
"1","56","29","43","75","67","Tomasz Kiebowicz","D","54","70","70","Left","50","64","179","63","64","77","105865"
"0","62","31","74","57","50","Cesare Bovo","D","76","58","49","Right","69","60","181","59","78","64","105866"
"0","32","30","39","71","72","Karel Geraerts","M","41","72","68","Right","60","61","186","60","67","63","105945"
"0","55","45","60","83","68","Adriano","A","64","69","66","Left","63","61","190","69","77","81","106019"
"0","67","52","76","75","61","Dennis Eilhoff","GK","76","74","55","Right","68","68","190","76","69","78","106036"
"0","79","45","84","82","43","Julien Franois","M","56","81","50","Left","82","75","192","80","66","83","106112"
"1","43","50","29","82","77","Andrew Frampton","D","61","74","78","Left","56","92","185","77","63","83","106134"
"1","52","60","63","63","64","Marek Saganowski","A","70","59","75","Right","67","53","178","61","63","54","106202"
"0","78","48","74","66","67","Iraola","D","74","59","73","Right","77","59","182","69","79","60","106213"
"0","61","49","66","75","83","Arriaga","A","76","75","85","Right","61","71","171","70","59","76","106222"
"1","44","53","49","54","71","Aduriz","A","67","51","70","Right","59","54","182","58","79","55","106231"
"0","30","36","41","62","73","ukasz Surma","M","54","65","68","Right","44","62","173","56","60","62","106436"
"1","49","56","46","69","73","Dickson Choto","D","61","62","70","Right","48","65","192","60","68","71","106510"
"0","42","43","43","68","74","Gabri","M","67","63","77","Right","57","67","175","61","68","67","106539"
"0","61","47","70","61","66","Grgory Pujol","A","68","60","68","Right","71","57","183","64","77","61","106560"
"1","52","33","39","61","72","Valds","GK","66","65","69","Right","41","57","183","62","85","62","106573"
"0","70","37","75","80","69","Dani Tortolero","D","76","76","73","Right","76","64","184","78","63","84","106582"
"0","68","59","71","65","66","Giacomo Tedesco","M","76","64","45","Left","63","73","176","64","67","67","106710"
"1","58","31","71","67","73","Gianluca Pegolo","GK","79","61","79","Left","74","52","183","59","62","66","106795"
"1","58","21","64","58","65","Mirko Vuini","A","86","55","67","Right","57","57","186","50","81","61","106850"
"0","53","57","55","78","64","Alberto Comazzi","D","63","75","64","Right","58","75","178","77","61","84","106868"
"0","64","42","68","70","56","Davide Brivio","D","75","72","48","Left","57","62","185","66","70","72","106874"
"0","75","44","72","63","49","Max von Schlebrgge","D","53","69","63","Left","80","63","188","65","70","68","107078"
"0","64","47","73","82","73","Michael Langer","GK","64","72","61","Right","58","75","193","68","65","81","107084"
"1","53","47","55","73","64","Marc Ziegler","GK","70","69","63","Right","51","68","193","61","72","76","107103"
"0","60","60","69","80","56","Fahid Ben Khalfallah","M","82","74","59","Right","63","67","170","79","71","77","107263"
"0","52","25","50","57","69","Benjamin Genton","D","43","55","68","Right","56","59","188","56","66","57","107280"
"0","36","34","57","64","78","Yohann Pel","GK","54","67","83","Right","58","57","196","70","75","69","107298"
"0","58","50","56","60","65","Mickal Tacalfred","D","57","66","67","Right","55","50","175","60","64","68","107305"
"1","62","45","59","72","71","Johan Audel","M","66","68","54","Left","52","67","180","68","73","70","107320"
"1","57","60","57","71","53","Andrea Campagnolo","GK","59","68","41","Right","54","76","184","69","71","74","107494"
"1","51","62","61","71","66","Alessandro Del Piero","A","70","64","65","Right","60","62","173","67","80","72","1075"
"0","82","40","75","68","75","John Mensah","D","87","60","55","Right","74","73","180","66","76","70","107528"
"0","73","60","86","78","62","Federico Agliardi","GK","75","65","49","Right","83","82","190","61","66","81","107579"
"0","74","44","72","67","75","Ren Renno","GK","67","78","57","Right","57","69","186","74","60","69","107634"
"0","70","23","74","77","66","Juanfran","D","69","69","54","Left","75","64","182","70","71","74","10764"
"0","66","67","64","68","65","Hamit Altintop","M","65","60","66","Right","68","68","183","61","76","69","107647"
"0","38","64","36","74","75","Tom Starke","GK","55","78","73","Right","52","73","195","72","76","73","107713"
"1","78","33","77","67","73","Lcio","D","79","79","58","Right","65","67","188","76","85","68","107715"
"0","36","56","66","68","74","Markus Thorandt","D","72","64","71","Right","67","63","187","60","68","73","107758"
"0","41","55","41","71","60","Markus Bollmann","D","43","61","65","Right","49","64","190","65","64","67","107794"
"0","67","65","70","57","65","Markus Krsche","M","61","55","61","Right","65","54","180","54","65","62","107796"
"1","33","53","45","68","72","Csar Navas","D","59","67","72","Right","55","67","194","67","75","68","10780"
"0","39","45","49","56","70","Collin Benjamin","M","53","68","73","Right","50","54","182","70","68","57","107901"
"0","67","45","57","68","52","Deniz Dogan","D","57","57","67","Left","71","61","182","61","66","71","107904"
"0","74","53","81","66","59","Reto Ziegler","D","81","63","57","Left","76","59","183","71","78","69","108061"
"0","43","42","53","60","61","Eduardo","A","45","59","65","Right","56","58","178","62","69","65","108075"
"0","56","46","67","69","49","Stephan Lichtsteiner","D","57","68","52","Right","67","59","183","63","79","71","108080"
"1","49","58","57","62","64","Patrick Mtiliga","D","73","67","72","Left","66","68","171","70","69","69","10824"
"0","77","64","74","77","60","Kris De Wree","D","68","64","61","Right","84","65","185","67","64","76","108583"
"0","50","44","59","69","66","Delron Buckley","M","75","70","73","Left","65","73","177","66","65","64","10862"
"1","55","51","68","66","60","Enzo Maresca","M","73","62","70","Right","69","81","180","62","73","69","10863"
"1","60","61","67","68","52","Marco Streller","A","69","68","56","Left","66","60","195","61","74","78","108658"
"0","68","47","70","79","67","Frankie Hejduk","D","72","68","51","Right","67","76","173","70","62","76","108734"
"1","32","44","47","72","63","David Degen","M","46","72","73","Right","52","79","185","72","68","71","108750"
"0","65","68","65","78","63","Wim De Decker","M","74","68","67","Right","68","73","186","70","64","79","108784"
"1","50","51","52","83","63","Alessandro Nesta","D","43","85","77","Right","62","75","187","86","85","84","1088"
"0","62","45","77","81","53","Michael Flynn","M","93","81","46","Right","56","78","178","72","60","83","10884"
"0","72","59","70","73","74","Chris Porter","A","74","67","52","Right","59","70","185","76","65","79","10899"
"0","62","47","75","74","62","Alan Murphy","A","78","65","50","Left","54","60","174","66","56","75","1092"
"0","64","52","50","73","80","Christian Weber","D","41","72","54","Right","40","68","175","64","64","70","109321"
"1","76","59","80","76","63","Alexandr Kerzhakov","A","70","76","60","Right","76","78","176","77","82","81","109416"
"0","59","51","77","64","54","Bram Castro","GK","68","72","52","Right","67","60","191","65","65","66","109493"
"1","44","60","50","80","69","Pablo Aimar","M","36","80","76","Right","55","66","170","79","83","81","10959"
"1","49","45","38","67","69","Yakubu","A","33","65","77","Right","59","71","183","72","73","70","109693"
"1","65","46","62","76","75","Peter Lvenkrands","A","34","81","58","Left","50","81","180","77","71","83","109724"
"0","63","36","53","63","58","Youssef El-Akchaoui","D","53","62","68","Left","72","57","174","64","66","69","109809"
"0","57","56","73","88","54","Gareth McAuley","D","71","78","43","Right","60","82","191","80","69","89","109852"
"0","74","48","79","66","65","Marco Di Vaio","A","77","62","58","Right","75","48","179","53","81","63","1099"
"0","74","50","68","69","63","Mark Wilson","D","73","69","50","Right","56","62","178","70","73","68","109910"
"1","63","50","64","70","68","Juan Pablo","GK","63","67","62","Right","60","64","187","66","73","67","109969"
"0","38","41","44","80","73","Ochoa","D","55","77","75","Left","62","77","191","75","62","78","109973"
"0","66","32","54","77","65","Romain Rocchi","M","51","63","74","Right","73","70","183","71","67","67","11"
"0","44","43","45","65","59","Dorado","D","49","67","69","Left","54","66","180","66","73","63","110019"
"0","46","51","48","74","81","Pelegrn","D","66","76","74","Left","52","70","184","72","70","72","110020"
"0","72","58","68","63","62","Generelo","M","69","66","51","Right","71","57","183","63","67","70","110023"
"0","72","46","71","68","55","Cani","M","72","72","50","Right","77","50","180","66","79","76","110026"
"1","66","46","69","68","84","Pinto","GK","67","68","49","Right","46","60","185","66","72","72","110082"
"0","67","35","61","57","71","Luciano","D","68","53","68","Right","55","55","184","57","62","58","110108"
"1","42","35","55","59","66","Borja Oubia","M","65","60","66","Right","49","57","181","58","64","66","110117"
"0","48","35","56","53","75","Dani Mallo","GK","61","56","68","Right","52","53","186","56","62","57","110146"
"0","46","52","63","67","58","Carlo Cudicini","GK","68","68","57","Right","58","69","185","70","76","70","1102"
"0","67","68","59","77","64","Josemi","D","55","66","75","Right","65","68","182","68","68","77","110272"
"1","59","41","68","76","60","Duda","M","78","78","47","Left","54","67","175","76","76","81","110283"
"0","50","39","51","67","73","Manolo","D","53","62","73","Right","55","59","173","62","68","69","110291"
"0","61","46","57","73","56","Nacho","D","56","71","61","Left","66","72","175","67","69","77","110297"
"0","64","35","63","68","62","Juanma","M","49","63","79","Right","70","66","176","66","67","72","110301"
"0","49","62","53","76","75","Sylvain Wiltord","A","65","63","76","Right","62","72","174","70","70","77","11031"
"0","66","58","66","56","66","Carlos Garca","D","72","58","71","Right","72","51","184","61","69","60","110363"
"0","41","52","49","84","79","Edu Albcar","D","61","80","68","Left","45","74","177","77","68","88","110368"
"1","68","50","68","67","62","Moises Hurtado","M","71","61","57","Right","64","51","185","62","72","71","110371"
"1","62","61","68","59","56","Crusat","A","73","59","52","Left","69","63","162","69","74","66","110375"
"1","45","36","60","60","54","Jonathan Soriano","A","68","53","62","Right","60","52","180","59","74","64","110376"
"0","51","42","60","71","66","Corominas","A","75","64","66","Right","65","77","171","64","68","73","110377"
"0","67","45","62","67","54","Tariq","A","61","61","61","Right","74","55","183","61","65","71","110379"
"0","56","54","63","57","48","Maximiliano Rodrguez","A","76","59","47","Right","61","55","180","56","78","60","110381"
"0","79","52","87","67","52","Carmelo","M","88","64","47","Right","78","64","180","64","70","68","110389"
"1","49","52","61","67","64","Sergio","D","66","65","72","Right","68","61","191","63","71","70","110402"
"1","44","45","33","62","62","Traianos Dellas","D","50","59","81","Right","49","54","196","60","72","66","11044"
"1","67","61","67","67","63","Dele Adebola","A","49","70","71","Left","76","73","191","69","64","70","110525"
"0","65","27","74","58","60","Grgory Proment","M","79","59","43","Right","58","64","176","59","69","58","11056"
"0","47","64","40","65","74","Paolo Orlandoni","GK","56","58","75","Right","59","63","186","62","70","64","11061"
"0","58","65","69","75","74","Jofre","M","77","70","72","Left","74","68","171","71","67","72","110627"
"1","44","55","46","68","74","Alberto","GK","53","65","63","Right","58","68","190","67","64","66","110638"
"0","16","54","19","62","64","Riera","A","30","62","68","Left","25","65","188","58","77","66","110652"
"1","56","52","47","60","56","Giza","A","53","70","65","Right","52","65","180","62","74","64","110657"
"0","39","47","66","45","67","Moy","GK","65","54","68","Right","65","59","185","62","75","61","110677"
"0","53","56","39","74","65","Kike Mateo","M","65","75","46","Right","35","61","176","76","66","69","110691"
"0","74","59","74","61","88","Rubn","D","75","61","57","Right","62","59","187","63","74","58","110774"
"0","66","56","77","69","57","Borja","M","73","65","47","Right","66","44","188","62","70","55","110787"
"0","42","62","44","65","64","Gaspar","D","51","66","66","Right","46","54","182","73","65","59","110810"
"1","50","57","69","58","51","Mario","D","82","68","50","Left","58","52","178","62","74","70","110811"
"1","49","35","70","66","53","scar","M","54","67","51","Right","59","62","176","63","71","64","110842"
"1","51","52","58","68","59","De Lucas","M","65","69","53","Right","49","69","175","71","73","65","110852"
"1","55","56","67","61","51","Aganzo","A","81","60","45","Left","58","57","177","62","72","69","110854"
"0","64","37","63","68","66","Kevin Kyle","A","68","66","65","Right","64","54","191","56","69","73","110879"
"0","55","54","66","69","75","Simon Ramsden","D","77","69","77","Right","74","68","183","62","61","65","110880"
"1","63","50","66","62","72","Stefan Buck","D","68","62","48","Left","54","61","189","64","64","68","110907"
"0","76","65","80","67","61","Alexander Schnetzler","D","74","67","66","Left","83","60","173","69","61","66","110920"
"0","62","45","66","57","59","Aranburu","M","66","58","47","Left","67","57","180","55","74","61","110961"
"1","53","65","70","46","72","Christian Timm","M","64","49","79","Right","79","57","180","60","63","35","11097"
"1","50","60","59","70","64","Riesgo","GK","66","69","67","Right","58","75","185","76","73","74","110974"
"0","33","58","58","66","70","Labaka","D","60","68","65","Right","61","62","185","65","70","67","110979"
"0","62","59","63","66","66","Mikel Alonso","M","73","58","80","Right","73","61","180","62","65","64","110984"
"0","58","46","65","64","72","Albelda","M","69","65","75","Right","63","54","181","62","77","63","111008"
"1","39","31","54","62","71","David Navarro","D","63","63","57","Right","54","52","183","61","74","61","111022"
"1","67","50","62","63","65","Garrido","D","74","64","56","Left","56","71","180","68","74","61","111023"
"0","66","53","69","75","71","Tena","D","64","68","75","Right","71","65","185","63","66","76","111033"
"0","51","36","67","76","64","Jandro","M","68","63","59","Right","71","56","175","66","70","77","111038"
"0","65","42","67","71","42","Pablo Redondo","M","73","64","48","Right","67","50","175","61","68","75","111040"
"0","70","62","60","65","78","Albiol","M","52","68","49","Right","50","71","177","74","60","73","111041"
"0","59","53","62","64","67","Dani Bautista","D","59","58","66","Left","58","58","177","59","65","59","111083"
"0","54","61","48","63","64","Abel","M","50","59","66","Right","60","60","182","64","69","60","111085"
"0","64","66","59","77","82","Arteaga","A","64","63","77","Left","66","60","167","56","65","78","111091"
"1","58","25","71","70","65","Reyes","A","71","69","67","Left","63","66","176","72","85","72","111093"
"0","63","46","47","70","65","Javi Venta","D","49","69","75","Right","64","62","180","72","71","73","111114"
"1","55","47","48","74","55","Oguchi Onyewu","D","57","78","78","Right","64","74","194","75","73","77","111125"
"1","56","55","61","74","57","Mart","M","39","73","66","Right","62","69","180","71","74","74","111137"
"0","63","59","58","69","66","Steeve Elana","GK","60","68","45","Right","48","60","187","67","76","71","111163"
"0","43","38","40","71","61","Alexandre Alphonse","A","43","64","70","Right","48","52","174","66","66","73","111172"
"0","45","63","48","71","75","Andreas Wolf","D","65","61","77","Right","59","59","182","61","74","72","111195"
"0","43","46","65","70","61","Sascha Riether","D","66","72","64","Right","59","64","174","67","76","72","111206"
"0","72","34","74","63","50","Florian Jarjat","D","71","70","52","Left","81","64","181","67","60","64","111238"
"1","59","54","62","57","70","Romain Larrieu","GK","72","58","76","Right","68","56","188","56","62","61","111306"
"0","43","58","46","63","64","Graham Coughlan","D","49","62","69","Right","51","58","188","61","56","63","111310"
"0","82","50","79","58","61","Paul Wotton","M","59","53","58","Right","84","61","180","54","60","69","111320"
"0","63","60","64","65","59","Paul Connolly","D","54","57","69","Right","66","61","183","62","66","69","111329"
"0","63","46","61","74","68","Blair Sturrock","A","65","75","70","Right","58","65","183","73","57","78","111331"
"1","47","40","48","58","68","Miroslav Klose","A","66","60","64","Right","56","57","184","61","81","55","11141"
"0","69","49","72","60","74","Fabien Audard","GK","77","60","79","Right","70","56","188","55","75","62","111477"
"1","49","48","63","64","64","Chaouki Ben Saada","A","72","66","68","Left","69","63","170","66","72","67","111503"
"0","54","46","67","74","43","Corona","D","69","67","42","Right","60","59","182","71","65","69","111545"
"1","37","56","51","75","54","Liam Feeney","M","71","70","66","Right","60","68","183","73","64","72","111590"
"1","36","53","39","63","63","Thomas Butler","M","52","68","71","Right","44","55","170","64","60","69","11165"
"1","67","34","72","54","40","Carlos Idriss Kameni","GK","67","62","41","Right","64","52","186","56","82","56","111661"
"0","52","53","54","70","61","Bas Savage","A","57","66","61","Right","59","60","191","66","51","69","111694"
"1","73","62","74","62","81","Guilherme Afonso","A","77","66","59","Right","67","60","187","65","58","65","111710"
"0","60","42","78","65","71","Florian Bruns","M","83","73","72","Left","78","71","188","76","66","71","11215"
"0","42","20","43","60","78","Franck Bria","D","48","48","77","Right","57","47","177","55","76","56","112230"
"1","69","52","65","76","59","Sbastien Grax","A","65","73","64","Right","75","69","180","73","64","77","112243"
"1","50","47","61","67","64","Jaroslav Plail","M","64","70","70","Right","67","60","182","68","81","75","112244"
"0","59","50","68","74","64","Bertrand Robert","M","77","78","71","Left","72","65","174","74","67","79","112251"
"0","64","49","52","72","52","Jrmy Toulalan","M","48","69","57","Right","69","63","183","68","81","73","112253"
"0","63","42","61","68","64","Frazer Richardson","D","69","79","61","Right","58","65","178","77","64","71","112292"
"0","53","58","55","71","67","Shane Cansdell-Sherriff","D","63","63","68","Left","58","62","182","62","63","67","112293"
"1","50","51","55","74","53","Jrmy Mathieu","D","63","68","71","Left","65","71","190","71","76","74","112316"
"0","75","42","72","66","58","Rmi Gomis","M","68","68","50","Right","75","68","180","70","71","66","112352"
"0","89","55","86","67","73","Cdric Bockhorni","D","85","65","57","Right","73","61","182","58","57","69","112358"
"1","51","55","58","62","46","Franois Zoko","A","42","60","66","Right","59","62","181","62","63","70","112362"
"0","36","49","57","67","75","Renaud Cohade","M","54","66","74","Right","53","64","180","68","71","63","112365"
"0","64","48","51","64","86","Julien Cardy","M","31","59","67","Right","44","68","176","67","67","74","112384"
"0","54","55","53","72","65","Thibault Giresse","M","38","68","71","Left","60","76","172","67","68","75","112389"
"1","58","45","65","68","56","Cdric Faur","A","68","67","59","Right","63","65","186","67","66","69","112393"
"0","71","34","67","67","62","Michel Renggli","M","74","59","52","Right","58","71","180","63","63","63","112396"
"0","68","46","62","69","60","Matabuena","M","71","70","57","Right","49","66","185","65","65","68","112496"
"0","32","53","58","61","56","Sergey Ignashevich","D","56","48","66","Right","60","58","186","59","77","63","112542"
"0","56","50","51","77","78","Juanma Ortiz","M","51","71","56","Right","32","73","179","72","68","74","112549"
"0","57","50","67","81","56","Ivn Hernndez","D","65","80","55","Right","66","73","185","80","73","84","112552"
"1","42","60","48","70","54","Diego Rivas","M","50","64","65","Right","55","72","180","64","72","67","112556"
"0","64","59","68","63","58","Richi","M","69","61","44","Right","55","65","187","60","64","68","112560"
"1","61","50","59","79","68","Asen","A","58","81","68","Right","65","76","181","78","63","80","112561"
"0","43","40","51","72","74","Josetxo","D","53","62","75","Right","56","60","185","63","67","71","112593"
"0","51","63","58","72","63","Pablo Contreras","D","88","67","70","Right","60","63","181","67","77","70","112594"
"0","81","61","79","68","68","Jim Goodwin","M","74","67","53","Left","81","69","183","57","61","75","11260"
"1","58","62","44","73","70","David Lopez","A","53","71","70","Right","58","85","181","65","74","79","112628"
"1","26","50","41","79","68","Antonio Lpez","D","52","69","62","Left","31","59","175","67","74","84","112640"
"0","47","27","43","68","72","Culebras","D","53","72","72","Right","53","64","187","73","64","74","112647"
"1","28","62","28","67","69","Juninho","M","54","64","71","Right","41","55","178","73","76","65","112712"
"0","64","50","52","81","73","Cristian Fil","M","70","76","51","Left","45","74","182","78","68","83","112745"
"0","53","38","55","57","82","Jess Vzquez","M","62","57","73","Left","70","56","182","56","68","59","112778"
"0","41","35","43","70","71","Fousseni Diawara","D","53","66","72","Right","49","57","183","67","66","68","112811"
"0","52","56","48","73","61","Jermaine Jones","M","32","64","59","Right","57","55","184","54","77","67","112847"
"0","28","41","30","77","65","Pea","D","49","69","63","Left","43","74","170","68","70","75","112875"
"0","48","60","36","65","75","Martin Devaney","A","41","53","64","Right","46","58","178","56","61","64","11288"
"0","25","52","43","74","75","Clavero","D","32","73","67","Left","59","64","175","73","62","78","112883"
"0","65","36","53","62","72","Jaio","D","45","66","58","Right","39","61","186","63","67","64","112920"
"0","45","56","63","70","59","Merino","M","77","70","54","Right","60","74","175","73","66","78","112978"
"0","50","63","58","76","68","Jon Harley","D","49","68","66","Left","59","63","178","62","61","73","11301"
"0","35","55","39","62","69","Mauricio Pinilla","A","51","58","71","Right","44","68","185","56","78","67","113045"
"0","32","65","48","60","67","Federico Balzaretti","D","52","59","67","Left","52","57","178","61","80","62","113176"
"1","54","53","63","86","71","Davide Mandelli","D","50","85","79","Left","71","81","190","83","73","86","113184"
"0","40","47","43","79","75","Vlada Avramov","GK","39","75","72","Right","48","75","187","69","68","80","113188"
"1","71","46","76","60","67","Michele Marcolini","M","81","60","44","Left","57","59","173","58","71","61","113219"
"0","66","53","64","63","54","Paolo Zanetti","M","74","65","42","Right","64","65","186","67","66","65","113220"
"1","67","45","69","75","67","Francesco Modesto","M","62","76","60","Left","65","70","177","73","72","78","113278"
"1","65","48","78","69","52","Almunia","GK","88","76","38","Right","69","79","193","75","74","69","113343"
"1","72","42","77","62","74","Matthew Spring","M","72","64","58","Right","56","55","183","63","61","66","11336"
"0","35","57","46","73","69","Saizar","A","64","73","71","Right","47","67","175","75","65","84","113384"
"0","53","55","70","79","81","Sarriegi","D","82","73","81","Right","74","69","185","73","69","83","113386"
"0","39","53","40","78","80","Sastre","D","37","70","70","Right","60","70","179","69","65","74","113399"
"1","66","53","55","84","69","Rubn Surez","M","64","66","70","Left","64","70","167","61","74","77","113419"
"1","74","62","79","66","84","David Villa","A","80","71","59","Right","72","72","175","75","88","68","113422"
"1","63","54","74","78","64","Alejandro","GK","68","69","69","Right","76","70","183","72","60","80","113428"
"0","18","58","29","63","68","David Bauz","M","52","61","59","Left","28","66","188","62","65","67","113458"
"0","59","50","60","64","64","Emmerson Boyce","D","64","65","67","Right","61","60","184","59","72","56","11346"
"1","57","50","62","79","40","Steve Howard","A","69","76","45","Right","58","75","191","70","64","85","11348"
"0","56","48","53","71","58","Arzu","M","52","67","59","Right","58","75","184","66","66","74","113488"
"0","53","53","35","73","67","Moha","A","44","62","77","Left","58","60","170","64","64","70","113521"
"1","54","32","57","78","53","Nino","A","60","73","62","Right","62","90","169","72","71","79","113524"
"1","71","55","58","54","72","Emilio Rentera","A","62","56","71","Right","69","53","175","53","66","62","113555"
"0","46","46","45","66","74","Lee Mansell","M","66","57","73","Right","61","60","175","58","60","68","11358"
"0","56","57","52","87","65","Matt Gilks","GK","53","75","52","Right","44","74","185","76","71","89","11381"
"1","69","63","75","65","43","Clive Platt","A","71","69","59","Right","76","70","193","60","61","65","11386"
"0","77","39","73","71","52","Ortiz","A","74","65","57","Right","75","59","172","63","66","71","113931"
"0","70","61","67","79","66","Sorribas","M","56","72","71","Right","72","64","179","72","61","81","113942"
"1","59","52","50","64","66","Nacho Rodrguez","A","62","60","49","Left","43","61","180","61","64","57","114008"
"0","67","59","66","56","65","Javier Baraja","D","74","55","55","Right","44","53","179","57","67","61","114038"
"0","54","45","63","66","60","Nano","D","58","64","64","Left","65","57","186","63","73","66","114040"
"1","42","41","48","61","71","Robbie Russell","D","50","60","70","Right","47","83","180","56","67","61","114082"
"1","71","34","72","57","63","Andriy Voronin","A","52","59","56","Right","71","56","176","59","80","65","114123"
"1","65","58","69","66","62","Christian Wetklo","GK","69","60","41","Right","48","51","190","54","72","68","114126"
"0","38","56","49","71","62","Andrew Dawson","D","54","54","70","Left","45","36","175","45","68","74","11414"
"0","71","46","68","69","73","Nathan Stanton","D","56","59","62","Right","52","61","175","59","57","68","11415"
"0","36","61","45","71","72","Marcel Maltritz","D","65","55","69","Right","42","59","186","54","70","70","11427"
"1","51","55","47","78","62","Jamie McCombe","D","53","68","62","Right","63","77","196","67","64","81","11430"
"1","68","57","62","91","82","Marco Wlfli","GK","33","81","53","Left","52","90","186","80","71","88","114356"
"0","55","43","62","72","70","Luigi Pieroni","A","57","75","69","Right","74","72","187","79","66","79","114555"
"1","54","48","51","78","59","Juanma","GK","26","76","72","Left","59","73","182","74","63","75","114604"
"1","48","55","40","82","59","Abraham Paz","D","31","80","71","Right","44","78","178","81","73","85","114663"
"0","54","57","59","76","83","Iaki Bea","D","58","76","78","Right","67","70","185","75","68","76","114734"
"0","62","56","66","74","60","Dean Bennett","M","71","67","61","Right","67","65","183","70","55","77","11474"
"1","31","24","54","71","66","Iraizoz","GK","57","71","67","Right","44","54","191","65","81","73","114764"
"0","65","47","73","67","68","Mike Edwards","D","78","67","55","Right","62","64","183","64","60","66","11488"
"1","44","68","40","87","71","Andy Holt","D","31","87","69","Left","62","75","185","84","55","88","11489"
"0","18","43","39","71","57","Jrmy Hnin","D","51","64","61","Right","38","68","186","60","66","73","11495"
"1","68","31","73","74","60","Gary Alexander","A","64","68","46","Right","73","65","180","70","63","75","11496"
"1","53","50","60","73","59","Cristian","D","67","73","71","Right","67","65","169","72","60","76","114960"
"0","48","47","44","58","55","Bruno Berner","D","55","60","71","Left","60","50","185","60","60","61","115519"
"0","41","45","36","80","70","Diego Benaglio","GK","52","79","64","Right","45","68","194","79","78","84","115533"
"1","65","53","65","63","77","Armando","D","67","68","59","Right","55","51","186","62","64","69","115577"
"0","61","50","63","80","56","Peter Murphy","D","53","80","64","Left","69","69","183","76","63","84","11574"
"0","60","60","61","73","56","Marchena","D","71","68","43","Right","55","75","183","76","79","75","11576"
"1","64","42","62","58","61","Calatayud","GK","63","57","59","Right","60","61","191","57","74","62","115768"
"0","63","48","55","57","82","Mario Eggimann","D","75","53","82","Right","59","58","189","56","70","61","115823"
"0","73","64","72","79","89","Christofer Heimeroth","GK","55","71","70","Right","59","69","194","69","70","81","115888"
"0","60","33","71","58","69","Rubn Castro","A","76","61","72","Right","72","54","174","63","75","59","115909"
"1","67","58","71","71","63","Pedro Vega","M","91","70","51","Left","54","70","168","72","64","70","115926"
"0","30","40","45","64","57","Richie Foran","A","62","65","60","Left","37","64","185","67","69","68","11595"
"1","20","61","24","51","63","Christian Bermdez","M","72","49","69","Right","31","52","160","49","73","48","116024"
"0","43","61","61","64","74","Ricardo Fuller","A","55","66","73","Right","66","72","191","64","75","66","116197"
"1","60","43","62","53","62","Mathias Kouo-Doumb","D","75","54","49","Right","51","51","185","56","64","52","116227"
"1","60","50","56","61","69","Rod Fanni","D","63","51","52","Right","42","69","186","58","79","62","116308"
"0","57","50","66","57","70","Eric Chelle","D","78","62","68","Left","66","58","179","62","69","63","116309"
"1","69","63","54","65","69","David Martin","GK","51","58","35","Right","42","59","188","58","63","72","116314"
"1","63","44","69","69","57","Bertrand Laquait","GK","53","66","66","Right","69","69","185","68","71","71","116334"
"0","50","49","53","63","65","Olivier Sorin","GK","65","61","59","Right","61","69","189","60","75","65","116335"
"0","54","47","55","55","64","Benjamin Nicaise","M","62","55","40","Right","32","52","183","55","66","57","116346"
"1","44","50","35","74","77","Youssouf Hadji","A","49","73","73","Right","50","80","183","74","79","79","116368"
"1","58","58","63","62","63","Fabrice Abriel","M","65","65","67","Right","62","74","176","65","73","61","116391"
"0","57","50","67","78","58","Paul Morgan","D","53","69","58","Right","69","68","183","73","56","78","11645"
"0","61","22","62","60","70","Franois Pantxi Sirieix","M","76","64","67","Right","70","61","180","61","64","67","116479"
"0","45","42","66","78","69","Nicolas Marin","A","72","75","62","Right","66","71","171","74","59","77","116491"
"1","39","53","65","77","74","Cdric Carrasso","GK","60","63","74","Right","71","54","187","61","80","76","116494"
"0","73","47","73","69","52","Peter Gain","M","52","66","57","Left","77","71","175","60","59","71","11658"
"0","73","37","63","64","73","Nikole Noveski","D","70","63","60","Left","54","61","190","59","75","67","116620"
"0","85","52","87","69","60","Marco Kurth","M","86","75","53","Right","81","68","178","70","62","69","116629"
"1","65","41","66","72","70","Pascal Berenguer","M","61","63","71","Right","72","64","175","69","71","74","116655"
"0","60","42","73","75","82","Cdric Kant","D","76","58","73","Left","73","66","181","62","72","77","116677"
"0","57","38","58","65","62","Richard Logan","A","58","60","68","Right","69","60","185","65","59","70","11671"
"0","31","51","30","58","85","Grgory Malicki","GK","67","61","82","Left","51","60","188","61","68","59","116745"
"1","58","41","63","71","70","Sbastien Roudet","M","88","73","45","Left","48","64","180","73","74","77","116762"
"1","57","52","64","55","64","Geoffrey Dernis","A","71","53","63","Left","70","55","171","50","74","54","116866"
"0","48","42","60","64","83","Damien Perquis","GK","75","68","84","Right","62","55","184","63","61","70","116917"
"0","62","51","54","80","74","Jrmie Janot","GK","58","76","79","Left","67","65","176","71","76","82","116938"
"1","64","52","60","63","68","Julien Sabl","M","63","62","71","Right","70","52","181","60","70","58","116952"
"0","65","67","69","81","74","Justin Richards","A","64","72","79","Right","78","71","183","74","58","82","11696"
"0","74","50","70","79","65","Nathan Ellington","A","60","68","69","Right","73","71","178","73","66","80","11698"
"0","52","50","63","74","76","Oscar Ewolo","M","62","76","76","Right","72","64","171","70","71","78","117022"
"1","72","51","72","79","84","Olivier Blondel","GK","79","70","66","Right","60","84","187","72","64","81","117062"
"0","31","37","38","73","59","Nicolas Douchez","GK","47","62","65","Right","42","62","186","74","79","72","117063"
"0","45","51","54","61","56","Mathieu Bda","D","62","54","56","Left","50","49","186","52","65","68","117094"
"1","71","60","69","78","67","Laurent Batlles","M","74","57","64","Right","69","80","174","81","71","81","117096"
"1","73","50","58","62","72","Herv Bugnet","A","63","54","64","Right","60","65","174","63","63","74","117109"
"1","65","66","62","69","77","Daniel Ghlert","D","61","60","79","Right","74","59","186","52","63","68","117249"
"1","64","35","69","60","71","Eric Hassli","A","73","58","48","Right","63","54","193","58","70","62","117343"
"0","60","32","62","57","66","Ibrahima Sonko","D","63","54","58","Right","47","64","191","61","67","59","117385"
"0","52","66","60","62","65","Amor Kehiha","D","69","56","56","Right","58","59","180","56","61","60","117424"
"1","59","43","82","58","67","Nassim Akrour","A","83","66","77","Right","82","60","181","67","65","58","117438"
"1","40","65","59","61","69","David Ducourtioux","D","81","65","72","Right","65","61","177","62","72","63","117492"
"1","83","51","82","75","68","Malte Metzelder","M","63","80","78","Right","86","60","195","76","63","76","117631"
"1","81","63","83","57","62","Gledson","D","80","52","47","Right","77","42","190","54","63","54","117655"
"0","55","59","62","70","64","Paolo Cannavaro","D","72","60","66","Right","62","57","185","60","78","68","1178"
"0","63","33","71","66","65","Lee Johnson","M","75","64","49","Right","46","64","168","62","66","65","11785"
"0","55","58","66","80","61","Adam Lockwood","D","68","74","63","Right","69","84","183","71","63","82","11787"
"0","64","52","51","70","71","Paulo Csar","A","51","58","58","Right","47","54","175","54","72","65","117893"
"1","38","43","40","80","65","Gianluigi Buffon","GK","35","75","70","Right","53","67","191","75","85","74","1179"
"0","43","56","37","69","64","Sylvain Marchal","D","60","72","62","Right","60","60","184","68","68","74","11791"
"0","48","59","61","68","48","Anthony Tonkin","D","55","63","46","Left","63","66","182","63","55","68","11797"
"1","65","57","73","84","68","Chris Weale","GK","67","69","72","Left","76","68","188","76","64","79","11800"
"1","60","38","69","68","62","Thomas Broich","A","74","58","66","Right","64","61","182","62","72","56","118054"
"0","58","50","68","61","69","Gianpaolo Bellini","D","84","60","74","Right","68","55","180","61","71","54","11808"
"0","65","39","67","70","68","Bernt Evens","D","67","71","64","Left","63","65","192","61","65","63","11814"
"0","74","41","70","75","80","Andy Warrington","GK","68","71","82","Right","70","73","191","72","60","72","11824"
"0","67","38","73","60","69","Mark Arber","D","74","56","77","Left","78","63","185","65","59","62","11834"
"1","36","56","45","81","69","Lee Miller","A","33","75","74","Right","59","77","188","79","64","82","118359"
"0","69","43","66","58","66","Mark Gower","M","45","53","59","Right","67","52","180","54","67","64","11841"
"0","66","45","61","63","58","Ian Henderson","A","69","65","66","Right","70","66","179","59","64","57","118646"
"0","69","31","72","76","59","Paul Hayes","A","74","70","52","Right","68","70","183","75","65","77","118662"
"0","68","31","75","74","48","Andy Lonergan","GK","78","73","45","Left","65","69","192","69","71","74","118794"
"1","71","49","77","66","68","Kolo Tour","D","83","64","49","Right","52","58","183","64","83","63","119152"
"1","66","48","66","57","55","Kevin Davies","A","67","60","49","Right","62","56","183","55","77","52","11918"
"1","49","41","63","60","75","Tyrone Mears","D","65","55","73","Right","63","61","180","58","73","63","119233"
"1","61","59","60","73","71","Robert Earnshaw","A","75","71","49","Right","49","67","173","69","73","74","119275"
"0","47","41","59","80","64","Stephen Purches","D","66","69","67","Left","54","78","180","68","59","77","119363"
"0","64","41","82","63","57","Stefan Wessels","GK","90","62","53","Right","75","55","190","53","67","60","11941"
"0","75","51","76","67","55","Leon Johnson","D","65","62","60","Left","68","70","183","63","61","66","119422"
"0","67","57","64","75","69","Habib Beye","D","70","69","60","Right","64","64","182","71","68","80","11944"
"1","77","61","74","66","81","Jermaine Easter","A","71","67","60","Right","59","59","175","71","63","68","119689"
"0","64","60","67","77","57","Chris Greenacre","A","66","68","68","Right","70","71","180","66","62","79","119711"
"1","36","52","46","56","76","Lee Williamson","M","64","57","78","Right","52","51","178","58","64","59","119723"
"0","50","62","62","68","78","Filippo Inzaghi","A","63","66","81","Right","64","69","181","71","76","74","1198"
"1","69","31","72","66","67","Brad Friedel","GK","83","63","75","Right","75","63","188","67","81","72","11983"
"0","47","46","52","64","76","Richie Wellens","M","65","63","76","Right","68","61","175","69","68","68","119834"
"0","42","58","58","65","64","Danny Coid","D","78","68","66","Right","59","64","180","67","59","67","119839"
"0","70","60","72","75","79","Matthew Blinkhorn","A","73","65","78","Right","78","63","183","64","57","73","119852"
"0","65","52","71","70","57","Thomas Kleine","D","74","65","52","Right","67","63","191","74","69","72","11998"
"0","72","51","83","70","60","Dean Hammond","M","78","67","61","Right","71","61","183","66","66","71","120018"
"0","84","52","81","69","56","Simon Lappin","M","57","74","60","Left","83","76","180","74","66","71","120054"
"0","77","37","70","81","69","Rmi Mareval","D","71","79","76","Left","77","77","182","80","66","82","120060"
"1","64","42","62","62","63","Hugh Murray","M","69","64","53","Right","57","66","178","68","61","63","120061"
"0","57","57","50","71","71","Cristiano Lupatelli","GK","33","68","66","Left","60","64","189","72","69","75","12011"
"0","73","37","74","70","66","Paulo Ferreira","D","62","69","52","Right","68","67","183","66","74","68","120202"
"1","69","47","67","62","73","Francesco Lodi","M","61","68","82","Left","67","65","183","66","71","67","120238"
"1","68","56","68","62","69","Simone Tiribocchi","A","67","61","66","Right","70","66","178","65","73","63","120270"
"1","55","31","42","65","78","Antonio Di Natale","A","29","57","71","Right","59","62","170","64","86","62","120274"
"0","60","48","64","65","69","Keith Southern","M","48","66","67","Right","69","60","178","64","68","69","120297"
"0","71","53","86","71","55","Jean Makoun","M","37","72","60","Right","80","66","173","67","78","70","120304"
"0","45","56","42","64","71","Benjamin Gavanon","M","71","64","75","Right","53","58","180","62","67","65","120305"
"0","55","47","63","61","72","Laurent Pionnier","GK","62","61","74","Right","68","59","184","58","68","60","120306"
"1","79","30","81","69","57","Copa","GK","54","74","69","Right","84","60","180","68","72","76","120309"
"1","71","44","65","60","77","Michael Dawson","D","77","59","53","Right","59","77","188","58","80","55","120312"
"1","64","33","67","61","68","Craig Westcarr","A","74","63","45","Right","53","44","180","54","62","62","120313"
"0","72","37","73","62","75","Martin Bergvold","M","68","64","53","Left","67","60","184","64","70","70","120339"
"0","72","63","83","76","57","Scott Shearer","GK","82","77","45","Right","71","74","191","78","59","78","120415"
"1","47","50","60","82","80","Pepe","D","71","69","77","Right","64","68","188","74","85","78","120533"
"1","55","65","49","80","76","Christoph Dabrowski","M","43","75","72","Right","57","76","195","77","73","84","12070"
"0","71","55","81","81","56","Fabio Coltorti","GK","75","75","42","Right","70","76","197","72","68","85","120718"
"0","60","54","59","74","72","Massimo Donati","M","51","68","70","Right","55","68","186","68","70","69","1210"
"0","40","50","32","70","70","Simon Rolfes","M","55","66","81","Left","51","63","191","71","82","71","121122"
"0","41","29","42","68","76","Alexander Walke","GK","63","68","71","Right","56","66","189","65","69","64","121134"
"1","59","48","67","72","28","Alexander Meier","M","68","55","35","Right","61","51","196","58","73","71","121170"
"0","50","64","56","66","84","Christian Schulz","D","59","60","88","Left","65","67","185","58","75","64","121185"
