"Dated","Attribution","Media","ObjectID","Classification","SortNumber","Department","Dimensions","ObjectName","ObjectNumber","Title","Description","Culture","Period","Medium","AlphaSort","BeginDate"
"late 19th-early 20th Century","Nampeyo","16","14685","(not assigned)","5437  4396","Anthropology","Height: 8 Diameter of shoulders: 14 Diameter of lip: 6","Olla","5437.4396","Seated Human Figure","The object is a buff colored polychrome olla with four decorated areas, featuring two motifs which alternate, symmetrically, around the ollas circumference","Hopi Tewa","Late Mississippian","clay, slip","Nampeyo","1880"
"0","William S. Prettyman","0","14761","(not assigned)","5444  7266","Anthropology","Overall: 4 1 2 in. (11.4 cm)","Vessel","5444.7266","Plaque With Design of Two Tigers","vessel - Clay - Mexico","(Sioux) Plains","Mississippian","Clay","Prettyman, William S.","-1000"
"700-700","Georgia O'Keefe","0","41690","Anth- Ceramic, Plaster","5444  7749","Anthropology","Print Size: 6.75  x 9.25 ","Figure","5444.7749","Painted Hide","This is a ceramic, seated human figure.","American, born England","Late Post-Classic","Ceramic","O'Keefe, Georgia","0"
"0","Alfredo Zalce","0","14773","(not assigned)","5445  1705","Anthropology","32 1 2 x 36 1 4 x 3 1 2 in. (82.6 x 92.1 x 8.9 cm)","Burner","5445.1705","Isles Newly Found in the Great Sea in the Time of the King of Spain Ferdinand and Elizabeth, his wife.","burner - ceramic","Kiowa","Pueblo II - III","Ceramic","Zalce, Alfredo","700"
"1900-1900","Sandy Scott","0","41689","Anth- Gold","5645   223","Anthropology","Overall: 40 x 71 3 4 x 3 1 4 in. (101.6 x 182.2 x 8.3 cm)","Plaque","5645.223","The Voyages to Western New France, called Canada, Made by Le Sr. De Champlain, Captain for the King in the Navy of Ponant, and all the Discoveries He Made from 1603 to 1629.","This item is a gold plaque with a design of two tigers.","Creek-Pawnee","Late Preclassic to Classic","Gold","Scott, Sandy","0"
"1532","Jim Agius","0","16650","(not assigned)","6124  1140","Anthropology","Overall: 24 1 8 x 33 x 3 1 2 in. (61.3 x 83.8 x 8.9 cm)","Pipe Bowl","6124.114","Account of What Happened at the Mission of the Fathers of the Company of Jesus in the Hurons, a Country of New France, Between the Years of 1648 and 1649.","pipe bowl - Stone","Creek-Potawatomi","Classic to Epiclassic","Stone","Agius, Jim","-1000"
"1632","Forest Hart","0","18529","(not assigned)","7137   236","Anthropology","Overall: 33 1 2 x 40 1 2 x 2 in. (85.1 x 102.9 x 5.1 cm)","Basket","7137.236","Announcement of the 1883 Expedition into Oklahoma","basket - coiled   Willow   devil's claw - Pima","Creek","Archaic","Coiled Willow Devil'S Claw","Hart, Forest","1900"
"1650","Jay Philip O'Meilia","0","41691","Anth- Hide","8926    49","Anthropology","Overall: 36 1 4 x 31 1 2 x 3 in. (92.1 x 80 x 7.6 cm)","Hide","8926.49","George Custer Telegram","This is a painted buffalo hide with fur.  On the hide, there are pictograph drawings depicting varied events, which include:  Sun Dance, buffalo hunt, ceremonial dance, women with baby cradles, parfleche, travais, dog with travais, courting, tipis, two wh","Northern Cheyenne","Woodland","Painted Hide","O'Meilia, Jay Philip","0"
"1883","Silvestre Chacon","0","25499","(not assigned)","9736    94","Anthropology","Overall: 29 5 8 x 4 1 8 x 36 in. (75.2 x 10.5 x 91.4 cm)","Book","9736.94","Articles of Confederation 1777","This is an Extract or Collection of 3 of the Isles Newly Found in the Great Sea in the time of the King of Spain Ferdinand and Elizabeth, his wife.  (1 on Cuba, 1 on Atlantic, and 1 on Cortes)  Author is Pierre Martyr de Millan.","Chiricahua Apache","Archaic","Paper","Chacon, Silvestre","0"
"Mar. 4, 1876","William Keith","0","41698","Arc- Book","2475   144","ArchivalCollection","Overall: 45 3 8 x 35 3 8 x 3 3 4 in. (115.3 x 89.9 x 9.5 cm)","Book","2475.144","Paul Revere Certification 1775","This is a book about Champlain's voyages to Western New France (called Canada) from 1603 to 1629.  The publisher is Louis SEVESTRE, Paris - Church No. 420; Sabin No. 11839.","Zia","Paleolithic","Paper","Keith, William","0"
"1777","Alfred Jacob Miller","0","41699","Arc- Book","2476   169","ArchivalCollection","Overall: 23 1 2 x 20 x 2 1 4 in. (59.7 x 50.8 x 5.7 cm)","Book","2476.169","Declaration of Independence 1777","This is a book of the account of what happened at the Mission of the Fathers of the Company of Jesus in the Hurons, a country of New France, between the years 1648 and 1649.  The author is Fr. Paul Ragueneau.  It also includes a report sent to the Rev. Fr","Quapaw","Late Paleolithic","Paper","Miller, Alfred Jacob","0"
"1775","Alfred Jacob Miller","0","41700","Arc- Book","2576  2023","ArchivalCollection","Overall: 41 3 4 x 59 5 8 x 3 in. (106 x 151.4 x 7.6 cm)","Announcement","2576.2023","Petition to John J. Floyd from Thomas Jones","This is an announcement of the 1883 expedition into Oklahoma.  It is very rare.  (Payne, D.L. - Oklahoma Colony)","Mississippian","Archaic","Paper","Miller, Alfred Jacob","0"
"1777","Charles Willson Peale","0","26784","(not assigned)","2716    37","ArchivalCollection","Overall: 19 1 4 x 29 1 2 x 3 5 8 in. (48.9 x 74.9 x 9.2 cm)","Telegram","2716.37","Algonquin Manuscript - 1645","This is a telegram written by George A. Custer to Lawrence Bonnett; it is written on a Western Union form.  It says,  We start to meet Sitting Bull tomorrow will reach Lincoln Monday ","Unknown","Woodland","Paper","Peale, Charles Willson","0"
"June 13, 1863","John Wesley Jarvis","0","41703","Arc- Broadside","3527   413","ArchivalCollection","37 x 47 x 3 1 2 in. (94 x 119.4 x 8.9 cm)","Manuscript","3527.413","Letter to Archbishop Cisneros 1512","manuscript - Articles of Confederation 1777 - paper Paper","Mogollon","Woodland","Paper","Jarvis, John Wesley","0"
"1645","George de Forrest Brush","0","41702","Arc- Letter","3826   764","ArchivalCollection","Overall: 71 x 101 x 4 in. (180.3 x 256.5 x 10.2 cm)","Manuscript","3826.764","Cortez Decree 1521","manuscript - Paul Revere Certification 1775 - paper Paper","Zapotec","Historic","Paper","Brush, George de Forrest","0"
"1521","Charles Bird King","0","14119","(not assigned)","4026   312","ArchivalCollection","Overall: 90 x 60 in. (228.6 x 152.4 cm)","Manuscript","4026.312","Letter to King Charles V","manuscript - Declaration of Independence 1777 - paper Paper","Maya","Historic","Paper","King, Charles Bird","0"
"1519","William Tylee Ranney","0","27875","Arc- Manuscript","4026   899","ArchivalCollection","Overall: 53 1 4 x 40 1 2 x 4 in. (135.3 x 102.9 x 10.2 cm)","Book","4026.899","Letter from Benjamin Franklin and Silas Deane to Baron de Schulenburg","This is a petition to John J. Floyd (Judge, Georgia Supreme Court) from Thomas Jones on behalf of Sarah Harris and writ of Habeas corpus.","Archaic","Historic","Paper","Ranney, William Tylee","1777"
"Feb 14, 1777","George Inness","0","27245","Arc- Manuscript","4026   900","ArchivalCollection","Overall: 71 x 144 1 2 x 4 3 4 in. (180.3 x 367 x 12.1 cm)","Manuscript","4026.9","The Cherokee Advocate","Hand-bound document written in French, entitled Relation du Voyage en lannee 1645 au Nom du Roy au Pays des Algoumequins Dans la Novelle France ou Canada, et de la maniere de vivre des sauvages (Narrative of the Voyage made in year 1645 in Name of King","Woodland","Historic","Paper","Inness, George","1775"
"Feb. 26, 1898","Winslow Homer","0","27554","Arc- Manuscript","4026   901","ArchivalCollection","Overall: 36 3 8 x 2 5 8 x 46 1 2 in. (92.4 x 6.7 x 118.1 cm)","Manuscript","4026.901","Sooners passing through Cherokee Outlet","Paper Columbus, Diego","Archaic","Historic","Paper","Homer, Winslow","1777"
"July 12, 1861","Albert Bierstadt","0","41694","Arc- Manuscript","4026  1531","ArchivalCollection","Overall: 32 1 8 x 50 1 8 x 4 1 4 in. (81.6 x 127.3 x 10.8 cm)","Manuscript","4026.1531","Photo Postcard","manuscript - cortez - Cortez Decree 1521 cortez","Paleoindian","Historic","Oil on Canvas","Bierstadt, Albert","0"
"Sept. 2, 1861","Thomas Eakins","0","34698","Arc- Manuscript","4026  5259","ArchivalCollection","Overall: 49 x 43 in. (124.5 x 109.2 cm)","Letter","4026.5259","Ft. Reno ledgerbook","This is a letter from Diego Columbus to Charles V, in which Diego outlines his future plans for colonization of the Spanish Indies.  He also voices his support of the crusade of the Spanish Friar, las Casas, who was at that time in Spain, campaigning for","Unknown","Historic","Oil on Canvas","Eakins, Thomas","1645"
"Aug. 1865","John James Audubon","0","26225","(not assigned)","4026  8435","ArchivalCollection","47 3 8 x 65 1 2 x 1 3 4 in. (120.3 x 166.4 x 4.4 cm)","Newspaper","4026.8435","Codex Canadiensis","This is a letter from Benjamin Franklin and Silas Deane,  Commissioners Plenipotentiary for the U.S. of No. America,  to Baron de Schulenburg.","Archaic","Historic","Bronze","Audubon, John James","0"
"1543","Thomas Moran","1","26261","Arc- Manuscript","4075    67","ArchivalCollection","Image 40 1 2  x 60 1 2 ","Print, Photographic","4075.67","Confederate Treaty","The Cherokee Advocate newspaper from Feb. 26, 1898.","Woodland","Mississippian","Bronze","Moran, Thomas","0"
"1532","Frank Tenney Johnson","0","27198","Arc- Manuscript","4075  3916","ArchivalCollection","Overall: 29 1 4 x 26 1 4 x 3 1 2 in. (74.3 x 66.7 x 8.9 cm)","Postcard","4075.3916","Confederate 20 Dollar Bill","Sepia-colored photograph of Sooners passing through Cherokee outlet waiting to cross swollen Salt Fork River railroad bridge seen at right.","Woodland","Historic","Bronze","Johnson, Frank Tenney","1521"
"1996","Henry F. Farny","0","27921","Arc- Manuscript","4075  3918","ArchivalCollection","Overall: 26 1 2 x 39 5 8 x 3 1 4 in. (67.3 x 100.6 x 8.3 cm)","Book","4075.3918","Discharge Paper for Sidney S. Dailey","This is a photo postcard, printed in color with a reproduction of a Charley Russell watercolor of a saloon scene with three men lounging at a bar while another fires at the feet of still another.  Words at the bottom read,  Dance! you short-horn dance! ","Nez Perce"," ","Bronze","Farny, Henry F.","0"
"1998","Charles C. Schreyvogel","0","41692","Arc- Manuscript","4076  3914","ArchivalCollection","43 1 2 x 34 x 2 3 4 in. (110.5 x 86.4 x 7 cm)","Sketch Book","4076.3914","Doctrina Cristiana","book - unknown - Ft. Reno ledgerbook - drawings Drawings unknown","Aleut"," ","Bronze","Schreyvogel, Charles C.","0"
"1996","# Hogue, Alexandre","0","41717","Arc- Newspaper","4126   121","ArchivalCollection","Overall: 29 3 8 x 35 5 8 x 2 3 8 in. (74.6 x 90.5 x 6 cm)","Treaty","4126.121","Diego Truxillo Account of the Conquest of Peru","sketch book - Codex Canadiensis - paper Paper","Lakota (Sioux)"," ","Bronze","Leigh, William Robinson","1898"
"1876","William Robinson Leigh","1","28369","Arc- Photograph","4326  3522","ArchivalCollection","Overall: 29 3 4 x 34 3 4 x 2 1 8 in. (75.6 x 88.3 x 5.4 cm)","Money","4326.3522","Antelope Head with Perdenal","This is a Confederate Treaty (Albert Pike, Commissioner for Confederate States) signed by representatives of the Choctaw and Chickasaw Nations.","Crow"," ","Bronze","Remington, Frederic","0"
"1851","Frederic Remington","0","41704","Arc- Photograph","4327  8698","ArchivalCollection","Overall: 34 1 2 x 39 5 8 x 2 1 2 in. (87.6 x 100.6 x 6.4 cm)","Discharge Paper","4327.8698","Mercado de Flores","Confederate 20 Dollar Bill","Chippewa"," ","Oil on Canvas","Remington, Frederic","0"
"1856-1856","Frederic Remington","0","27460","(not assigned)","4526    11","ArchivalCollection","50 1 4 x 49 x 2 1 8 in. (127.6 x 124.5 x 5.4 cm)","Book","4526.11","Above It All","This is a discharge paper for Sidney S. Dailey from military service.","Lakota (Sioux)"," ","Oil on canvas","Cassatt, Mary","0"
"1833","Mary Cassatt","0","27232","(not assigned)","4726     7","ArchivalCollection","Overall: 35 1 2 x 41 1 2 x 2 1 8 in. (90.2 x 105.4 x 5.4 cm)","Diego Truxillo Account","4726.7","Large Heron Pair","Doctrina Cristiana (Christian doctrine) is one of the first books printed in the Americas.  The Doctrina Cristiana was a text used by a bishop and other church officials to spread Christian theology to the native peoples.  Bishop Juan de Zumarraga is lis","Zuni"," ","Oil on canvas","Sharp, Joseph Henry","0"
"1883","Joseph Henry Sharp","0","41693","Arc- Treaty","4826    17","ArchivalCollection","39 7 8 x 34 x 3 1 8 in. (101.3 x 86.4 x 7.9 cm)","Painting","4826.17","Plains Grizzly (Black Bear)","Conquistador Diego de Trujillos (Truxillo) eyewitness account of the conquest of the Incas in Peru by Spain in the year 1532.  Trujillo describes the climate, food, and the native peoples.","Cheyenne"," ","Oil on Canvas","Sharp, Joseph Henry","0"
"1849","Joseph Henry Sharp","0","41696","Arc- Brochure","5126   166","ArchivalCollection","Overall: 24 1 2 x 29 1 2 x 3 3 8 in. (62.2 x 74.9 x 8.6 cm)","Painting","5126.166","Twins","Oil on canvas by Georgia O'Keeffe.  Descriptive title  Antelope Head with Perdenal. ","Mississippian"," ","Oil on Canvas","Berninghaus, Oscar Edmund","0"
"1883-1883","Oscar Edmund Berninghaus","0","41697","Arc- Brochure","5126   184","ArchivalCollection","Overall: 13 3 8 x 22 x 2 in. (34 x 55.9 x 5.1 cm)","Bronze Sculpture","5126.184","The Strength of the Maker","Zalce, Alfredo  Mercado de Flores  oil on canvas","Inuit"," ","Oil on Panel","Blumenschein, Ernest Leonard","0"
"1891","Ernest Leonard Blumenschein","0","41718","Art- Miscellaneous","5345   822","ArchivalCollection","Overall: 23 x 35 in. (58.4 x 88.9 cm)","Bronze","5345.822","Frontier Woman","Outdoor bronze sculpture of an eagle with outstretched wings by Sandy Scott."," "," ","Oil on wood panel","Hennings, Ernest Martin","1543"
"1870","Ernest Martin Hennings","0","41716","Arc- Miscellaneous","H     D       142","ArchivalCollection","Overall: 25 x 40 1 8 x 2 3 8 in. (63.5 x 101.9 x 6 cm)","Bronze","H.D. 142","Simon Bolivar","Bronze sculpture by Forest Hart, entitled  Twins.   Sculpture of a whitetail doe listening intently as her two small fawns explore about her legs."," "," ","Oil on Canvas","Henri, Robert","1532"
"1895","Robert Henri","1","13182","Art- Painting","1  2521","Art","26 x 40 1 4 x 2 1 8 in. (66 x 102.2 x 5.4 cm)","Bronze Sculpture","1.2521","Sierra Nevada Mountains","Bronze bust of Columbian President Sim=n Bolfvar (1783-1830) by Silvestre Chac=n.  Bolivar was known as  El Liberator  by the people of South America, where he helped to liberate Venezuela, Columbia, Ecuador and Bolivia, the latter of which he is the name"," "," ","Oil","Berninghaus, Oscar Edmund","0"
"1845","Oscar Edmund Berninghaus","0","13213","Art- Painting","1  2553","Art","15 3 8 x 13 x 2 1 2 in. (39.1 x 33 x 6.4 cm)","Bronze","1.2553","Fort Laramie","Keith, William - Sierra Nevada Mountains - oil on canvas."," "," ","Oil on Canvas","Blumenschein, Ernest Leonard","1996"
"1900","Ernest Leonard Blumenschein","1","4167","Art- Sculpture","8   206","Art","26 1 4 x 18 3 4 x 1 7 8 in. (66.7 x 47.6 x 4.8 cm)","Bronze","8.206","Snake and Sioux Indians on Warpath","Miller, Alfred Jacob - Fort Laramie - oil on canvas."," "," ","Oil on Canvas","Russell, Charles Marion","1998"
"1926","Charles Marion Russell","0","40966","Art- Sculpture","8   210","Art","Overall: 48 x 35 1 2 in. (121.9 x 90.2 cm)","Bronze Sculpture","8.21","James Madison","Miller, Alfred Jacob - Snake and Sioux Indians on Warpath - oil   canvas"," "," ","Oil on Canvas","Serrano, Juan","0"
"1903","Juan Serrano","0","40964","Art- Sculpture","8   212","Art","Overall: 30 1 4 x 46 1 2 x 4 1 2 in. (76.8 x 118.1 x 11.4 cm)","Oil Painting","8.212","Black Hawk and His Son Whirling Thunder"," James Madison  by Charles Willson Peale, oil on canvas.  Maker's Mark Inscription: On verso,  Jas. Madison, P.U.S., C.W. Peale, pinx.  Inscribed in C.W. Peale's hand in u.l. corner beyond the oval,  58.   Portrait image of Madison's head and shoulders, w"," "," ","Oil on Canvas","Soriano, Juan","0"
"1939","Juan Soriano","0","4171","Art- Sculpture","8   213","Art","27 1 2 x 34 1 8 x 3 3 8 in. (69.9 x 86.7 x 8.6 cm)","Oil Painting","8.213","Mourning Her Brave","Jarvis, John Wesley - Black Hawk and His Son Whirling Thunder - oil on canvas. 0,13495,0126.1179,126  1179,Art,Art- Painting,,,Albert Bierstadt,Bierstadt"," "," ","Oil on Canvas","Romero, Carlos Orozco","1996"
"1914","Carlos Orozco Romero","0","40968","Art- Sculpture","8   214","Art","Overall: 18 x 28 in. (45.7 x 71.1 cm)","Oil Painting","8.214","David Vann","Brush, George de Forrest - Mourning Her Brave - oil on panel.  Image of an American Indian woman standing on a snowy cliff, barefoot.  Above her lies the wrapped body of her deceased mate, and birds fly in the hazy gray sky."," "," ","Oil on Canvas","Rivera, Diego","0"
"1908","Diego Rivera","0","40971","Art- Sculpture","8   215","Art","Overall: 11 3 4 x 21 3 4 in. (29.8 x 55.2 cm)","Oil Painting","8.215","Boone's First View of Kentucky","King, Charles Bird - David Vann - oil   wood panel"," "," ","Oil on Canvas","Reynolds, Joshua Sir","0"
"1908","Joshua Reynolds","1","4172","Art- Sculpture","8   217","Art","Overall: 15 1 2 x 16 in. (39.4 x 40.6 cm)","Oil Painting","8.217","A Windy Day","Ranney, William Tylee - Boone's First View of Kentucky - oil   canvas"," "," ","Oil on Canvas","Whistler, James Abbott McNeill","0"
"1879","James Abbott McNeill Whistler","1","13323","Art- Painting","116  2077","Art","Overall: 14 1 2 x 28 in. (36.8 x 71.1 cm)","Oil Painting","116.2077","Watching the Breakers","Inness, George - Windy Day   A - oil"," "," ","Oil on Canvas","Catlin, George","1876"
"1939-1939","George Catlin","1","256","Art- Painting","126   727","Art","Overall: 14 3 4 x 23 1 2 in. (37.5 x 59.7 cm)","Oil Painting","126.727","Sierra Nevada Morning"," Watching the Breakers  by Winslow Homer, oil on canvas.  Image of two women in 1890's period clothing standing on a rocky shoreline while white waves crash by and around them.  The woman on the left carries a basket, the woman on the right holds a red bl"," "," ","Oil on Canvas","Sargent, John Singer","1851"
"1910-1910","John Singer Sargent","1","260","Art- Painting","126   731","Art","Overall: 28 1 4 x 18 1 2 in. (71.8 x 47 cm)","Oil Painting","126.731","Frank Hamilton Cushing","Bierstadt, Albert - Sierra Nevada Morning - oil on canvas."," "," ","Oil on Canvas","Auchiah, James","1856"
"1927-1927","James Auchiah","1","13437","Art- Painting","126  1006","Art","Overall: 18 x 23 1 4 in. (45.7 x 59.1 cm)","Oil Painting","126.1006","The Wild Turkey"," Frank Hamilton Cushing  by Thomas Eakins, oil on canvas.  Image of Cushing in American Indian clothing with associated implements on wall behind him."," "," ","Oil on Canvas","Blue Eagle, Acee","0"
"1917","Acee Blue Eagle","1","13438","Art- Painting","126  1007","Art","Overall: 17 x 23 3 4 in. (43.2 x 60.3 cm)","Oil Painting","126.1007","Shoshone Falls on the Snake River","Audubon, John James - The Wild Turkey - oil   canvas"," "," ","Oil on Canvas","Crumbo, Woodrow Wilson","1833"
"1947-1947","Woodrow Wilson Crumbo","1","13504","Art- Painting","126  1189","Art","Overall: 28 x 38 in. (71.1 x 96.5 cm)","Oil Painting","126.1189","California or Oregon","Moran, Thomas - Shoshone Falls on the Snake River - oil   canvas"," "," ","Oil on Canvas","Beaver, Fred","1883"
"1915-1915","Fred Beaver","3","13507","Art- Painting","126  1193","Art","Image 10 1 2  x 7  Frame 11  x 7 1 2 ","Oil Painting","126.1193","The Sorcerer","Johnson, Frank Tenney - California or Oregon - oil on canvas.  Image of a man sitting atop a wagon pulled by two horses.  The man is facing the left of the image.  Standing near the wagon is a dog looking to the right.  In the background are hills and a r"," "," ","Oil on Canvas","Goodbear, Paul J.","0"
"1944","Paul J. Goodbear","1","13534","Art- Painting","126  1233","Art","9 1 4 x 7 5 8 in. (23.5 x 19.4 cm)","Oil Painting","126.1233","Breaking through the Line","Farny, Henry F. - Sorcerer   The - oil on canvas."," "," ","Oil on Canvas","Houser, Allan","1849"
"1940","Allan Houser","1","195","Art- Painting","126  2260","Art","7 3 4 x 6 x 7 1 8 in. (19.7 x 15.2 x 18.1 cm)","Oil Painting","126.226","Crucified Land","Schreyvogel, Charles C. - Breaking through the Line - oil   canvas"," "," ","Oil on Canvas","Chase, Robert G.","1883"
"1937","Robert G. Chase","1","199","Art- Painting","126  2264","Art","11 1 2 x 7 3 16 in. (29.2 x 18.3 cm)","Oil Painting","126.2264","A Close Call"," Crucified Land  by Alexandre Hogue, oil on canvas.  Image of a skeletal eroded field bisected by a dry creek bed in the center foreground.  The worn tattered garments of a former scarecrow hang from a tilted cross in the upper left image quadrant.  In th"," "," ","Oil on Canvas","Herrera, Velino Shije","1891"
"1762","Velino Shije Herrera","1","204","Art- Painting","126  2305","Art","4 1 2 x 9 1 2 in. (11.4 x 24.1 cm)","Oil Painting","126.2305","An Episode of the Buffalo Hunt","Leigh, William Robinson - A Close Call (1914) - oil on canvas."," "," ","Oil","Seltzer, Olaf Carl","1870"
"1866","Olaf Carl Seltzer","1","205","Art- Painting","126  2315","Art","8 1 2 x 6 13 16 in. (21.6 x 17.3 cm)","Oil Painting","126.2315","The Stampede","Remington, Frederic - An Episode of the Buffalo Hunt - oil on canvas."," "," ","Oil on Linen Canvas","Russell, Charles Marion","1895"
"1847","Charles Marion Russell","1","212","Art- Painting","126  2322","Art","2 x 4 13 16 x 8 in. (5.1 x 12.3 x 20.3 cm)","Oil Painting","126.2322","Portrait of an Italian Lady","Remington, Frederic - The Stampede - oil on canvas.  Image of an African American cowboy on horseback with stampeding cows in the background.  Rain is pouring and lightning flashes in the dark sky above."," "," ","Oil"," ","1845"
"1918-1918"," ","2","216","Art- Painting","126  2339","Art","1 x 3 1 4 x 4 7 16 in. (2.5 x 8.3 x 11.2 cm)","Oil Painting","126.2339","Morning in Aspen Forest - Near Taos, Hondo Caon"," Portrait of an Italian Lady  by Mary Cassatt, subtitled  Madame Marie Del Sarte.  Oil on canvas.  Image of a seated woman in a black dress with white collar.  She is turned 3 4 to the viewer's left.  The work is unfinished."," "," ","Oil on Canvas"," ","1900"
"1939"," ","1","299","Art- Painting","127  1090","Art","4 3 16 x 1 11 16 x 8 3 4 in. (10.6 x 4.2 x 22.2 cm)","Oil Painting","127.109","Studio Visitors","Sharp, Joseph Henry - Morning in Aspen Forest - Near Taos, Hondo Caon - oil   canvas Maker's Mark Inscription: Morning in Aspen Forest-Near Taos, Hondo Caon,1939-1940.  Near end of trail to Twining , old mining town. J.H. Sharp, in pencil on dust cover"," "," ","Oil on Canvas"," ","1926"
"1939"," ","1","315","Art- Painting","127  1225","Art","1 15 16 x 1 13 16 x 4 5 16 in. (4.9 x 4.6 x 11 cm)","Oil Painting","127.1225","Too Old For the Rabbit Hunt","Sharp, Joseph Henry - Studio Visitors - oil on canvas.  Maker's Mark Inscription: On a piece of cardboard, nailed to the frame: -Apaches- (Studion Visitors) Apaches, Utes, Pueblos from along the Rio Grande, others from Oklahoma and the north came to Taos"," "," ","Oil on board"," ","1903"
"1958"," ","0","316","Art- Painting","127  1235","Art","3 8 x 1 5 16 x 3 3 4 in. (0.9 x 3.4 x 9.5 cm)","Oil Painting","127.1235","Superstition","Berninghaus, Oscar Edmund - Too Old For the Rabbit Hunt - oil   canvas"," "," ","Oil on Board"," ","0"
"21-Jun-32"," ","1","553","Art- Painting","127  2000","Art","1 4 x 1 1 4 x 2 7 16 in. (0.7 x 3.2 x 6.1 cm)","Oil Painting","127.2","In Mountain Foothills","Blumenschein, Ernest Leonard - Superstition - oil on canvas.  Image of a seated Native American man holding a dual-spouted vessel.  The wall behind the man is colorfully painted and hung with a ceremonial mask to the viewer's left and a crucifix to the vi"," "," ","Oil on Masonite"," ","1939"
"1550 -- 1750 CE"," ","0","601","Art- Painting","127  2232","Art","9 16 x 2 3 16 x 5 1 4 in. (1.4 x 5.5 x 13.4 cm)","Oil Painting","127.2232","Gregorita, Indian of Santa Clara","Hennings, Ernest Martin - In Mountain Foothills - oil   canvas"," "," ","Oil on Canvas"," ","1914"
"1000 -- 1600 CE"," ","6","643","Art- Painting","127  2308","Art","3 16 x 1 13 16 x 4 7 16 in. (0.5 x 4.6 x 11.3 cm)","Oil Painting","127.2308","Chamiso Along the Roadside","Henri, Robert - Gregorita, Indian of Santa Clara - oil"," "," ","Oil on Canvas"," ","1908"
"1200 -- 1500 CE"," ","1","653","Art- Painting","127  2329","Art","7 16 x 2 7 16 x 2 3 16 in. (1.1 x 6.2 x 5.5 cm)","Oil Painting","127.2329","Ranchos Church with Indians","Berninghaus, Oscar Edmund - Chamiso Along the Roadside - oil"," "," ","Oil on Canvas"," ","1908"
"900 -- 1200 CE"," ","1","762","Art- Painting","127  2513","Art","15 1 8 x 20 9 16 in. (38.5 x 52.2 cm)","Oil Painting","127.2513","Meats not Meat 'Till It's in the Pan","Blumenschein, Ernest Leonard - Ranchos Church with Indians - oil"," "," ","Oil on Canvas"," ","1879"
"500 BCE -- 700 CE"," ","1","1348","Art- Painting","137   320","Art","2 1 2 x 1 3 8 x 16 in. (6.4 x 3.4 x 40.6 cm)","Oil Painting","137.32","Mexicans Lassoing Bull","Russell, Charles Marion - Meat's not Meat 'Till It's in the Pan - oil   canvas"," "," ","Tempera on Paper"," ","1939"
"300 -- 900 CE"," ","1","1525","Art- Painting","137   509","Art","3 13 16 in. (9.7 cm)","Oil Painting","137.509","Nina Muerta (Dead Infant)","Serrano, Juan - Mexicans Lassoing Bull - oil   canvas"," "," ","Tempera"," ","1910"
"6000 -- 1000 BCE"," ","1","1541","Art- Painting","137   524","Art","21 x 14 in. (53.3 x 35.6 cm)","Oil Painting","137.524","Cautivos","Soriano, Juan - Nina Muerta (Dead Infant) - oil on board."," "," ","Watercolor and Tempera on Paper"," ","1927"
"1000 BCE -- 700 CE"," ","1","1549","Art- Painting","137   531","Art","14 1 2 x 43 in. (36.8 x 109.2 cm)","Oil Painting","137.531","Cabeza De Indio (Head of Indian)","Romero, Carlos Orozco - Cautivos - oil on board."," "," ","Tempera"," ","0"
"8000 -- 1000 BCE"," ","1","1571","Art- Painting","137   552","Art","37 x 42 in. (94 x 106.7 cm)","Oil Painting","137.552","Portrait of Syacust Ukah, 1762","Rivera, Diego - Cabeza De Indio (Head of Indian) - oil on Masonite."," "," ","Tempera"," ","0"
"12000 -- 10000 BCE"," ","1","1589","Art- Painting","137   570","Art","2 3 8 x 2 11 16 x 7 in. (6 x 6.8 x 17.8 cm)","Oil Painting","137.57","Nocture, The Solent","Reynolds, Sir Joshua - Portrait of Syacust Ukah, 1762 - oil   canvas"," "," ","Tempera"," ","1917"
"10000 -- 7000 BCE"," ","2","1186","Art- Painting","137  2085","Art","17 1 2 x 29 3 4 in. (44.5 x 75.6 cm)","Oil Painting","137.2085","The Bear Dance (Sioux)","Whistler, James Abbott McNeill - Nocturne, The Solent - oil on canvas."," "," ","Watercolor"," ","1947"
"5000 -- 1000 BCE"," ","2","1201","Art- Painting","137  2195","Art","3 16 x 3 5 16 in. (0.5 x 8.5 cm)","Oil Painting","137.2195","The Arrival of American Troops at the Front","Catlin, George - The Bear Dance (Sioux) - oil on canvas."," "," ","Tempera"," ","0"
"2500 BCE -- 200 CE"," ","1","1222","Art- Painting","137  2244","Art","1 1 2 x 4 x 8 3 4 in. (3.8 x 10.2 x 22.2 cm)","Oil Painting","137.2244","Four Dance Figures","Sargent, John Singer - Arrival of American Troops at the Front   The - oil   canvas"," "," ","Pen and Ink Watercolor on Paper"," ","1915"
"1000 BCE -- 1000 CE"," ","0","1950","Art- Painting","147  1511","Art"," ","Oil Painting","147.1511","Creek Chiefs","Auchiah, James - Four Dance Figures - tempera   paper"," "," ","Ink and watercolor on paper"," ","0"
"1800s"," ","1","1954","Art- Painting","147  2006","Art"," ","Oil Painting","147.2006","Burial Ceremony-Spirit Assending","Blue Eagle, Acee - Creek Chiefs - tempera"," "," ","Ceramic"," ","1944"
"1800s"," ","1","1956","Art- Painting","147  2008","Art"," ","Oil Painting","147.2008","Seminole Making Sofkey","Crumbo, Woodrow Wilson - Burial Ceremony-Spirit Ascending - tempera   watercolor   paper"," "," ","Ceramic"," ","1940"
"ca. 1890-1900"," ","1","1967","Art- Painting","147  2022","Art"," ","Tempera Painting","147.2022","Cheyenne War Dance","Beaver, Fred - Seminole Making Sofkey - tempera."," "," ","Earthenware"," ","1937"
"1800s"," ","6","1980","Art- Painting","176  1017","Art"," ","Tempera Painting","176.1017","Sneaking Out","Goodbear, Paul J. - Cheyenne War Dance - tempera"," "," ","Ceramic"," ","1762"
"Early 1900s"," ","1","1982","Art- Painting","176  1185","Art"," ","Watercolor and Tempera Painting","176.1185","The Market","Houser, Allan - Sneaking Out - tempera"," "," ","Earthenware"," ","1866"
"ca. 1870"," ","1","2045","Art- Painting","176  2171","Art"," ","Tempera Painting","176.2171","The Zuni Olla Girls","Chase, Robert G. - The Market - watercolor."," "," ","Clay"," ","1847"
"Early 1900s"," ","1","2056","Art- Painting","177  1219","Art"," ","Tempera Painting","177.1219","Illustrated Letter, Early Western Travelogue (Opus 7)  The Long Trail ","Herrera, Velino Shije - Zuni Olla Girls   The - tempera"," "," ","Chalcedony"," ","1918"
"1800s"," ","1","3054","Art- Painting","227    24","Art"," ","Tempera Painting","227.24","Friend Young Boy","This is an illustrated letter by Olaf Seltzer.  The drawing depicts a train in the background that's steaming toward the foreground.  There are power lines pictured to the right side and five horses running across the train tracks, from right to left."," "," ","Stone"," ","1939"
"700 -- 1500 CE"," ","1","3243","Art- Painting","227   469","Art"," ","Watercolor Painting","227.469"," ","letter"," "," ","Porphyry"," ","0"
"Early 1900s"," ","1","3257","Art- Painting","227   483","Art"," ","Tmepera Painting","227.483"," ","Bottle -- decorated with red painted swastikas on white painted background Quapaw potters of the Protohistoric (Late Mississippian) era extended the ceramics technology of the lower Mississippi River Valley and continued ancestral Mississippian themes"," "," ","Chert"," ","0"
" "," ","1","3300","Art- Painting","227   531","Art"," ","Illustrated Letter","227.531"," ","Hump Backed Human Effigy Bell Plain (highly polished) pottery type -- Bell Plain is prevalent at sites along the Mississippi River in Arkansas.  It has finely crushed shell temper, a well polished to highly polished surface, and varies in color from sh"," "," ","Stone"," ","0"
" "," ","1","3327","Art- Painting","227   573","Art"," ","Watercolor and Ink Painting","227.573"," ","54.7758  Ceramic Effigy Urns  Zapotec    Monte Alban, Oaxaca, Mexico  Earthenware  500 BC to AD 700    Ceramic figurines effigy effigies   Prehistoric      Mesoamerican  Mexico Mexican sculpture  Ritual Ceremonial   Art  Precolumbian Pre-columbian  art m"," "," ","Stone"," ","1939"
" "," ","1","3345","Art- Painting","227   597","Art"," ","Ceramic Vessel","227.597"," ","54.7767  Human Effigy Rattles  Maya  Ignacio Bernal #1400    Clay  AD 300 to 900       Mesoamerican  Mexico  Mexican Ritual Ceremonial effigys effigies Mayan sculpture  Art  Prehistoric     Precolumbian Pre-columbian  art mexican pre-columbian precolumb"," "," ","Stone"," ","0"
" "," ","0","2661","Art- Painting","227  1425","Art"," ","Ceramic Effigy Vessel","227.1425"," ","61.902  Bannerstones  Archaic    Christian County, KY  chalcedony  Archaic:  6000 BC - 1000 BC      Prehistoric    Banner Stones   Native American Indian  indians    Objects Closed Storage"," "," ","Stone"," ","1958"
" "," ","0","3965","Art- Painting","237   586","Art"," ","Ceramic Pitcher","237.586"," ","61.1007  Grooved Axes  Woodland      stone  Woodland Period -- 1000 BC - AD 700      Prehistoric      Native American Indian   Tools  Implements Eastern Woodlands stone Stone Tools  indians Michigan barb barbed    Objects Drawer 21"," "," ","Corn Husk, Yarn, Leather"," ","0"
" "," ","0","41705","Art- Drawing","237  1210","Art"," ","Ceramic Vessel","237.121"," ","61.1147  Bird Stones  Archaic  Circular tag outlined in red:  5   129   Noble County,  Ind  stone -- Porphyry  Archaic Period (8000 to 1000 BC)      Eastern Woodlands   Jewelry  Adornment Implements Ritual Ceremonial Religious Religion Ceremony   Native"," "," ","Ivory"," ","0"
" "," ","1","34645","Art- Painting","237  1584","Art"," ","Ceramic Effigy Urn","237.1584"," ","61.7095  Projectile Point (Clovis)s  Paleoindian    Madison County, Illinois  Chert  Late Paleolithic (10000 to 12000 BC)    Arrowheads Projectile Points   Prehistoric   Weapons  Darts  Native American Indian  indians arrow heads  arrowhead head    Objec"," "," ","Leather, Glass Beads, Metal, Feathers, Cotton String"," ","0"
" "," ","1","33826","Anth- Ceramic, Plaster","54   343","KravisDC"," ","Human Effigy Rattle","54.343"," ","61.7176  Projectile Point (Folsom)s      Jersey County, IL  stone  Late Paleolithic -- Early Archaic:  10,000 BC -- 7,000 BC    Arrowheads Projectile Points   Prehistoric   Weapons  Darts  Native American Indian  indians arrow heads  arrowhead head    Ob"," "," ","Leather, Glass Beads"," ","2003"
" "," ","1","33842","Anth- Ceramic, Plaster","54  1516","KravisDC"," ","Bannerstone","54.1516"," ","61.16989  Projectile Point (Smith)s    S-265  Lincoln County, Missouri   stone  Middle -- Late Archaic:  5,000 -- 1,000 BC    Arrowheads Projectile Points   Prehistoric   Weapons  Darts  Native American Indian  indians arrow heads  arrowhead head    Obje"," "," ","Glass Beads, Cotton, Velvet, Yarn, Cotton String"," ","2003"
" "," ","2","33955","Anth- Ceramic, Plaster","54  1706","KravisDC"," ","Grooved Axe","54.1706"," ","61.18541  Projectile Point (Fulton Turkey Tail)s  Woodland      stone  Late Archaic - Early Woodland:  2500 BC -- 200 BC    Arrowheads Projectile Points   Prehistoric   Weapons  Darts  Native American Indian  indians arrow heads  arrowhead head    Object"," "," ","Deer Skin, Beads, Mescal Seeds, Porcupine Quill"," ","2003"
" "," ","1","34280","Anth- Ceramic, Plaster","54  2868","KravisDC"," ","Bird Stone","54.2868"," ","61.91657  Projectile Point (Snyders)s  Woodland  S-3039    stone  Early to Late Woodland:  1,000 BC -- AD 1000    Arrowheads Projectile Points   Prehistoric   Weapons  Darts  Native American Indian  indians arrow heads  arrowhead head    Objects Drawer 1"," "," ","Wood, Pigment, Wool, Cotton String, Feathers, Metal Bells"," ","2003"
" "," ","2","33962","Anth- Ceramic, Plaster","54  7758","KravisDC"," ","Projectile Point (Clovis)","54.7758"," ","71.20  Cornhusk Bags  Nez Perce  G-2082    corn husk, yarn, leather  19th Century      Late 19th Century  Late 1800s    Native American Indians Corn Husk Bag Bags  Art  sally    Objects Drawer 3N  Plateau"," "," ","Leather, Pigment"," ","2003"
" "," ","1","33628","Anth- Ceramic, Plaster","54  7767","KravisDC"," ","Projectile Point (Folsom)","54.7767"," ","83.1184  Ivory Effigy Pipes  Aleut  Frank Engles Collection. #1167.  Kodiak Island, AK.   Ivory  19th Century      Native American Indians  Ritual Ceremonial Arctic  Eskimo Alaska tobacco ritual ceremonial  tobacco whale whales     Objects Enduring Spiri"," "," ","Whelk Shell, Pigment"," ","2003"
" "," ","1","30548","Anth- Stone","61   902","KravisDC"," ","Projectile Point (Smith)","61.902"," ","84.304  Moccasinss  Sioux  G-648 & 114    Leather, glass beads, metal, feathers, cotton string.    ca. 1890-1900      Early 20th Century  Early 1900s    Native American Indians  Beadwork Beads Beaded bead work   Clothing  Apparel Clothes  Footwear Shoes"," "," ","Seal Gut, Wood, Fur, Fish Skin, Cotton, Cotton String"," ","2003"
" "," ","1","32106","Anth- Stone","61  1007","KravisDC"," ","Projectile Point (Fulton Turkey Tail)","61.1007"," ","84.613  Beaded Bags  Crow  Emil Lender's Collection G-1655    Leather, glass beads  19th Century      Native American Indians  Beadwork Beads Beaded bead work Saddle Possible Tipi Tepee Teepee    Objects Drawer 3B  Plains"," "," "," "," ","2003"
" "," ","1","30238","Anth- Stone","61  1147","KravisDC"," ","Projectile Point (Snyders)","61.1147"," ","84.1718  Shoulder Bags  Chippewa      Glass beads, cotton, velvet, yarn, cotton string.   Early 20th Century    Bandolier Bags   Early 20th Century  Early 1900s    Native American Indians  Beadwork Beads Beaded bead work  Ojibwa Ojibway Ojibwe   Objects"," "," "," "," ","2003"
" "," ","1","30397","Anth- Stone","61  7095","KravisDC"," ","Cornhusk Bag","61.7095"," ","84.1795  Girl's Dresss  Lakota Sioux      deer skin, beads, mescal seeds, porcupine quill  ca. 1870      Clothing  Apparel Clothes  Beadwork Beads Beaded bead work   Native American Indians   Late 19th Century  Late 1800s   Great Plains  child's children"," "," "," "," ","2003"
" "," ","1","31351","Anth- Stone","61  7176","KravisDC"," ","Ivory Effigy Pipe","61.7176"," ","84.2683  Kachinas  Zuni  John R. Wilson Collection.     Wood, pigment, wool, cotton string, feathers, metal bells.   Early 20th Century      Early 20th Century  Early 1900s  Native American Indians  Ritual Ceremonial dolls katsina kechina cachina ketsina"," "," "," "," ","2003"
" "," ","1","31928","Anth- Stone","61 16989","KravisDC"," ","Moccasins","61.16989"," ","89.100  Parfleches  Cheyenne      Leather, pigment  19th Century    Late 19th Century  Late 1800s    Native American Indians  Art    Objects Drawer 7K  Plains"," "," "," "," ","2003"
" "," ","1","30971","Anth- Stone","61 18541","KravisDC"," ","Beaded Bag","61.18541"," ","90.453  Gorgets  Mississippian    Tennessee  whelk shell, pigment  AD 700 - 1500, Mississippian Period      Native American Indian   Prehistoric      Jewelry  Adornment  Eastern Woodlands  Ceremonial, Prestige, Ritual Moundbuilders Art, Ceremony, snake,"," "," "," "," ","2003"
" "," ","1","31748","Anth- Stone","61 91657","KravisDC"," ","Shoulder Bag","61.91657"," ","93.58  Dolls  Inuit  Frank Engles Collection. #1279.  Alaska  Seal gut, wood, fur, fish skin, cotton, cotton string.   Early 20th Century      Native American Indians  Stroud Cloth Strouding Eskimo Alaska Toys    Objects Drawer 25C  Arctic"," "," "," "," ","2003"
" "," ","2","33061","Anth- Basketry, Wicker-Work","71    20","KravisDC"," ","Girl's Dress","71.2"," "," "," "," "," "," ","2003"
" "," ","1","33501","Anth- Bone, Ivory, Antler","83  1184","KravisDC"," ","Kachina","83.1184"," "," "," "," "," "," ","2003"
" "," ","1","32921","Anth- Composition","84   304","KravisDC"," ","Parfleche","84.304"," "," "," "," "," "," ","2003"
" "," ","1","33025","Anth- Composition","84   613","KravisDC"," ","Gorget","84.613"," "," "," "," "," "," ","2003"
" "," ","1","34416","Anth- Composition","84  1718","KravisDC"," ","Doll","84.1718"," "," "," "," "," "," ","2004"
" "," ","0","34428","Anth- Composition","84  1795","KravisDC"," "," ","84.1795"," "," "," "," "," "," ","2004"
" "," ","1","33116","Anth- Composition","84  2683","KravisDC"," "," ","84.2683"," "," "," "," "," "," ","2003"
" "," ","1","33047","Anth- Leather, Sinew","89   100","KravisDC"," "," ","89.1"," "," "," "," "," "," ","2003"
" "," ","1","33274","Anth- Shell, Horn, Mother of Pearl","90   453","KravisDC"," "," ","90.453"," "," "," "," "," "," ","2003"
" "," ","1","33569","Anth- Land, Water Animals, Miscellaneous","93    58","KravisDC"," "," ","93.58"," "," "," "," "," "," ","2003"
" "," "," "," "," "," "," "," "," "," "," "," "," "," "," "," "," "
" "," "," "," "," "," "," "," "," "," "," "," "," "," "," "," "," "
" "," "," "," "," "," "," "," "," "," "," "," "," "," "," "," "," "
" "," "," "," "," "," "," "," "," "," "," "," "," "," "," "," "," "
" "," "," "," "," "," "," "," "," "," "," "," "," "," "," "," "," "
" "," "," "," "," "," "," "," "," "," "," "," "," "," "," "," "," "
" "," "," "," "," "," "," "," "," "," "," "," "," "," "," "," "," "
" "," "," "," "," "," "," "," "," "," "," "," "," "," "," "," "," "
" "," "," "," "," "," "," "," "," "," "," "," "," "," "," "," "," "
" "," "," "," "," "," "," "," "," "," "," "," "," "," "," "," "," "
" "," "," "," "," "," "," "," "," "," "," "," "," "," "," "," "," "
" "," "," "," "," "," "," "," "," "," "," "," "," "," "," "," "," "
" "," "," "," "," "," "," "," "," "," "," "," "," "," "," "," "," "
" "," "," "," "," "," "," "," "," "," "," "," "," "," "," "," "," "
" "," "," "," "," "," "," "," "," "," "," "," "," "," "," "," "," "
" "," "," "," "," "," "," "," "," "," "," "," "," "," "," "," "," "
" "," "," "," "," "," "," "," "," "," "," "," "," "," "," "," "," "
" "," "," "," "," "," "," "," "," "," "," "," "," "," "," "," "," "
" "," "," "," "," "," "," "," "," "," "," "," "," "," "," "," "," "
" "," "," "," "," "," "," "," "," "," "," "," "," "," "," "," "," "
" "," "," "," "," "," "," "," "," "," "," "," "," "," "," "," "," "
" "," "," "," "," "," "," "," "," "," "," "," "," "," "," "," "," "
" "," "," "," "," "," "," "," "," "," "," "," "," "," "," "," "," "
" "," "," "," "," "," "," "," "," "," "," "," "," "," "," "," "," "
" "," "," "," "," "," "," "," "," "," "," "," "," "," "," "," "," "
" "," "," "," "," "," "," "," "," "," "," "," "," "," "," "," "," "
" "," "," "," "," "," "," "," "," "," "," "," "," "," "," "," "," "
" "," "," "," "," "," "," "," "," "," "," "," "," "," "," "," "," "
" "," "," "," "," "," "," "," "," "," "," "," "," "," "," "," "," "
" "," "," "," "," "," "," "," "," "," "," "," "," "," "," "," "," "
" "," "," "," "," "," "," "," "," "," "," "," "," "," "," "," "," "
" "," "," "," "," "," "," "," "," "," "," "," "," "," "," "," "," "
" "," "," "," "," "," "," "," "," "," "," "," "," "," "," "," "," "
" "," "," "," "," "," "," "," "," "," "," "," "," "," "," "," "," "
" "," "," "," "," "," "," "," "," "," "," "," "," "," "," "," "," "
" "," "," "," "," "," "," "," "," "," "," "," "," "," "," "," "," "
" "," "," "," "," "," "," "," "," "," "," "," "," "," "," "," "," "
" "," "," "," "," "," "," "," "," "," "," "," "," "," "," "," "," "
" "," "," "," "," "," "," "," "," "," "," "," "," "," "," "," "," "
" "," "," "," "," "," "," "," "," "," "," "," "," "," "," "," "," "
" "," "," "," "," "," "," "," "," "," "," "," "," "," "," "," "," "
" "," "," "," "," "," "," "," "," "," "," "," "," "," "," "," "," "
" "," "," "," "," "," "," "," "," "," "," "," "," "," "," "," "," "
" "," "," "," "," "," "," "," "," "," "," "," "," "," "," "," "," "
" "," "," "," "," "," "," "," "," "," "," "," "," "," "," "," "," "
" "," "," "," "," "," "," "," "," "," "," "," "," "," "," "," "," "
" "," "," "," "," "," "," "," "," "," "," "," "," "," "," "," "," "
" "," "," "," "," "," "," "," "," "," "," "," "," "," "," "," "," "
" "," "," "," "," "," "," "," "," "," "," "," "," "," "," "," "," "
" "," "," "," "," "," "," "," "," "," "," "," "," "," "," "," "," "
" "," "," "," "," "," "," "," "," "," "," "," "," "," "," "," "," "
" "," "," "," "," "," "," "," "," "," "," "," "," "," "," "," "," "
" "," "," "," "," "," "," "," "," "," "," "," "," "," "," "," "," "
" "," "," "," "," "," "," "," "," "," "," "," "," "," "," "," "," "
" "," "," "," "," "," "," "," "," "," "," "," "," "," "," "," "," "
" "," "," "," "," "," "," "," "," "," "," "," "," "," "," "," "," "
" "," "," "," "," "," "," "," "," "," "," "," "," "," "," "," "," "
" "," "," "," "," "," "," "," "," "," "," "," "," "," "," "," "," "
" "," "," "," "," "," "," "," "," "," "," "," "," "," "," "," "," "
" "," "," "," "," "," "," "," "," "," "," "," "," "," "," "," "," "
" "," "," "," "," "," "," "," "," "," "," "," "," "," "," "," "," "
" "," "," "," "," "," "," "," "," "," "," "," "," "," "," "," "," "
" "," "," "," "," "," "," "," "," "," "," "," "," "," "," "," "," "
" "," "," "," "," "," "," "," "," "," "," "," "," "," "," "," "," "
" "," "," "," "," "," "," "," "," "," "," "," "," "," "," "," "," "
" "," "," "," "," "," "," "," "," "," "," "," "," "," "," "," "," "
" "," "," "," "," "," "," "," "," "," "," "," "," "," "," "," "," "
" "," "," "," "," "," "," "," "," "," "," "," "," "," "," "," "," "
" "," "," "," "," "," "," "," "," "," "," "," "," "," "," "," "," "
" "," "," "," "," "," "," "," "," "," "," "," "," "," "," "," "," "
" "," "," "," "," "," "," "," "," "," "," "," "," "," "," "," "," "
" "," "," "," "," "," "," "," "," "," "," "," "," "," "," "," "," "
" "," "," "," "," "," "," "," "," "," "," "," "," "," "," "," "," "
" "," "," "," "," "," "," "," "," "," "," "," "," "," "," "," "," "
" "," "," "," "," "," "," "," "," "," "," "," "," "," "," "," "," "
" "," "," "," "," "," "," "," "," "," "," "," "," "," "," "," "," "
" "," "," "," "," "," "," "," "," "," "," "," "," "," "," "," "," "
" "," "," "," "," "," "," "," "," "," "," "," "," "," "," "," "," "
" "," "," "," "," "," "," "," "," "," "," "," "," "," "," "," "," "
" "," "," "," "," "," "," "," "," "," "," "," "," "," "," "," "," "
" "," "," "," "," "," "," "," "," "," "," "," "," "," "," "," "," "
" "," "," "," "," "," "," "," "," "," "," "," "," "," "," "," "," "
" "," "," "," "," "," "," "," "," "," "," "," "," "," "," "," "," "
" "," "," "," "," "," "," "," "," "," "," "," "," "," "," "," "," "
" "," "," "," "," "," "," "," "," "," "," "," "," "," "," "," "," "
" "," "," "," "," "," "," "," "," "," "," "," "," "," "," "," "," "
" "," "," "," "," "," "," "," "," "," "," "," "," "," "," "," "," "
" "," "," "," "," "," "," "," "," "," "," "," "," "," "," "," "," "
" "," "," "," "," "," "," "," "," "," "," "," "," "," "," "," "," "
" "," "," "," "," "," "," "," "," "," "," "," "," "," "," "," "," "
" "," "," "," "," "," "," "," "," "," "," "," "," "," "," "," "," "
" "," "," "," "," "," "," "," "," "," "," "," "," "," "," "," "," "
" "," "," "," "," "," "," "," "," "," "," "," "," "," "," "," "," "
" "," "," "," "," "," "," "," "," "," "," "," "," "," "," "," "," "
" "," "," "," "," "," "," "," "," "," "," "," "," "," "," "," "," "
" "," "," "," "," "," "," "," "," "," "," "," "," "," "," "," "," "
" "," "," "," "," "," "," "," "," "," "," "," "," "," "," "," "," "
" "," "," "," "," "," "," "," "," "," "," "," "," "," "," "," "," "
" "," "," "," "," "," "," "," "," "," "," "," "," "," "," "," "," "
" "," "," "," "," "," "," "," "," "," "," "," "," "," "," "," "," "
" "," "," "," "," "," "," "," "," "," "," "," "," "," "," "," "," "
" "," "," "," "," "," "," "," "," "," "," "," "," "," "," "," "," "
" "," "," "," "," "," "," "," "," "," "," "," "," "," "," "," "," "
" "," "," "," "," "," "," "," "," "," "," "," "," "," "," "," "," "
" "," "," "," "," "," "," "," "," "," "," "," "," "," "," "," "," "
" "," "," "," "," "," "," "," "," "," "," "," "," "," "," "," "," "
" "," "," "," "," "," "," "," "," "," "," "," "," "," "," "," "," "
" "," "," "," "," "," "," "," "," "," "," "," "," "," "," "," "," "
" "," "," "," "," "," "," "," "," "," "," "," "," "," "," "," "," "
" "," "," "," "," "," "," "," "," "," "," "," "," "," "," "," "," "
" "," "," "," "," "," "," "," "," "," "," "," "," "," "," "," "," "
" "," "," "," "," "," "," "," "," "," "," "," "," "," "," "," "," "
" "," "," "," "," "," "," "," "," "," "," "," "," "," "," "," "," "
" "," "," "," "," "," "," "," "," "," "," "," "," "," "," "," "," "
" "," "," "," "," "," "," "," "," "," "," "," "," "," "," "," "," "
" "," "," "," "," "," "," "," "," "," "," "," "," "," "," "," "," "
" "," "," "," "," "," "," "," "," "," "," "," "," "," "," "," "," "
" "," "," "," "," "," "," "," "," "," "," "," "," "," "," "," "," "
" "," "," "," "," "," "," "," "," "," "," "," "," "," "," "," "," "
" "," "," "," "," "," "," "," "," "," "," "," "," "," "," "," "," "
" "," "," "," "," "," "," "," "," "," "," "," "," "," "," "," "," "
" "," "," "," "," "," "," "," "," "," "," "," "," "," "," "," "," "
" "," "," "," "," "," "," "," "," "," "," "," "," "," "," "," "," "
" "," "," "," "," "," "," "," "," "," "," "," "," "," "," "," "," "
" "," "," "," "," "," "," "," "," "," "," "," "," "," "," "," "," "
" "," "," "," "," "," "," "," "," "," "," "," "," "," "," "," "," "
" "," "," "," "," "," "," "," "," "," "," "," "," "," "," "," "," "
" "," "," "," "," "," "," "," "," "," "," "," "," "," "," "," "," "
" "," "," "," "," "," "," "," "," "," "," "," "," "," "," "," "," "
" "," "," "," "," "," "," "," "," "," "," "," "," "," "," "," "," "
" "," "," "," "," "," "," "," "," "," "," "," "," "," "," "," "," "
" "," "," "," "," "," "," "," "," "," "," "," "," "," "," "," "," "
" "," "," "," "," "," "," "," "," "," "," "," "," "," "," "," "," "
" "," "," "," "," "," "," "," "," "," "," "," "," "," "," "," "," "
" "," "," "," "," "," "," "," "," "," "," "," "," "," "," "," "," "
" "," "," "," "," "," "," "," "," "," "," "," "," "," "," "," "," "
" "," "," "," "," "," "," "," "," "," "," "," "," "," "," "," "," "
" "," "," "," "," "," "," "," "," "," "," "," "," "," "," "," "," "
" "," "," "," "," "," "," "," "," "," "," "," "," "," "," "," "," "
" "," "," "," "," "," "," "," "," "," "," "," "," "," "," "," "," "
" "," "," "," "," "," "," "," "," "," "," "," "," "," "," "," "," "
" "," "," "," "," "," "," "," "," "," "," "," "," "," "," "," "," "
" "," "," "," "," "," "," "," "," "," "," "," "," "," "," "," "," "
" "," "," "," "," "," "," "," "," "," "," "," "," "," "," "," "," "
" "," "," "," "," "," "," "," "," "," "," "," "," "," "," "," "," "
" "," "," "," "," "," "," "," "," "," "," "," "," "," "," "," "," "
" "," "," "," "," "," "," "," "," "," "," "," "," "," "," "," "," "
" "," "," "," "," "," "," "," "," "," "," "," "," "," "," "," "," "
" "," "," "," "," "," "," "," "," "," "," "," "," "," "," "," "," "
" "," "," "," "," "," "," "," "," "," "," "," "," "," "," "," "," "
" "," "," "," "," "," "," "," "," "," "," "," "," "," "," "," "," "
" "," "," "," "," "," "," "," "," "," "," "," "," "," "," "," "," "
" "," "," "," "," "," "," "," "," "," "," "," "," "," "," "," "," "
" "," "," "," "," "," "," "," "," "," "," "," "," "," "," "," "," "
" "," "," "," "," "," "," "," "," "," "," "," "," "," "," "," "," "
" "," "," "," "," "," "," "," "," "," "," "," "," "," "," "," "," "
" "," "," "," "," "," "," "," "," "," "," "," "," "," "," "," "," "
" "," "," "," "," "," "," "," "," "," "," "," "," "," "," "," "," "
" "," "," "," "," "," "," "," "," "," "," "," "," "," "," "," "," "
" "," "," "," "," "," "," "," "," "," "," "," "," "," "," "," "," "
" "," "," "," "," "," "," "," "," "," "," "," "," "," "," "," "," "
" "," "," "," "," "," "," "," "," "," "," "," "," "," "," "," "," "
" "," "," "," "," "," "," "," "," "," "," "," "," "," "," "," "," "
" "," "," "," "," "," "," "," "," "," "," "," "," "," "," "," "," "
" "," "," "," "," "," "," "," "," "," "," "," "," "," "," "," "," "
" "," "," "," "," "," "," "," "," "," "," "," "," "," "," "," "," "
" "," "," "," "," "," "," "," "," "," "," "," "," "," "," "," "," "
" "," "," "," "," "," "," "," "," "," "," "," "," "," "," "," "," "
" "," "," "," "," "," "," "," "," "," "," "," "," "," "," "," "," "
" "," "," "," "," "," "," "," "," "," "," "," "," "," "," "," "," "
" "," "," "," "," "," "," "," "," "," "," "," "," "," "," "," "," "
" "," "," "," "," "," "," "," "," "," "," "," "," "," "," "," "," "
" "," "," "," "," "," "," "," "," "," "," "," "," "," "," "," "," "
" "," "," "," "," "," "," "," "," "," "," "," "," "," "," "," "," "
" "," "," "," "," "," "," "," "," "," "," "," "," "," "," "," "," "
" "," "," "," "," "," "," "," "," "," "," "," "," "," "," "," "," "
" "," "," "," "," "," "," "," "," "," "," "," "," "," "," "," "," "
" "," "," "," "," "," "," "," "," "," "," "," "," "," "," "," "," "
" "," "," "," "," "," "," "," "," "," "," "," "," "," "," "," "," "
" "," "," "," "," "," "," "," "," "," "," "," "," "," "," "," "," "
" "," "," "," "," "," "," "," "," "," "," "," "," "," "," "," "," "
" "," "," "," "," "," "," "," "," "," "," "," "," "," "," "," "," "
" "," "," "," "," "," "," "," "," "," "," "," "," "," "," "," "," "
" "," "," "," "," "," "," "," "," "," "," "," "," "," "," "," "," "
" "," "," "," "," "," "," "," "," "," "," "," "," "," "," "," "," "
" "," "," "," "," "," "," "," "," "," "," "," "," "," "," "," "," "
" "," "," "," "," "," "," "," "," "," "," "," "," "," "," "," "," "
" "," "," "," "," "," "," "," "," "," "," "," "," "," "," "," "," "
" "," "," "," "," "," "," "," "," "," "," "," "," "," "," "," "," "
" "," "," "," "," "," "," "," "," "," "," "," "," "," "," "," "," "
" "," "," "," "," "," "," "," "," "," "," "," "," "," "," "," "," "
" "," "," "," "," "," "," "," "," "," "," "," "," "," "," "," "," "
" "," "," "," "," "," "," "," "," "," "," "," "," "," "," "," "," "
" "," "," "," "," "," "," "," "," "," "," "," "," "," "," "," "," "
" "," "," "," "," "," "," "," "," "," "," "," "," "," "," "," "," "
" "," "," "," "," "," "," "," "," "," "," "," "," "," "," "," "," "
" "," "," "," "," "," "," "," "," "," "," "," "," "," "," "," "," "
" "," "," "," "," "," "," "," "," "," "," "," "," "," "," "," "," "
" "," "," "," "," "," "," "," "," "," "," "," "," "," "," "," "," "
" "," "," "," "," "," "," "," "," "," "," "," "," "," "," "," "," "
" "," "," "," "," "," "," "," "," "," "," "," "," "," "," "," "," "
" "," "," "," "," "," "," "," "," "," "," "," "," "," "," "," "," "
" "," "," "," "," "," "," "," "," "," "," "," "," "," "," "," "," "
" "," "," "," "," "," "," "," "," "," "," "," "," "," "," "," "," "
" "," "," "," "," "," "," "," "," "," "," "," "," "," "," "," "," "
" "," "," "," "," "," "," "," "," "," "," "," "," "," "," "," "," "
" "," "," "," "," "," "," "," "," "," "," "," "," "," "," "," "," "
" "," "," "," "," "," "," "," "," "," "," "," "," "," "," "," "," "
" "," "," "," "," "," "," "," "," "," "," "," "," "," "," "," "," "
" "," "," "," "," "," "," "," "," "," "," "," "," "," "," "," "," "
" "," "," "," "," "," "," "," "," "," "," "," "," "," "," "," "," "
" "," "," "," "," "," "," "," "," "," "," "," "," "," "," "," "," "
" "," "," "," "," "," "," "," "," "," "," "," "," "," "," "," "," "
" "," "," "," "," "," "," "," "," "," "," "," "," "," "," "," "," "
" "," "," "," "," "," "," "," "," "," "," "," "," "," "," "," "," "
" "," "," "," "," "," "," "," "," "," "," "," "," "," "," "," "," "
" "," "," "," "," "," "," "," "," "," "," "," "," "," "," "," "," "
" "," "," "," "," "," "," "," "," "," "," "," "," "," "," "," "," "
" "," "," "," "," "," "," "," "," "," "," "," "," "," "," "," "," "
" "," "," "," "," "," "," "," "," "," "," "," "," "," "," "," "," "
" "," "," "," "," "," "," "," "," "," "," "," "," "," "," "," "," "
" "," "," "," "," "," "," "," "," "," "," "," "," "," "," "," "," "
" "," "," "," "," "," "," "," "," "," "," "," "," "," "," "," "," "
" "," "," "," "," "," "," "," "," "," "," "," "," "," "," "," "," "
" "," "," "," "," "," "," "," "," "," "," "," "," "," "," "," "," "
" "," "," "," "," "," "," "," "," "," "," "," "," "," "," "," "," "
" "," "," "," "," "," "," "," "," "," "," "," "," "," "," "," "," "
" "," "," "," "," "," "," "," "," "," "," "," "," "," "," "," "," "
" "," "," "," "," "," "," "," "," "," "," "," "," "," "," "," "," "
" "," "," "," "," "," "," "," "," "," "," "," "," "," "," "," "," "
" "," "," "," "," "," "," "," "," "," "," "," "," "," "," "," "," "
" "," "," "," "," "," "," "," "," "," "," "," "," "," "," "," "," "
" "," "," "," "," "," "," "," "," "," "," "," "," "," "," "," "," "
" "," "," "," "," "," "," "," "," "," "," "," "," "," "," "," "," "
" "," "," "," "," "," "," "," "," "," "," "," "," "," "," "," "," "
" "," "," "," "," "," "," "," "," "," "," "," "," "," "," "," "," "
" "," "," "," "," "," "," "," "," "," "," "," "," "," "," "," "," "
" "," "," "," "," "," "," "," "," "," "," "," "," "," "," "," "," "
" "," "," "," "," "," "," "," "," "," "," "," "," "," "," "," "," "
" "," "," "," "," "," "," "," "," "," "," "," "," "," "," "," "," "
" "," "," "," "," "," "," "," "," "," "," "," "," "," "," "," "," "
" "," "," "," "," "," "," "," "," "," "," "," "," "," "," "," "," "
" "," "," "," "," "," "," "," "," "," "," "," "," "," "," "," "," "
" "," "," "," "," "," "," "," "," "," "," "," "," "," "," "," "," "
" "," "," "," "," "," "," "," "," "," "," "," "," "," "," "," "," "
" "," "," "," "," "," "," "," "," "," "," "," "," "," "," "," "," "
" "," "," "," "," "," "," "," "," "," "," "," "," "," "," "," "," "
" "," "," "," "," "," "," "," "," "," "," "," "," "," "," "," "," "
" "," "," "," "," "," "," "," "," "," "," "," "," "," "," "," "," "
" "," "," "," "," "," "," "," "," "," "," "," "," "," "," "," "," "
" "," "," "," "," "," "," "," "," "," "," "," "," "," "," "," "," "
" "," "," "," "," "," "," "," "," "," "," "," "," "," "," "," "," "
" "," "," "," "," "," "," "," "," "," "," "," "," "," "," "," "," "
" "," "," "," "," "," "," "," "," "," "," "," "," "," "," "," "," "
" "," "," "," "," "," "," "," "," "," "," "," "," "," "," "," "," "
" "," "," "," "," "," "," "," "," "," "," "," "," "," "," "," "," "
" "," "," "," "," "," "," "," "," "," "," "," "," "," "," "," "," "
" "," "," "," "," "," "," "," "," "," "," "," "," "," "," "," "," "
" "," "," "," "," "," "," "," "," "," "," "," "," "," "," "," "," "
" "," "," "," "," "," "," "," "," "," "," "," "," "," "," "," "," "
" "," "," "," "," "," "," "," "," "," "," "," "," "," "," "," "," "
" "," "," "," "," "," "," "," "," "," "," "," "," "," "," "," "," "
" "," "," "," "," "," "," "," "," "," "," "," "," "," "," "," "," "
" "," "," "," "," "," "," "," "," "," "," "," "," "," "," "," "," "
" "," "," "," "," "," "," "," "," "," "," "," "," "," "," "," "," "
" "," "," "," "," "," "," "," "," "," "," "," "," "," "," "," "," "
" "," "," "," "," "," "," "," "," "," "," "," "," "," "," "," "," "
" "," "," "," "," "," "," "," "," "," "," "," "," "," "," "," "," "
" "," "," "," "," "," "," "," "," "," "," "," "," "," "," "," "," "
" "," "," "," "," "," "," "," "," "," "," "," "," "," "," "," "," "
" "," "," "," "," "," "," "," "," "," "," "," "," "," "," "," "," "
" "," "," "," "," "," "," "," "," "," "," "," "," "," "," "," "," "
" "," "," "," "," "," "," "," "," "," "," "," "," "," "," "," "," "
" "," "," "," "," "," "," "," "," "," "," "," "," "," "," "," "," "
" "," "," "," "," "," "," "," "," "," "," "," "," "," "," "," "," "
" "," "," "," "," "," "," "," "," "," "," "," "," "," "," "," "," "
" "," "," "," "," "," "," "," "," "," "," "," "," "," "," "," "," "
" "," "," "," "," "," "," "," "," "," "," "," "," "," "," "," "," "
" "," "," "," "," "," "," "," "," "," "," "," "," "," "," "," "," "
" "," "," "," "," "," "," "," "," "," "," "," "," "," "," "," "," "
" "," "," "," "," "," "," "," "," "," "," "," "," "," "," "," "," "
" "," "," "," "," "," "," "," "," "," "," "," "," "," "," "," "," "
" "," "," "," "," "," "," "," "," "," "," "," "," "," "," "," "," "
" "," "," "," "," "," "," "," "," "," "," "," "," "," "," "," "," "
" "," "," "," "," "," "," "," "," "," "," "," "," "," "," "," "," "
" "," "," "," "," "," "," "," "," "," "," "," "," "," "," "," "," "
" "," "," "," "," "," "," "," "," "," "," "," "," "," "," "," "," "
" "," "," "," "," "," "," "," "," "," "," "," "," "," "," "," "," "
" "," "," "," "," "," "," "," "," "," "," "," "," "," "," "," "," "
" "," "," "," "," "," "," "," "," "," "," "," "," "," "," "," "," "
" "," "," "," "," "," "," "," "," "," "," "," "," "," "," "," "," "
" "," "," "," "," "," "," "," "," "," "," "," "," "," "," "," "," "
" "," "," "," "," "," "," "," "," "," "," "," "," "," "," "," "," "
" "," "," "," "," "," "," "," "," "," "," "," "," "," "," "," "," "
" "," "," "," "," "," "," "," "," "," "," "," "," "," "," "," "," "
" "," "," "," "," "," "," "," "," "," "," "," "," "," "," "," "," "
" "," "," "," "," "," "," "," "," "," "," "," "," "," "," "," "," "
" "," "," "," "," "," "," "," "," "," "," "," "," "," "," "," "," "
" "," "," "," "," "," "," "," "," "," "," "," "," "," "," "," "," "
" "," "," "," "," "," "," "," "," "," "," "," "," "," "," "," "," "
" "," "," "," "," "," "," "," "," "," "," "," "," "," "," "," "," "
" "," "," "," "," "," "," "," "," "," "," "," "," "," "," "," "," "
" "," "," "," "," "," "," "," "," "," "," "," "," "," "," "," "," "
" "," "," "," "," "," "," "," "," "," "," "," "," "," "," "," "," "
" "," "," "," "," "," "," "," "," "," "," "," "," "," "," "," "," "
" "," "," "," "," "," "," "," "," "," "," "," "," "," "," "," "," "
" "," "," "," "," "," "," "," "," "," "," "," "," "," "," "," "," "
" "," "," "," "," "," "," "," "," "," "," "," "," "," "," "," "," "
" "," "," "," "," "," "," "," "," "," "," "," "," "," "," "," "," "
" "," "," "," "," "," "," "," "," "," "," "," "," "," "," "," "," "
" "," "," "," "," "," "," "," "," "," "," "," "," "," "," "," "," "
" "," "," "," "," "," "," "," "," "," "," "," "," "," "," "," "," "
" "," "," "," "," "," "," "," "," "," "," "," "," "," "," "," "," "
" "," "," "," "," "," "," "," "," "," "," "," "," "," "," "," "," "
" "," "," "," "," "," "," "," "," "," "," "," "," "," "," "," "," "
" "," "," "," "," "," "," "," "," "," "," "," "," "," "," "," "," "
" "," "," "," "," "," "," "," "," "," "," "," "," "," "," "," "," "
" "," "," "," "," "," "," "," "," "," "," "," "," "," "," "," "," "
" "," "," "," "," "," "," "," "," "," "," "," "," "," "," "," "," "
" "," "," "," "," "," "," "," "," "," "," "," "," "," "," "," "," "
" "," "," "," "," "," "," "," "," "," "," "," "," "," "," "," "," "
" "," "," "," "," "," "," "," "," "," "," "," "," "," "," "," "," "
" "," "," "," "," "," "," "," "," "," "," "," "," "," "," "," "," "
" "," "," "," "," "," "," "," "," "," "," "," "," "," "," "," "," "
" "," "," "," "," "," "," "," "," "," "," "," "," "," "," "," "," "
" "," "," "," "," "," "," "," "," "," "," "," "," "," "," "," "," "
" "," "," "," "," "," "," "," "," "," "," "," "," "," "," "," "," "
" "," "," "," "," "," "," "," "," "," "," "," "," "," "," "," "," "
" "," "," "," "," "," "," "," "," "," "," "," "," "," "," "," "," "
" "," "," "," "," "," "," "," "," "," "," "," "," "," "," "," "," "
" "," "," "," "," "," "," "," "," "," "," "," "," "," "," "," "," "
" "," "," "," "," "," "," "," "," "," "," "," "," "," "," "," "," "
" "," "," "," "," "," "," "," "," "," "," "," "," "," "," "," "," "
" "," "," "," "," "," "," "," "," "," "," "," "," "," "," "," "," "
" "," "," "," "," "," "," "," "," "," "," "," "," "," "," "," "," "
" "," "," "," "," "," "," "," "," "," "," "," "," "," "," "," "," "
" "," "," "," "," "," "," "," "," "," "," "," "," "," "," "," "," "
" "," "," "," "," "," "," "," "," "," "," "," "," "," "," "," "," "
" "," "," "," "," "," "," "," "," "," "," "," "," "," "," "," "," "
" "," "," "," "," "," "," "," "," "," "," "," "," "," "," "," "," "
" "," "," "," "," "," "," "," "," "," "," "," "," "," "," "," "," "
" "," "," "," "," "," "," "," "," "," "," "," "," "," "," "," "," "
" "," "," "," "," "," "," "," "," "," "," "," "," "," "," "," "," "
" "," "," "," "," "," "," "," "," "," "," "," "," "," "," "," "," "
" "," "," "," "," "," "," "," "," "," "," "," "," "," "," "," "," "
" "," "," "," "," "," "," "," "," "," "," "," "," "," "," "," "," "
" "," "," "," "," "," "," "," "," "," "," "," "," "," "," "," "," "
" "," "," "," "," "," "," "," "," "," "," "," "," "," "," "," "," "
" "," "," "," "," "," "," "," "," "," "," "," "," "," "," "," "," "
" "," "," "," "," "," "," "," "," "," "," "," "," "," "," "," "," "
" "," "," "," "," "," "," "," "," "," "," "," "," "," "," "," "," "
" "," "," "," "," "," "," "," "," "," "," "," "," "," "," "," "," "
" "," "," "," "," "," "," "," "," "," "," "," "," "," "," "," "," "
" "," "," "," "," "," "," "," "," "," "," "," "," "," "," "," "," "
" "," "," "," "," "," "," "," "," "," "," "," "," "," "," "," "," "
" "," "," "," "," "," "," "," "," "," "," "," "," "," "," "," "," "
" "," "," "," "," "," "," "," "," "," "," "," "," "," "," "," "," "
" "," "," "," "," "," "," "," "," "," "," "," "," "," "," "," "," "
" "," "," "," "," "," "," "," "," "," "," "," "," "," "," "," "," "
" "," "," "," "," "," "," "," "," "," "," "," "," "," "," "," "," "
" "," "," "," "," "," "," "," "," "," "," "," "," "," "," "," "," "
" "," "," "," "," "," "," "," "," "," "," "," "," "," "," "," "," "
" "," "," "," "," "," "," "," "," "," "," "," "," "," "," "," "," "
" "," "," "," "," "," "," "," "," "," "," "," "," "," "," "," "," "
" "," "," "," "," "," "," "," "," "," "," "," "," "," "," "," "," "
" "," "," "," "," "," "," "," "," "," "," "," "," "," "," "," "," "
" "," "," "," "," "," "," "," "," "," "," "," "," "," "," "," "," "
" "," "," "," "," "," "," "," "," "," "," "," "," "," "," "," "," "
" "," "," "," "," "," "," "," "," "," "," "," "," "," "," "," "," "
" "," "," "," "," "," "," "," "," "," "," "," "," "," "," "," "," "
" "," "," "," "," "," "," "," "," "," "," "," "," "," "," "," "," "
" "," "," "," "," "," "," "," "," "," "," "," "," "," "," "," "," "
" "," "," "," "," "," "," "," "," "," "," "," "," "," "," "," "," "
" "," "," "," "," "," "," "," "," "," "," "," "," "," "," "," "," "
" "," "," "," "," "," "," "," "," "," "," "," "," "," "," "," "," "
" "," "," "," "," "," "," "," "," "," "," "," "," "," "," "," "," "
" "," "," "," "," "," "," "," "," "," "," "," "," "," "," "," "," "
" "," "," "," "," "," "," "," "," "," "," "," "," "," "," "," "," "
" "," "," "," "," "," "," "," "," "," "," "," "," "," "," "," "," "
" "," "," "," "," "," "," "," "," "," "," "," "," "," "," "," "," "
" "," "," "," "," "," "," "," "," "," "," "," "," "," "," "," "," "
" "," "," "," "," "," "," "," "," "," "," "," "," "," "," "," "," "
