"ap/at","ap/se","cn","sn","ap/ts","fn","go/se","db","ag","go/ts","nt","go/at","go/qs","ap/qs","cb","ci","ln","ht","no","ps","id"
"6","0","GRE","Bot  a","0","Alberto","0","27.01.1989","26","0","ESP","1","0","0","Olympiacos","2610","Bot  a","187","3","2","250006566"
"1","0","GRE","Bouchalakis","0","Andreas","0","05.04.1993","22","0","GRE","0","0","0","Olympiacos","2610","Bouchalakis","186","8","3","250050346"
"13","1","GRE","Ideye","1","Ideye","0","10.10.1988","26","0","NGA","4","0","0","Olympiacos","2610","Brown","180","99","4","250017864"
"81","1","GRE","Cambiasso","1","Esteban","0","18.08.1980","35","0","ARG","6","0","0","Olympiacos","2610","Cambiasso","177","91","3","66176"
"0","0","GRE","Choutesiotis","0","Lefteris","0","20.07.1994","21","0","GRE","0","0","0","Olympiacos","2610","Choutesiotis","192","33","1","250023172"
"5","1","GRE","Da Costa","1","Manuel","0","06.05.1986","29","0","MAR","0","0","0","Olympiacos","2610","da Costa","191","6","2","106620"
"31","1","GRE","Dom  nguez","1","Alejandro","0","10.06.1981","34","0","ARG","7","0","0","Olympiacos","2610","Dom  nguez","175","10","3","95071"
"7","1","GRE","Elabdellaoui","1","Omar","0","05.12.1991","23","0","NOR","0","0","0","Olympiacos","2610","Elabdellaoui","179","14","2","1905535"
"4","0","GRE","Finnbogason","0","Alfred","0","01.02.1989","26","0","ISL","1","0","0","Olympiacos","2610","Finnbogason","181","9","4","250011522"
"1","1","GRE","Fortounis","1","Kostas","0","16.10.1992","22","0","GRE","0","0","0","Olympiacos","2610","Fortounis","182","7","3","250017753"
"2","1","GRE","Hern ni","1","Stefanos","0","20.08.1991","24","0","POR","0","0","0","Olympiacos","2610","Hern ni","180","77","4","250063842"
"0","0","GRE","Kapino","0","Pajtim","0","18.03.1994","21","0","GRE","0","0","0","Olympiacos","2610","Kapino","193","37","1","250013050"
"7","1","GRE","Kasami","1","Qazim","0","02.06.1992","23","0","SUI","1","0","0","Olympiacos","2610","Kasami","187","11","3","250017994"
"0","0","GRE","Laci","0","Giannis","0","19.01.1996","19","0","ALB","0","0","0","Olympiacos","2610","Laci","176","15","3","250056159"
"24","1","GRE","Leandro Salino","1","Arthur","0","22.04.1985","30","0","BRA","0","0","0","Olympiacos","2610","Leandro Salino","168","30","2","250007925"
"22","0","GRE","Maniatis","0","Luka","0","12.10.1986","28","0","GRE","1","0","0","Olympiacos","2610","Maniatis","178","2","2","97657"
"7","1","GRE","Masuaku","1","Felipe","0","07.11.1993","21","0","FRA","1","0","0","Olympiacos","2610","Masuaku","179","26","2","250075783"
"9","0","GRE","Milivojevi ","0","Alan","0","07.04.1991","24","0","SRB","0","0","0","Olympiacos","2610","Milivojevi ","182","5","3","1909310"
"1","1","GRE","Pardo","1","Manolis","0","17.08.1990","25","0","COL","0","0","0","Olympiacos","2610","Pardo","175","90","4","250063448"
"0","0","GRE","Pulido","0","Dimitris","0","08.03.1991","24","0","MEX","0","0","0","Olympiacos","2610","Pulido","195","17","4","250070426"
"22","1","GRE","Roberto","1","Praxitelis","0","10.02.1986","29","0","ESP","0","0","0","Olympiacos","2610","Roberto","175","16","1","69166"
"0","0","GRE","Saliakas","0","Nana","0","12.09.1996","19","0","GRE","0","0","0","Olympiacos","2610","Saliakas","182","34","2","250054646"
"1","1","GRE","Seb ","1","Kalifa","0","08.06.1992","23","0","BRA","0","0","0","Olympiacos","2610","Seb ","191","92","4","250057664"
"11","1","GRE","Siovas","1","Brecht","0","16.09.1988","27","0","GRE","0","0","0","Olympiacos","2610","Siovas","183","23","2","108849"
"0","0","GRE","Vouros","0","Laurent","0","05.05.1995","20","0","GRE","0","0","0","Olympiacos","2610","Vouros","175","29","2","250041550"
"1","1","BEL","Asare","1","Thomas","0","11.07.1986","29","0","GHA","0","0","0","Gent","4608","Asare","197","21","2","250019923"
"0","0","BEL","Coulibaly","0","Erik","0","21.08.1991","24","0","MLI","0","0","0","Gent","4608","Coulibaly","174","7","3","250042844"
"1","1","BEL","Dejaegere","1","Sven","0","29.05.1991","24","0","BEL","0","0","0","Gent","4608","Dejaegere","191","19","3","250026212"
"1","1","BEL","Depoitre","1","Thomas","0","07.12.1988","26","0","BEL","0","0","0","Gent","4608","Depoitre","177","9","4","250086334"
"1","1","BEL","Foket","1","Danijel","0","25.09.1994","20","0","BEL","0","0","0","Gent","4608","Foket","180","32","3","250052801"
"10","0","BEL","E. Johansson","0","Stefan","0","30.12.1988","26","0","SWE","0","0","0","Gent","4608","Johansson","178","5","2","250059469"
"1","1","BEL","Kums","1","Lasse","0","26.02.1988","27","0","BEL","0","0","0","Gent","4608","Kums","180","14","3","106571"
"1","1","BEL","Matton","1","Nicklas","0","24.10.1985","29","0","BEL","0","0","0","Gent","4608","Matton","177","8","3","250008207"
"1","1","BEL","Milicevic","1","Marko","1","05.01.1986","29","1","SUI","1","0","0","Gent","4608","Milicevic","185","77","3","1905564"
"1","1","BEL","S. Mitrovi ","1","Benito","0","22.05.1990","25","0","SRB","0","0","0","Gent","4608","Mitrovi ","187","13","2","250070377"
"4","1","BEL","L. Nielsen","1","Kenneth","0","08.01.1988","27","0","DEN","0","0","0","Gent","4608","Nielsen","187","23","2","1902553"
"0","0","BEL","Pedersen","0","Matz","0","10.10.1987","27","0","DEN","0","0","0","Gent","4608","Pedersen","182","28","4","1905619"
"0","0","BEL","Poletanovi ","0","Moses","0","20.07.1993","22","0","SRB","0","0","0","Gent","4608","Poletanovi ","172","12","3","250014227"
"12","1","BEL","Rafinha","1","Yannick","0","29.06.1982","33","0","BRA","1","0","0","Gent","4608","Rafinha","187","4","2","250001584"
"1","1","BEL","Raman","1","Hannes","0","07.11.1994","20","0","BEL","0","0","0","Gent","4608","Raman","176","26","4","250012556"
"1","1","BEL","Renato Neto","1","Brian","0","27.09.1991","23","0","BRA","0","0","0","Gent","4608","Renato Neto","188","10","3","250010916"
"0","0","BEL","Saief","0","Uro","0","17.12.1993","21","0","ISR","0","0","0","Gent","4608","Saief","166","15","3","250043054"
"1","1","BEL","Sels","1","Anthony","0","26.02.1992","23","0","BEL","0","0","0","Gent","4608","Sels","180","1","1","250007046"
"1","1","BEL","Simon","1","Houssem","0","12.07.1995","20","0","NGA","0","0","0","Gent","4608","Simon","196","27","4","250072874"
"0","0","BEL","Thoelen","0","Claudio","0","18.07.1990","25","0","BEL","0","0","0","Gent","4608","Thoelen","187","20","1","250023865"
"0","0","BEL","Van der Bruggen","0","Henri","0","01.04.1993","22","0","BEL","0","0","0","Gent","4608","Van der Bruggen","174","17","3","250012558"
"0","0","BEL","Vandenbussche","0","Abdenour","0","24.09.1981","33","0","BEL","0","0","0","Gent","4608","Vandenbussche","180","25","1","95783"
"0","0","BEL","Vitas","0","Adil","0","06.07.1992","23","0","SRB","0","0","0","Gent","4608","Vitas","187","3","2","250006017"
"0","0","FRA","Adel","0","Milan","0","11.01.1998","17","0","FRA","0","0","0","Lyon","5312","Adel","179","66","3","250087991"
"0","0","FRA","Aouar","0","Timoth  ","0","30.06.1998","17","0","FRA","0","0","0","Lyon","5312","Aouar","173","47","3","250074007"
"1","1","FRA","Beauvue","1","Maxwel","0","16.04.1988","27","0","FRA","0","0","0","Lyon","5312","Beauvue","172","9","4","250075910"
"5","0","FRA","Bedimo","0","Maxime","0","04.06.1984","31","0","CMR","0","0","0","Lyon","5312","Bedimo","182","3","2","250021592"
"0","0","FRA","Belkacemi","0","J  r  my","0","18.09.1999","16","0","FRA","0","0","0","Lyon","5312","Belkacemi","185","49","3","250089120"
"0","0","FRA","Benjeddi","0","Romain","0","29.01.1997","18","0","FRA","0","0","0","Lyon","5312","Benjeddi","187","51","2","250074008"
"11","0","FRA","Bievac","0","Mouctar","0","31.08.1983","32","0","SRB","1","0","0","Lyon","5312","Bievac","186","5","2","93628"
"0","0","FRA","Cognat","0","Alan","0","25.01.1998","17","0","FRA","0","0","0","Lyon","5312","Cognat","178","54","3","250074009"
"0","0","FRA","Cornet","0","Nabil","0","27.09.1996","18","0","FRA","0","0","0","Lyon","5312","Cornet","188","27","4","250054950"
"0","0","FRA","D'Arpino","0","Jordan","0","17.06.1996","19","0","FRA","0","0","0","Lyon","5312","D'Arpino","178","34","3","250062627"
"0","0","FRA","De Sousa","0","Jordy","0","16.01.1996","19","0","FRA","0","0","0","Lyon","5312","De Sousa","175","52","3","250062628"
"0","0","FRA","Del Castillo","0","Rachid","0","29.03.1996","19","0","FRA","0","0","0","Lyon","5312","Del Castillo","184","36","3","250074010"
"0","0","FRA","Diakhaby","0","Maxime","0","19.12.1996","18","0","FRA","0","0","0","Lyon","5312","Diakhaby","168","41","2","250073903"
"0","0","FRA","Dzabana","0","Mathieu","0","25.03.1997","18","0","FRA","0","0","0","Lyon","5312","Dzabana","182","55","4","250074012"
"1","0","FRA","Fekir","0","Dorian","0","18.07.1993","22","0","FRA","0","0","0","Lyon","5312","Fekir","197","18","3","250062148"
"2","1","FRA","Ferri","1","Cl  ment","0","12.03.1992","23","0","FRA","0","0","0","Lyon","5312","Ferri","176","12","3","250011569"
"0","0","FRA","Gaspar","0","Isaac","0","23.04.1997","18","0","FRA","0","0","0","Lyon","5312","Gaspar","172","56","2","250087986"
"0","0","FRA","Ghezzal","0","Christophe","0","09.05.1992","23","0","FRA","0","0","0","Lyon","5312","Ghezzal","172","11","3","250039725"
"26","1","FRA","Gonalons","1","Ulrik","0","10.03.1989","26","0","FRA","2","0","0","Lyon","5312","Gonalons","184","21","3","1905737"
"0","0","FRA","Gorgelin","0","Aldo","0","05.08.1990","25","0","FRA","0","0","0","Lyon","5312","Gorgelin","180","30","1","107754"
"0","0","FRA","Grange","0","G  d  on","0","10.05.1996","19","0","FRA","0","0","0","Lyon","5312","Grange","181","50","1","250054954"
"6","0","FRA","Grenier","0","Olivier","0","07.01.1991","24","0","FRA","1","0","0","Lyon","5312","Grenier","180","7","3","1908192"
"0","0","FRA","Hemans Arday","0","Bakary","0","26.12.1996","18","0","GHA","0","0","0","Lyon","5312","Hemans Arday","167","58","2","250089119"
"13","1","FRA","Jallet","1","Zakarie","1","31.10.1983","31","1","FRA","1","0","0","Lyon","5312","Jallet","184","13","2","1901367"
"0","0","FRA","U. Jenssen","0","Alexandre","0","17.07.1996","19","0","NOR","0","0","0","Lyon","5312","Jenssen","175","35","2","250055373"
"1","1","FRA","Kalulu","1","Stanislas","0","21.01.1996","19","0","FRA","0","0","0","Lyon","5312","Kalulu","183","26","3","250057033"
"0","0","FRA","Kalulu","0","Enzo","0","29.08.1997","18","0","FRA","0","0","0","Lyon","5312","Kalulu","189","65","2","250087988"
"0","0","FRA","Kemen","0","Anthony","0","20.07.1996","19","0","FRA","0","0","0","Lyon","5312","Kemen","190","24","3","250054957"
"12","0","FRA","B. Kon  ","0","Steed","0","27.04.1988","27","0","BFA","2","0","0","Lyon","5312","Kon  ","172","4","2","250008012"
"0","0","FRA","Labidi","0","Yoann","0","08.02.1995","20","0","FRA","0","0","0","Lyon","5312","Labidi","190","32","3","250042776"
"13","1","FRA","Lacazette","1","Christopher","0","28.05.1991","24","0","FRA","2","0","0","Lyon","5312","Lacazette","178","10","4","1908196"
"0","0","FRA","Lebongo","0","Dylan","0","21.09.1997","17","0","FRA","0","0","0","Lyon","5312","Lebongo","170","40","1","250067767"
"0","0","FRA","Loisi","0","Lucas","0","15.06.1998","17","0","FRA","0","0","0","Lyon","5312","Loisi","175","67","3","250087998"
"5","1","FRA","Anthony Lopes","1","J  r  my","0","01.10.1990","24","0","POR","0","0","0","Lyon","5312","Lopes","185","1","1","1901643"
"16","1","FRA","Malbranque","1","Fahd","0","06.01.1980","35","0","FRA","2","0","0","Lyon","5312","Malbranque","172","17","3","30670"
"0","0","FRA","Martelat","0","Samuel","0","16.01.1997","18","0","FRA","0","0","0","Lyon","5312","Martelat","190","59","3","250074013"
"0","0","FRA","C. Martins","0","Arnold","0","19.02.1997","18","0","LUX","0","0","0","Lyon","5312","Martins","176","46","3","250047077"
"0","0","FRA","Mboumbouni","0","C  sar","0","20.02.1996","19","0","FRA","0","0","0","Lyon","5312","Mboumbouni","195","37","2","250057034"
"0","0","FRA","Mocio","0","Romaric","0","11.05.1994","21","0","FRA","0","0","0","Lyon","5312","Mocio","170","16","1","250054827"
"14","1","FRA","Morel","1","Elisha","0","02.04.1984","31","0","FRA","0","0","0","Lyon","5312","Morel","184","15","2","66372"
"0","0","FRA","Moufi","0","Kilian","0","05.05.1996","19","0","FRA","0","0","0","Lyon","5312","Moufi","193","38","2","250073904"
"0","0","FRA","Moutoussamy","0","Mour","0","12.08.1996","19","0","FRA","0","0","0","Lyon","5312","Moutoussamy","186","43","2","250064194"
"0","0","FRA","Mvuemba","0","Ga tan","0","28.01.1985","30","0","FRA","0","0","0","Lyon","5312","Mvuemba","193","28","3","73850"
"0","0","FRA","Neto","0","Thomas","0","26.02.1999","16","0","FRA","0","0","0","Lyon","5312","Neto","172","60","2","250074014"
"0","0","FRA","Ngouma","0","Lindsay","0","28.01.1995","20","0","FRA","0","0","0","Lyon","5312","Ngouma","170","44","2","250057035"
"0","0","FRA","Owusu","0","Alexandre","0","07.11.1997","17","0","FRA","0","0","0","Lyon","5312","Owusu","181","61","3","250086990"
"0","0","FRA","Pagliuca","0","Ahamadou","0","02.09.1996","19","0","SUI","0","0","0","Lyon","5312","Pagliuca","179","39","4","250055741"
"0","0","FRA","Paye","0","Corentin","0","24.05.1994","21","0","FRA","0","0","0","Lyon","5312","Paye","194","31","4","250054828"
"0","0","FRA","Perrin","0","Lucas","0","07.06.1996","19","0","FRA","0","0","0","Lyon","5312","Perrin","170","62","3","250062684"
"27","1","FRA","Rafael","1","Samuel","0","09.07.1990","25","0","BRA","0","0","0","Lyon","5312","Rafael","192","20","2","250002767"
"0","0","FRA","Richard","0","Mathieu","0","21.03.1997","18","0","FRA","0","0","0","Lyon","5312","Richard","180","63","4","250062683"
"0","0","FRA","Rose","0","Mapou","0","08.02.1992","23","0","FRA","0","0","0","Lyon","5312","Rose","181","22","2","250024286"
"0","0","FRA","Roselli","0","David","0","17.03.1997","18","0","FRA","0","0","0","Lyon","5312","Roselli","176","64","2","250074015"
"0","0","FRA","Sergi Darder","0","Xabi","0","22.12.1993","21","0","ESP","0","0","0","Lyon","5312","Sergi Darder","180","14","3","250016660"
"0","0","FRA","Sy","0","Holger","0","05.01.1998","17","0","FRA","0","0","0","Lyon","5312","Sy","186","68","2","250087989"
"1","1","FRA","Tolisso","1","Medhi","0","03.08.1994","21","0","FRA","0","0","0","Lyon","5312","Tolisso","183","8","3","250054829"
"0","0","FRA","Tousart","0","Fabian","0","29.04.1997","18","0","FRA","0","0","0","Lyon","5312","Tousart","171","29","3","250081923"
"4","1","FRA","Umtiti","1","Juan","0","14.11.1993","21","0","FRA","0","0","0","Lyon","5312","Umtiti","184","23","2","250014003"
"38","1","FRA","Valbuena","1","J  r  me","0","28.09.1984","30","0","FRA","3","0","0","Lyon","5312","Valbuena","191","19","4","105575"
"12","1","FRA","Yanga-Mbiwa","1","Kingsley","0","15.05.1989","26","0","FRA","0","0","0","Lyon","5312","Yanga-Mbiwa","179","2","2","250013471"
"43","1","GER","Alaba","1","Niklas","0","24.06.1992","23","0","AUT","4","0","0","Bayern","50037","Alaba","184","27","2","1906540"
"113","1","GER","Xabi Alonso","1","Gianluca","0","25.11.1981","33","0","ESP","5","0","0","Bayern","50037","Alonso","175","14","3","54091"
"37","0","GER","Badstuber","0","Mario","0","13.03.1989","26","0","GER","1","0","0","Bayern","50037","Badstuber","180","28","2","250000142"
"11","0","GER","Benatia","0","Julian","0","17.04.1987","28","0","MAR","1","0","0","Bayern","50037","Benatia","178","5","2","250075724"
"0","0","GER","Benko","0","David","0","05.06.1998","17","0","GER","0","0","0","Bayern","50037","Benko","179","40","3","150182140"
"13","1","GER","Bernat","1","Joshua","0","01.03.1993","22","0","ESP","0","0","0","Bayern","50037","Bernat","180","18","2","250013892"
"45","1","GER","Boateng","1","Jan","0","03.09.1988","27","0","GER","3","0","0","Bayern","50037","Boateng","182","17","2","98865"
"3","1","GER","Coman","1","Philipp","0","13.06.1996","19","0","FRA","0","0","0","Bayern","50037","Coman","173","29","4","250054949"
"0","0","GER","Dorsch","0","Robert","0","15.01.1998","17","0","GER","0","0","0","Bayern","50037","Dorsch","174","30","3","250081687"
"35","1","GER","Douglas Costa","1","Ivan","0","14.09.1990","25","0","BRA","6","0","0","Bayern","50037","Douglas Costa","181","11","3","250016027"
"1","0","GER","Gaudino","0","Thomas","0","11.11.1996","18","0","GER","0","0","0","Bayern","50037","Gaudino","171","16","3","150182145"
"40","1","GER","G  tze","1","Manuel","1","03.06.1992","23","1","GER","10","0","0","Bayern","50037","G  tze","178","19","3","250007605"
"1","0","GER","Green","0","Felix","0","06.06.1995","20","0","USA","0","0","0","Bayern","50037","Green","184","37","3","250063830"
"0","0","GER","Hundertmark","0","Franck","0","06.08.1997","18","0","GER","0","0","0","Bayern","50037","Hundertmark","170","34","1","250075710"
"20","0","GER","Javi Mart  nez","0","Arjen","0","02.09.1988","27","0","ESP","0","0","0","Bayern","50037","Javi Mart  nez","187","8","3","98953"
"1","1","GER","Kimmich","1","Sebastian","0","08.02.1995","20","0","GER","0","0","0","Bayern","50037","Kimmich","183","32","3","250070417"
"2","0","GER","Kirchhoff","0","Tom","0","01.10.1990","24","0","GER","0","0","0","Bayern","50037","Kirchhoff","184","15","2","250003830"
"96","1","GER","Lahm","1","Sven","0","11.11.1983","31","0","GER","0","0","0","Bayern","50037","Lahm","191","21","2","63033"
"41","1","GER","Lewandowski","1","Arturo","0","21.08.1988","27","0","POL","23","0","0","Bayern","50037","Lewandowski","187","9","4","250002096"
"0","0","GER","Lucic","0","Patrick","0","23.03.1995","20","0","AUT","0","0","0","Bayern","50037","Lucic","178","33","1","250052805"
"71","1","GER","M ller","1"," lvaro","2","13.09.1989","26","2","GER","30","0","0","Bayern","50037","M ller","175","25","4","250003318"
"74","1","GER","Neuer","1","Gareth","0","27.03.1986","29","0","GER","0","0","0","Bayern","50037","Neuer","171","1","1","97923"
"0","0","GER","Pohl","0","Karim","0","11.12.1996","18","0","GER","0","0","0","Bayern","50037","Pohl","187","38","2","250063828"
"45","0","GER","Rafinha","0","Dani","0","07.09.1985","30","0","BRA","2","0","0","Bayern","50037","Rafinha","172","13","2","101594"
"61","0","GER","Rib  ry","0","Kiko","0","07.04.1983","32","0","FRA","17","0","0","Bayern","50037","Rib  ry","181","7","3","95665"
"87","0","GER","Robben","0","Denis","0","23.01.1984","31","0","NED","25","0","0","Bayern","50037","Robben","186","10","4","57134"
"7","0","GER","Rode","0","Mateo","0","11.10.1990","24","0","GER","1","0","0","Bayern","50037","Rode","188","20","3","250008351"
"0","0","GER","Starke","0","Toni","0","18.03.1981","34","0","GER","0","0","0","Bayern","50037","Starke","189","22","1","43126"
"19","1","GER","Thiago Alc ntara","1","Marcos","0","11.04.1991","24","0","ESP","2","0","0","Bayern","50037","Thiago Alc ntara","169","6","3","1906776"
"0","0","GER","Ulreich","0","Borja","0","03.08.1988","27","0","GER","0","0","0","Bayern","50037","Ulreich","182","26","1","1902445"
"28","1","GER","Vidal","1","Luka","0","22.05.1987","28","0","CHI","9","0","0","Bayern","50037","Vidal","182","23","3","1906016"
"0","0","GER","Weihrauch","0","Keylor","0","03.03.1994","21","0","GER","0","0","0","Bayern","50037","Weihrauch","189","36","4","250024055"
"0","0","ESP","Abner","0","Martin","0","30.05.1996","19","0","BRA","0","0","0","Real Madrid","50051","Abner","189","30","2","250075736"
"70","0","ESP","Arbeloa","0","Sergio","0","17.01.1983","32","0","ESP","3","0","0","Real Madrid","50051","Arbeloa","173","17","2","58676"
"34","1","ESP","Bale","1","Cristiano","0","16.07.1989","26","0","WAL","12","0","0","Real Madrid","50051","Bale","195","11","3","102225"
"74","1","ESP","Benzema","1","Rapha l","1","19.12.1987","27","1","FRA","43","0","0","Real Madrid","50051","Benzema","183","9","4","93321"
"16","1","ESP","Carvajal","1","Rub  n","0","11.01.1992","23","0","ESP","0","0","0","Real Madrid","50051","Carvajal","186","15","2","250024448"
"16","0","ESP","Casemiro","0","Suently","0","23.02.1992","23","0","BRA","1","0","0","Real Madrid","50051","Casemiro","176","14","3","250057680"
"0","0","ESP","Casilla","0","Santiago","0","02.10.1986","28","0","ESP","0","0","0","Real Madrid","50051","Casilla","180","13","1","95349"
"0","0","ESP","Cheryshev","0","Steven","0","26.12.1990","24","0","RUS","0","0","0","Real Madrid","50051","Cheryshev","176","21","3","250039177"
"23","0","ESP","Danilo","0","Jesse","0","15.07.1991","24","0","BRA","1","0","0","Real Madrid","50051","Danilo","183","23","2","250039931"
"36","1","ESP","Isco","1","Aleksandar","0","21.04.1992","23","0","ESP","6","0","0","Real Madrid","50051","Isco","178","22","3","250024454"
"23","0","ESP","James Rodr  guez","0","Joshua","0","12.07.1991","24","0","COL","3","0","0","Real Madrid","50051","James Rodr  guez","177","10","3","250021636"
"8","0","ESP","Jes  ","0","Jeffrey","0","26.02.1993","22","0","ESP","0","0","0","Real Madrid","50051","Jes  ","186","20","4","250016661"
"21","1","ESP","Kovai ","1","Luuk","0","06.05.1994","21","0","CRO","1","0","0","Real Madrid","50051","Kovai ","188","16","3","250023551"
"56","1","ESP","Kroos","1","Jordy","0","04.01.1990","25","0","GER","6","0","0","Real Madrid","50051","Kroos","186","8","3","103147"
"0","0","ESP","Llorente","0","Bob","0","30.01.1995","20","0","ESP","0","0","0","Real Madrid","50051","Llorente","189","28","3","250079670"
"0","0","ESP","Lucas V zquez","0","Andr  s","0","01.07.1991","24","0","ESP","0","0","0","Real Madrid","50051","Lucas V zquez","177","18","3","250040521"
"57","1","ESP","Marcelo","1","Albert","0","12.05.1988","27","0","BRA","5","0","0","Real Madrid","50051","Marcelo","174","12","2","1900737"
"0","0","ESP","Mayoral","0","Sander","0","05.04.1997","18","0","ESP","0","0","0","Real Madrid","50051","Mayoral","181","29","4","250076701"
"48","1","ESP","Modri ","1","Jorrit","0","09.09.1985","30","0","CRO","5","0","0","Real Madrid","50051","Modri ","175","19","3","74699"
"11","1","ESP","Nacho","1","Hj  rtur","0","18.01.1990","25","0","ESP","0","0","0","Real Madrid","50051","Nacho","180","6","2","1900122"
"3","1","ESP","Navas","1","Nicolas","0","15.12.1986","28","0","CRC","0","0","0","Real Madrid","50051","Navas","170","1","1","250031037"
"1","0","ESP","  degaard","0","Florian","0","17.12.1998","16","0","NOR","0","0","0","Real Madrid","50051","  degaard","186","27","3","250081341"
"78","1","ESP","Pepe","1","Menno","0","26.02.1983","32","0","POR","3","0","0","Real Madrid","50051","Pepe","184","3","2","95417"
"83","1","ESP","Ramos","1","Luuk","0","30.03.1986","29","0","ESP","8","0","0","Real Madrid","50051","Ramos","178","4","2","93649"
"120","1","ESP","Ronaldo","1","Sam","3","05.02.1985","30","3","POR","81","0","0","Real Madrid","50051","Ronaldo","174","7","4","63706"
"35","1","ESP","Varane","1","Nikolai","0","25.04.1993","22","0","FRA","0","0","0","Real Madrid","50051","Varane","182","2","2","250025891"
"0","0","ESP","Y  ez","0","Clint","0","12.10.1993","21","0","ESP","0","0","0","Real Madrid","50051","Y  ez","175","31","1","250086341"
"0","0","NED","Alberto","0","Maxime","0","09.06.1996","19","0","NED","0","0","0","PSV","50062","Alberto","169","33","2","250056620"
"1","1","NED","Arias","1","J rgen","0","13.01.1992","23","0","COL","0","0","0","PSV","50062","Arias","177","4","2","250040545"
"0","0","NED","Bergwijn","0","Augustine","0","08.10.1997","17","0","NED","0","0","0","PSV","50062","Bergwijn","185","27","4","250066551"
"0","0","NED","J. Bertrams","0","Ramon-Pascal","0","22.12.1994","20","0","NED","0","0","0","PSV","50062","Bertrams","181","31","1","250062264"
"0","0","NED","Boljevi ","0","Adam","0","12.12.1995","19","0","MNE","0","0","0","PSV","50062","Boljevi ","188","39","4","250042343"
"5","1","NED","Brenet","1","H  ctor","0","20.03.1994","21","0","NED","0","0","0","PSV","50062","Brenet","185","20","2","250053787"
"7","1","NED","Bruma","1","Luciano","0","13.11.1991","23","0","NED","0","0","0","PSV","50062","Bruma","179","5","2","250008514"
"13","1","NED","De Jong","1","Kenneth","0","27.08.1990","25","0","NED","2","0","0","PSV","50062","de Jong","177","9","4","250005343"
"0","0","NED","De Wijs","0","Remko","0","08.01.1995","20","0","NED","0","0","0","PSV","50062","De Wijs","189","30","2","250074030"
"0","0","NED","Groenendijk","0","Gast  n","0","15.05.1996","19","0","NED","0","0","0","PSV","50062","Groenendijk","183","48","2","250088102"
"10","1","NED","Guardado","1","Simon","0","28.09.1986","28","0","MEX","0","0","0","PSV","50062","Guardado","186","18","3","250067766"
"0","0","NED","Al. Gu mundsson","0","Davy","0","15.06.1997","18","0","ISL","0","0","0","PSV","50062","Gu mundsson","185","49","3","250055351"
"0","0","NED","Heesakkers","0","Olivier","0","08.01.1995","20","0","NED","0","0","0","PSV","50062","Heesakkers","180","36","2","250062259"
"1","1","NED","Hendrix","1","Moussa","0","06.02.1995","20","0","NED","0","0","0","PSV","50062","Hendrix","179","29","2","250042712"
"0","0","NED","Hermannsson","0","Stijn","0","08.02.1995","20","0","ISL","0","0","0","PSV","50062","Hermannsson","190","35","2","250023158"
"0","0","NED","Isimat-Mirin","0","Yanick","0","15.11.1991","23","0","FRA","0","0","0","PSV","50062","Isimat-Mirin","189","2","2","250025998"
"4","0","NED","Jozefzoon","0","Bram","0","09.02.1991","24","0","NED","0","0","0","PSV","50062","Jozefzoon","187","17","4","1909101"
"0","0","NED","Koch","0","Rai","0","02.07.1994","21","0","NED","0","0","0","PSV","50062","Koch","173","25","2","250024857"
"0","0","NED","Koopmans","0","Jetro","0","18.11.1993","21","0","NED","0","0","0","PSV","50062","Koopmans","182","21","1","250087096"
"0","0","NED","Lammers","0","Jeroen","0","30.04.1997","18","0","NED","0","0","0","PSV","50062","Lammers","181","50","4","250088106"
"0","0","NED","Laursen","0","Vincent","0","19.02.1998","17","0","DEN","0","0","0","PSV","50062","Laursen","182","37","4","250074051"
"0","0","NED","Leemans","0","Yacine","0","15.09.1995","20","0","NED","0","0","0","PSV","50062","Leemans","171","26","2","250062059"
"2","1","NED","Lestienne","1","Andr  ","0","17.06.1992","23","0","BEL","0","0","0","PSV","50062","Lestienne","180","16","4","250007014"
"4","1","NED","Locadia","1","Iker","0","07.11.1993","21","0","NED","1","0","0","PSV","50062","Locadia","178","19","4","250013866"
"0","0","NED","Loof","0","Aly","0","01.01.1996","19","0","NED","0","0","0","PSV","50062","Loof","181","45","2","250058024"
"0","0","NED","Lundqvist","0","Jes s","0","10.05.1997","18","0","SWE","0","0","0","PSV","50062","Lundqvist","178","38","3","250066763"
"4","0","NED","Maher","0","Hector","0","20.07.1993","22","0","NED","0","0","0","PSV","50062","Maher","178","10","3","250016667"
"7","1","NED","Moreno","1","Giannelli","1","17.01.1988","27","1","MEX","1","0","0","PSV","50062","Moreno","180","3","2","250007960"
"1","1","NED","Narsingh","1","Miguel","1","13.09.1990","25","1","NED","1","0","0","PSV","50062","Narsingh","180","11","4","108917"
"0","0","NED","Paal","0","Iv n","0","24.06.1997","18","0","NED","0","0","0","PSV","50062","Paal","183","32","3","250056621"
"0","0","NED","Pasveer","0","Bruno","0","08.11.1983","31","0","NED","0","0","0","PSV","50062","Pasveer","182","22","1","98834"
"0","0","NED","Pereiro","0","Pablo","0","11.06.1995","20","0","URU","0","0","0","PSV","50062","Pereiro","190","7","3","250086340"
"3","0","NED","S. Poulsen","0","Tom s","0","07.10.1984","30","0","DEN","0","0","0","PSV","50062","Poulsen","184","14","2","67840"
"1","1","NED","Pr  pper","1","Cristian","0","02.09.1991","24","0","NED","0","0","0","PSV","50062","Pr  pper","184","6","3","250014667"
"0","0","NED","Rommens","0","Silvestre","0","03.02.1995","20","0","BEL","0","0","0","PSV","50062","Rommens","168","40","3","250074031"
"0","0","NED","Sanoh","0","Lionel","0","20.07.1995","20","0","NED","0","0","0","PSV","50062","Sanoh","195","44","4","250046911"
"11","1","NED","Schaars","1","Aur  lien","0","11.01.1984","31","0","NED","0","0","0","PSV","50062","Schaars","185","8","3","68456"
"0","0","NED","van Osch","0","Jason","0","24.03.1997","18","0","NED","0","0","0","PSV","50062","van Osch","184","41","1","250066563"
"0","0","NED","van Vlerken","0","Koray","0","07.10.1995","19","0","NED","0","0","0","PSV","50062","van Vlerken","183","34","2","250042720"
"0","0","NED","Vloet","0","Fernando","0","08.05.1995","20","0","NED","0","0","0","PSV","50062","Vloet","178","23","3","250042721"
"4","0","NED","Willems","0","Lukas","0","30.03.1994","21","0","NED","0","0","0","PSV","50062","Willems","180","15","2","250024859"
"5","1","NED","Zoet","1","Wesley","0","06.01.1991","24","0","NED","0","0","0","PSV","50062","Zoet","190","1","1","108911"
"5","1","POR","Aboubakar","1","David","2","22.01.1992","23","2","CMR","5","0","0","Porto","50064","Aboubakar","176","9","4","250017920"
"1","0","POR","Alberto Bueno","0","Marc","0","20.03.1988","27","0","ESP","0","0","0","Porto","50064","Alberto Bueno","182","23","4","98959"
"1","1","POR","Andr   Andr  ","1","Claudio","0","26.08.1989","26","0","POR","0","0","0","Porto","50064","Andr   Andr  ","170","20","3","250063840"
"0","0","POR","Andr   Silva","0","Sergio","0","06.11.1995","19","0","POR","0","0","0","Porto","50064","Andr   Silva","182","19","4","250042521"
"12","1","POR","Brahimi","1","Juan","0","08.02.1990","25","0","ALG","6","0","0","Porto","50064","Brahimi","182","8","3","107762"
"0","0","POR","Bruno Costa","0","Alejandro","0","19.04.1997","18","0","POR","0","0","0","Porto","50064","Bruno Costa","179","87","4","250063924"
"0","0","POR","Caio","0","Gerard","0","23.02.1994","21","0","POR","0","0","0","Porto","50064","Caio","170","91","1","250063927"
"153","1","POR","Casillas","1","Andr  s","0","20.05.1981","34","0","ESP","0","0","0","Porto","50064","Casillas","172","12","1","34694"
"40","0","POR","Cissokho","0","Javier","0","15.09.1987","28","0","FRA","1","0","0","Porto","50064","Cissokho","184","28","2","250003441"
"1","1","POR","Corona","1","Jordi","0","06.01.1993","22","0","MEX","0","0","0","Porto","50064","Corona","179","17","4","250074281"
"1","1","POR","Danilo","1","J  r  my","0","09.09.1991","24","0","POR","0","0","0","Porto","50064","Danilo","172","22","3","250014528"
"0","0","POR","David Sualehe","0","Lionel","0","23.03.1997","18","0","POR","0","0","0","Porto","50064","David Sualehe","183","65","2","250076660"
"0","0","POR","Diogo Sousa","0","Gerard","0","26.10.1996","18","0","POR","0","0","0","Porto","50064","Diogo Sousa","184","73","2","250055272"
"7","0","POR","Evandro","0","Ivan","0","23.08.1986","29","0","BRA","0","0","0","Porto","50064","Evandro","189","15","3","250029855"
"0","0","POR","Fernando","0","Sergi","0","14.03.1997","18","0","POR","0","0","0","Porto","50064","Fernando","173","72","2","250076681"
"0","0","POR","Filipe Ferreira","0","Jos   Aurelio","0","20.09.1996","18","0","POR","0","0","0","Porto","50064","Filipe Ferreira","171","51","1","250064522"
"0","0","POR","Francisco Ramos","0","Luis","0","10.04.1995","20","0","POR","0","0","0","Porto","50064","Francisco Ramos","170","48","3","250042516"
"51","0","POR","Helton","0","Marc-Andr  ","0","18.05.1978","37","0","BRA","0","0","0","Porto","50064","Helton","188","1","1","71766"
"15","1","POR","Herrera","1","Thomas","0","19.04.1990","25","0","MEX","4","0","0","Porto","50064","Herrera","170","16","3","250060117"
"4","0","POR","Imbula","0","Karim","0","12.09.1992","23","0","FRA","0","0","0","Porto","50064","Imbula","170","25","3","250011623"
"0","0","POR","Jo o Cardoso","0","Lars","0","10.02.1997","18","0","POR","0","0","0","Porto","50064","Jo o Cardoso","174","78","3","250076670"
"0","0","POR","Jo o Costa","0","Sebastian","0","02.02.1996","19","0","POR","0","0","0","Porto","50064","Jo o Costa","179","41","1","250040614"
"0","0","POR","Jo o Gra  a","0","Julian","0","18.06.1995","20","0","POR","0","0","0","Porto","50064","Jo o Gra  a","189","50","3","250063928"
"0","0","POR","Jorge","0","Giulio","0","02.04.1997","18","0","POR","0","0","0","Porto","50064","Jorge","169","64","2","250076679"
"1","1","POR","Lay n","1","Marlon","0","25.06.1988","27","0","MEX","0","0","0","Porto","50064","Lay n","175","21","2","250040109"
"0","0","POR","Lu  s Mata","0","Javier","0","06.07.1997","18","0","POR","0","0","0","Porto","50064","Lu  s Mata","175","97","4","250057871"
"22","1","POR","Maicon","1","Roberto","0","14.09.1988","27","0","BRA","0","0","0","Porto","50064","Maicon","192","4","2","250007919"
"13","0","POR","Marcano","0","Tin","0","23.06.1987","28","0","ESP","0","0","0","Porto","50064","Marcano","174","5","2","250003525"
"14","1","POR","Martins Indi","1","Kevin","0","08.02.1992","23","0","NED","0","0","0","Porto","50064","Martins Indi","184","3","2","250017880"
"40","1","POR","Maxi Pereira","1","Stefan","0","08.06.1984","31","0","URU","3","0","0","Porto","50064","Maxi Pereira","181","2","2","1905761"
"6","1","POR","Osvaldo","1","Christoph","0","12.01.1986","29","0","ITA","0","0","0","Porto","50064","Osvaldo","175","10","4","1905807"
"0","0","POR","Podstawski","0","Dario","0","30.01.1995","20","0","POR","0","0","0","Porto","50064","Podstawski","177","56","3","250024749"
"0","0","POR","Rafa","0","Bernd","0","09.05.1995","20","0","POR","0","0","0","Porto","50064","Rafa","191","55","2","250040613"
"0","0","POR","R ben Macedo","0","Admir","0","09.03.1996","19","0","POR","0","0","0","Porto","50064","R ben Macedo","181","77","4","250057870"
"10","1","POR","R ben Neves","1","Kyriakos","0","13.03.1997","18","0","POR","0","0","0","Porto","50064","R ben Neves","187","6","3","250055271"
"0","0","POR","Rui Moreira","0","Seung-Woo","0","31.05.1996","19","0","POR","0","0","0","Porto","50064","Rui Moreira","180","60","3","250055268"
"1","0","POR","S  rgio Oliveira","0","Jonathan","0","02.06.1992","23","0","POR","0","0","0","Porto","50064","S  rgio Oliveira","182","13","3","250003853"
"0","0","POR","S  rgio Ribeiro","0","David","0","18.01.1996","19","0","POR","0","0","0","Porto","50064","S  rgio Ribeiro","183","70","4","250055277"
"18","1","POR","Tello","1","Vladlen","0","11.08.1991","24","0","ESP","5","0","0","Porto","50064","Tello","183","11","4","250017465"
"25","0","POR","Varela","0","Dami n","0","02.02.1985","30","0","POR","3","0","0","Porto","50064","Varela","191","7","4","73319"
"0","0","TUR","Bilal Kisa","0","Bernab  ","0","22.06.1983","32","0","TUR","0","0","0","Galatasaray","50067","Bilal Kisa","183","5","3","95698"
"36","1","TUR","Burak Ylmaz","1"," ngel","0","15.07.1985","30","0","TUR","10","0","0","Galatasaray","50067","Burak Ylmaz","181","17","4","62309"
"1","1","TUR","Carole","1","Oscar","0","12.04.1991","24","0","FRA","0","0","0","Galatasaray","50067","Carole","176","23","2","250025888"
"0","0","TUR","Cenk G  nen","0","Yannick","0","21.02.1988","27","0","TUR","0","0","0","Galatasaray","50067","Cenk G  nen","175","99","1","99202"
"24","0","TUR","Chedjou","0","Jes s","0","20.06.1985","30","0","CMR","2","0","0","Galatasaray","50067","Chedjou","182","21","2","1900724"
"2","1","TUR","Denayer","1","Jos   Mar  a","0","28.06.1995","20","0","BEL","0","0","0","Galatasaray","50067","Denayer","184","64","2","250064362"
"9","1","TUR","Emre   olak","1","Diego","0","20.05.1991","24","0","TUR","0","0","0","Galatasaray","50067","Emre   olak","180","52","3","1901682"
"2","0","TUR","Eray  can","0","Antoine","0","19.07.1991","24","0","TUR","0","0","0","Galatasaray","50067","Eray  can","191","67","1","250013120"
"0","0","TUR","G nter","0","Mario","0","16.08.1994","21","0","GER","0","0","0","Galatasaray","50067","G nter","190","28","2","250024671"
"9","1","TUR","Hakan Balta","1","Jackson","0","23.03.1983","32","0","TUR","1","0","0","Galatasaray","50067","Hakan Balta","199","22","2","61752"
"41","0","TUR","Hamit Altntop","0","Carlos","0","08.12.1982","32","0","TUR","2","0","0","Galatasaray","50067","Hamit Altntop","188","4","3","58613"
"0","0","TUR","Jem Paul Karacan","0","Miguel  ngel","0","21.02.1989","26","0","TUR","0","0","0","Galatasaray","50067","Jem Paul Karacan","183","6","3","103866"
"1","0","TUR","Jos   Rodr  guez","0"," lvaro","0","16.12.1994","20","0","ESP","0","0","0","Galatasaray","50067","Jos   Rodr  guez","186","14","3","250024398"
"22","1","TUR","Muslera","1","Roberto","0","16.06.1986","29","0","URU","0","0","0","Galatasaray","50067","Muslera","183","1","1","1905755"
"2","0","TUR","Olcan Adn","0","Jan","0","30.09.1985","29","0","TUR","0","0","0","Galatasaray","50067","Olcan Adn","176","29","3","74637"
"26","1","TUR","Podolski","1","Thomas","0","04.06.1985","30","0","GER","11","0","0","Galatasaray","50067","Podolski","194","11","4","62594"
"21","1","TUR","Sabri Saro lu","1","Alberto","0","26.07.1984","31","0","TUR","2","0","0","Galatasaray","50067","Sabri Saro lu","178","55","2","52321"
"23","1","TUR","Sel  uk nan","1","Miguel","0","10.02.1985","30","0","TUR","0","0","0","Galatasaray","50067","Sel  uk nan","178","8","3","62307"
"23","1","TUR","Semih Kaya","1","Arona","0","24.02.1991","24","0","TUR","0","0","0","Galatasaray","50067","Semih Kaya","185","26","2","107285"
"1","1","TUR","Sinan G m s","1","Stefan","0","15.01.1994","21","0","TUR","0","0","0","Galatasaray","50067","Sinan G m s","174","18","4","250086329"
"77","1","TUR","Sneijder","1","Guilherme","0","09.06.1984","31","0","NED","15","0","0","Galatasaray","50067","Sneijder","180","10","3","57132"
"5","0","TUR","Tark   amdal","0","Gonzalo","0","24.03.1991","24","0","TUR","0","0","0","Galatasaray","50067","Tark   amdal","188","38","2","250013144"
"24","1","TUR","Umut Bulut","1","Fernando","0","15.03.1983","32","0","TUR","4","0","0","Galatasaray","50067","Umut Bulut","180","9","4","61369"
"4","1","TUR","Yasin   ztekin","1","Luciano","0","19.03.1987","28","0","TUR","0","0","0","Galatasaray","50067","Yasin   ztekin","182","7","3","250003423"
"41","0","ESP","Adriano","0","Samuel","0","26.10.1984","30","0","BRA","1","0","0","Barcelona","50080","Adriano","185","21","2","98593"
"0","0","ESP","David Babunski","0","Elio","0","01.03.1994","21","0","MKD","0","0","0","Barcelona","50080","Babunski","186","29","3","250022918"
"18","0","ESP","Bartra","0","Lorenzo","0","15.01.1991","24","0","ESP","0","0","0","Barcelona","50080","Bartra","176","15","2","250010245"
"7","0","ESP","Bravo","0","Daniele","0","13.04.1983","32","0","CHI","0","0","0","Barcelona","50080","Bravo","175","13","1","250075672"
"68","1","ESP","Busquets","1","Morgan","0","16.07.1988","27","0","ESP","4","0","0","Barcelona","50080","Busquets","180","5","3","250002704"
"0","0","ESP","C mara","0","Lorenzo","0","13.02.1994","21","0","ESP","0","0","0","Barcelona","50080","C mara","178","27","3","250024392"
"83","0","ESP","Dani Alves","0","Lucas","0","06.05.1983","32","0","BRA","7","0","0","Barcelona","50080","Dani Alves","180","6","2","95724"
"0","0","ESP","Douglas","0","Christian","0","06.08.1990","25","0","BRA","0","0","0","Barcelona","50080","Douglas","184","2","2","250075674"
"0","0","ESP","Grimaldo","0","Edin","0","20.09.1995","19","0","ESP","0","0","0","Barcelona","50080","Grimaldo","189","30","2","250042422"
"0","0","ESP","Gumbau","0","Iago","0","18.12.1994","20","0","ESP","0","0","0","Barcelona","50080","Gumbau","180","28","3","250086317"
"110","1","ESP","Iniesta","1","Alessandro","0","11.05.1984","31","0","ESP","10","0","0","Barcelona","50080","Iniesta","186","8","3","58031"
"32","1","ESP","Jordi Alba","1","Juan Manuel","0","21.03.1989","26","0","ESP","2","0","0","Barcelona","50080","Jordi Alba","178","18","2","250000036"
"81","1","ESP","Mascherano","1","Seydou","0","08.06.1984","31","0","ARG","0","0","0","Barcelona","50080","Mascherano","185","14","2","104264"
"0","0","ESP","Masip","0","Kostas","0","03.01.1989","26","0","ESP","0","0","0","Barcelona","50080","Masip","180","25","1","104025"
"24","1","ESP","Mathieu","1","Riccardo","0","29.10.1983","31","0","FRA","0","0","0","Barcelona","50080","Mathieu","186","24","2","65012"
"100","1","ESP","Messi","1","Radja","0","24.06.1987","28","0","ARG","77","0","0","Barcelona","50080","Messi","183","10","4","95803"
"3","0","ESP","Munir El Haddadi","0","Miralem","0","01.09.1995","20","0","ESP","0","0","0","Barcelona","50080","Munir El Haddadi","183","17","4","250063866"
"23","1","ESP","Neymar","1","Antonio","0","05.02.1992","23","0","BRA","14","0","0","Barcelona","50080","Neymar","186","11","4","250039508"
"77","1","ESP","Piqu  ","1","Mohamed","0","02.02.1987","28","0","ESP","9","0","0","Barcelona","50080","Piqu  ","173","3","2","93148"
"9","1","ESP","Rafinha","1","Edoardo","0","12.02.1993","22","0","ESP","0","0","0","Barcelona","50080","Rafinha","176","12","3","250013895"
"27","1","ESP","Rakiti ","1","Wojciech","0","10.03.1988","27","0","CRO","2","0","0","Barcelona","50080","Rakiti ","179","4","3","97744"
"1","0","ESP","Samper","0","Vasilis","0","20.01.1995","20","0","ESP","0","0","0","Barcelona","50080","Samper","185","26","3","250042429"
"3","0","ESP","Sandro Ram  rez","0","Francesco","0","09.07.1995","20","0","ESP","1","0","0","Barcelona","50080","Sandro Ram  rez","184","19","4","250042431"
"10","1","ESP","Sergi Roberto","1","Marco","0","07.02.1992","23","0","ESP","1","0","0","Barcelona","50080","Sergi Roberto","190","20","3","250006092"
"0","0","ESP","Su rez","0","William","0","18.12.1995","19","0","ESP","0","0","0","Barcelona","50080","Su rez","178","31","1","250063875"
"22","1","ESP","Su rez","1","Emil","1","24.01.1987","28","1","URU","13","0","0","Barcelona","50080","Su rez","193","9","4","106375"
"16","1","ESP","ter Stegen","1","Andrea","0","30.04.1992","23","0","GER","0","0","0","Barcelona","50080","ter Stegen","172","1","1","250007631"
"36","0","ESP","Vermaelen","0","Leonardo","0","14.11.1985","29","0","BEL","1","0","0","Barcelona","50080","Vermaelen","173","23","2","71982"
"7","1","GER","Andr   Ramalho","0","Gianluigi","0","16.02.1992","23","0","BRA","0","0","1","Leverkusen","50109","Andr   Ramalho","179","2","2","250030823"
"15","3","GER","Bellarabi","1","Mart  n","1","08.04.1990","25","0","GER","3","1","2","Leverkusen","50109","Bellarabi","169","38","3","250025456"
"24","3","GER","L. Bender","1","Giorgio","0","27.04.1989","26","0","GER","1","0","2","Leverkusen","50109","Bender","183","8","3","103790"
"15","0","GER","Boenisch","0","Juan","0","01.02.1987","28","0","POL","0","0","0","Leverkusen","50109","Boenisch","184","17","2","103586"
"11","3","GER","Brandt","1","Paulo","0","02.05.1996","19","0","GER","0","0","2","Leverkusen","50109","Brandt","184","19","3","250046522"
"12","0","GER","Donati","0","Patrice","0","05.02.1990","25","0","ITA","1","0","0","Leverkusen","50109","Donati","186","26","2","250016023"
"0","0","GER","Frey","0","Sami","0","24.03.1996","19","0","GER","0","0","0","Leverkusen","50109","Frey","176","37","3","250064511"
"13","3","GER","Hakan   alhano lu","1","Mario","3","08.02.1994","21","2","TUR","6","1","2","Leverkusen","50109","Hakan   alhano lu","180","10","3","250022829"
"35","3","GER","Hern ndez","1","Stephan","1","01.06.1988","27","1","MEX","9","0","2","Leverkusen","50109","Hern ndez","190","7","4","250017851"
"17","3","GER","Hilbert","1","Mario","0","16.10.1984","30","0","GER","0","0","2","Leverkusen","50109","Hilbert","175","13","2","98870"
"5","0","GER","Jedvaj","0","Claudio","0","28.11.1995","19","0","CRO","0","0","0","Leverkusen","50109","Jedvaj","182","16","2","250042622"
"8","1","GER","Kampl","1"," lvaro","0","09.10.1990","24","0","SVN","0","0","0","Leverkusen","50109","Kampl","195","44","3","250014636"
"28","3","GER","Kiessling","1","Roberto","0","25.01.1984","31","0","GER","7","0","2","Leverkusen","50109","Kiessling","185","11","4","98328"
"3","3","GER","Kramer","1","Paul","0","19.02.1991","24","0","GER","0","0","2","Leverkusen","50109","Kramer","180","23","3","250021626"
"2","0","GER","Krei ","0","Daniele","0","11.01.1984","31","0","CRO","0","0","0","Leverkusen","50109","Krei ","179","25","1","57892"
"29","3","GER","Leno","1","Stefano","0","04.03.1992","23","0","GER","0","0","2","Leverkusen","50109","Leno","179","1","1","250007620"
"12","3","GER","Mehmedi","1","Simone","2","16.03.1991","24","1","SUI","4","1","2","Leverkusen","50109","Mehmedi","189","14","4","1905353"
"23","0","GER","  mer Toprak","0","Mehdi","0","21.07.1989","26","0","TUR","2","0","0","Leverkusen","50109","  mer Toprak","186","21","2","250000927"
"21","3","GER","Papadopoulos","1","Bryan","0","23.02.1992","23","0","GRE","1","0","2","Leverkusen","50109","Papadopoulos","190","5","2","1901610"
"0","0","GER","Ryu","0","Ljubomir","0","17.12.1993","21","0","KOR","0","0","0","Leverkusen","50109","Ryu","192","24","4","250086073"
"3","3","GER","Tah","1","Nicol s","0","11.02.1996","19","0","GER","0","0","2","Leverkusen","50109","Tah","182","4","2","250055660"
"8","3","GER","Wendell","1","Ra l","0","20.07.1993","22","0","BRA","0","0","2","Leverkusen","50109","Wendell","186","18","2","250074376"
"0","0","GER","Yelldell","0","Victor","0","01.10.1981","33","0","USA","0","0","0","Leverkusen","50109","Yelldell","176","22","1","250040598"
"0","0","GER","Yurchenko","0","Kostas","0","22.01.1994","21","0","UKR","0","0","0","Leverkusen","50109","Yurchenko","177","35","3","250024897"
"0","0","ESP","Ag ero","0","Bilal","0","18.01.1997","18","0","ESP","0","0","0","Atl  tico","50124","Ag ero","175","33","4","250076125"
"0","0","ESP","Barrag n","0","Andreas","0","18.02.1993","22","0","ESP","0","0","0","Atl  tico","50124","Barrag n","180","25","1","250087086"
"0","0","ESP","Benjam  n","0","N  lson","0","04.01.1994","21","0","GHA","0","0","0","Atl  tico","50124","Benjam  n","189","29","3","250075538"
"0","0","ESP","Ca ete","0","Adel","0","22.04.1995","20","0","ESP","0","0","0","Atl  tico","50124","Ca ete","182","28","2","250063807"
"0","0","ESP","Correa","0","Enoch Kofi","0","09.03.1995","20","0","ARG","0","0","0","Atl  tico","50124","Correa","180","16","3","250086315"
"0","0","ESP","Del Amo","0","Erik","0","24.10.1997","17","0","ESP","0","0","0","Atl  tico","50124","Del Amo","186","35","2","250087516"
"10","0","ESP","Ferreira-Carrasco","0","Fredrik","0","04.09.1993","22","0","BEL","1","0","0","Atl  tico","50124","Ferreira-Carrasco","179","21","4","250040959"
"15","0","ESP","Filipe Lu  s","0","K ri","0","09.08.1985","30","0","BRA","1","0","0","Atl  tico","50124","Filipe Lu  s","187","3","2","95813"
"20","1","ESP","Gabi","1","Zlatan","0","10.07.1983","32","0","ESP","0","0","0","Atl  tico","50124","Gabi","191","14","3","93951"
"13","0","ESP","G mez","0","Rasmus","0","10.04.1985","30","0","ESP","0","0","0","Atl  tico","50124","G mez","184","18","2","250008066"
"5","1","ESP","Gim  nez","1","Jo Inge","0","20.01.1995","20","0","URU","0","0","0","Atl  tico","50124","Gim  nez","186","24","2","250063505"
"27","1","ESP","God  n","1","Franz","0","16.02.1986","29","0","URU","3","0","0","Atl  tico","50124","God  n","188","2","2","1906224"
"18","1","ESP","Griezmann","1","Felipe","2","21.03.1991","24","2","FRA","5","0","0","Atl  tico","50124","Griezmann","178","7","3","250019498"
"0","0","ESP","Guille P  rez","0","Pawe ","0","10.01.1997","18","0","ESP","0","0","0","Atl  tico","50124","Guille P  rez","186","41","1","250076124"
"0","0","ESP","Hern ndez","0","Nikola","0","25.01.1999","16","0","ESP","0","0","0","Atl  tico","50124","Hern ndez","182","37","2","250087524"
"0","0","ESP","Jaime Almagro","0","Magnus","0","14.03.1997","18","0","ESP","0","0","0","Atl  tico","50124","Jaime Almagro","185","34","3","250068442"
"0","0","ESP","Juan Moreno","0","Marko","0","11.05.1997","18","0","ESP","0","0","0","Atl  tico","50124","Juan Moreno","176","39","3","250075541"
"23","1","ESP","Juanfran","1","Pa","0","09.01.1985","30","0","ESP","0","0","0","Atl  tico","50124","Juanfran","186","20","2","69172"
"23","1","ESP","Koke","1","Simon","0","08.01.1992","23","0","ESP","3","0","0","Atl  tico","50124","Koke","188","6","3","1909917"
"0","0","ESP","Lucas Hern ndez","0","Oscar","0","14.02.1996","19","0","FRA","0","0","0","Atl  tico","50124","Lucas Hern ndez","175","19","2","250063803"
"25","1","ESP","Mart  nez","1","Agon","0","03.10.1986","28","0","COL","13","0","0","Atl  tico","50124","Mart  nez","185","11","4","250052989"
"0","0","ESP","Morales","0","Guillermo","0","28.07.1996","19","0","ESP","0","0","0","Atl  tico","50124","Morales","173","38","1","250058051"
"8","0","ESP","Moy ","0","Mahmut","0","02.04.1984","31","0","ESP","0","0","0","Atl  tico","50124","Moy ","179","1","1","58032"
"0","0","ESP","Muguruza","0","Petar","0","10.05.1997","18","0","ESP","0","0","0","Atl  tico","50124","Muguruza","192","40","2","250087257"
"0","0","ESP","Nacho Monsalve","0","Erdal","0","27.04.1994","21","0","ESP","0","0","0","Atl  tico","50124","Nacho Monsalve","190","27","2","250053746"
"0","0","ESP","Nica Gomes","0","Vladimir","0","07.07.1997","18","0","ESP","0","0","0","Atl  tico","50124","Nica Gomes","178","36","3","250087512"
"0","0","ESP","Nu ez","0","Markus","0","03.01.1996","19","0","ESP","0","0","0","Atl  tico","50124","Nu ez","186","30","4","250056269"
"5","1","ESP","Oblak","1","Tobias","0","07.01.1993","22","0","SVN","0","0","0","Atl  tico","50124","Oblak","178","13","1","250012069"
"15","1","ESP","  liver Torres","1","Mattias","0","10.11.1994","20","0","ESP","0","0","0","Atl  tico","50124","  liver Torres","181","10","3","250050353"
"0","0","ESP","Partey","0","Anton","0","13.06.1993","22","0","GHA","0","0","0","Atl  tico","50124","Partey","186","22","3","250086316"
"0","0","ESP","Rentero","0","Andreas","0","24.03.1997","18","0","ESP","0","0","0","Atl  tico","50124","Rentero","187","42","3","250087511"
"0","0","ESP","San Rom n","0","Johan","0","14.07.1997","18","0","ESP","0","0","0","Atl  tico","50124","San Rom n","187","43","1","250087513"
"0","0","ESP","San  ","0","Yoshimar","0","21.06.1995","20","0","SEN","0","0","0","Atl  tico","50124","San  ","193","31","3","250063892"
"6","1","ESP","Sa l     guez","1","Arijan","0","21.11.1994","20","0","ESP","0","0","0","Atl  tico","50124","Sa l     guez","193","17","3","250017725"
"6","0","ESP","Savi ","0","Domagoj","0","08.01.1991","24","0","MNE","0","0","0","Atl  tico","50124","Savi ","188","15","2","1907998"
"10","1","ESP","Siqueira","1","Filip","0","28.04.1986","29","0","ITA","0","0","0","Atl  tico","50124","Siqueira","179","4","2","250064116"
"0","0","ESP","Talavera","0","Endri","0","15.07.1997","18","0","ESP","0","0","0","Atl  tico","50124","Talavera","167","44","2","250087514"
"46","1","ESP","Tiago","1","Ante","0","02.05.1981","34","0","POR","4","0","0","Atl  tico","50124","Tiago","186","5","3","52694"
"57","1","ESP","Torres","1","Junior","0","20.03.1984","31","0","ESP","18","0","0","Atl  tico","50124","Torres","172","9","4","58686"
"1","1","ESP","Vietto","1","Amer","0","05.12.1993","21","0","ARG","0","0","0","Atl  tico","50124","Vietto","172","23","4","250074566"
"0","0","ESP","Villa","0"," ngelo","0","16.09.1994","21","0","ESP","0","0","0","Atl  tico","50124","Villa","189","32","4","250075547"
"0","0","ESP","Xu Xin","0","Armin","0","19.04.1994","21","0","CHN","0","0","0","Atl  tico","50124","Xu Xin","177","26","3","250075548"
"0","0","ITA","Capradossi","0","Antonijo","0","11.03.1996","19","0","ITA","0","0","0","Roma","50137","Capradossi","178","95","2","250056198"
"0","0","ITA","Crisanto","0","Alexandru","0","20.04.1998","17","0","ITA","0","0","0","Roma","50137","Crisanto","180","98","1","250076729"
"42","1","ITA","De Rossi","1","Marko","0","24.07.1983","32","0","ITA","4","0","0","Roma","50137","De Rossi","178","16","3","58656"
"22","1","ITA","De Sanctis","1","Mario","0","26.03.1977","38","0","ITA","0","0","0","Roma","50137","De Sanctis","171","26","1","27132"
"0","0","ITA","Di Livio","0","Domagoj","0","11.01.1997","18","0","ITA","0","0","0","Roma","50137","Di Livio","180","52","3","250076732"
"11","1","ITA","Digne","1","Josip","0","20.07.1993","22","0","FRA","1","0","0","Roma","50137","Digne","183","3","2","250014002"
"0","0","ITA","D'Urso","0","Marko","0","26.07.1997","18","0","ITA","0","0","0","Roma","50137","D'Urso","186","53","3","250076735"
"31","1","ITA","D eko","1","Marko","0","17.03.1986","29","0","BIH","7","0","0","Roma","50137","D eko","184","9","4","72048"
"1","1","ITA","Falqu  ","1","Gordon","0","04.01.1990","25","0","ESP","0","0","0","Roma","50137","Falqu  ","182","14","3","1902206"
"7","1","ITA","Florenzi","1","Leonardo","1","11.03.1991","24","1","ITA","1","0","0","Roma","50137","Florenzi","185","24","3","250026962"
"19","0","ITA","Gervinho","0","El Arabi Hilal","0","27.05.1987","28","0","CIV","5","0","0","Roma","50137","Gervinho","173","27","4","250011036"
"7","1","ITA","Iturbe","1","Damir","0","04.06.1993","22","0","PAR","1","0","0","Roma","50137","Iturbe","172","7","3","250039164"
"64","1","ITA","Keita","1","J  r  my","0","16.01.1980","35","0","MLI","6","0","0","Roma","50137","Keita","180","20","3","51580"
"0","0","ITA","Leandro Cast n","0","Aymen","0","05.11.1986","28","0","BRA","0","0","0","Roma","50137","Leandro Cast n","183","5","2","1905226"
"61","0","ITA","Maicon","0","Antonio","0","26.07.1981","34","0","BRA","5","0","0","Roma","50137","Maicon","186","13","2","95291"
"20","1","ITA","Manolas","1","Rodrigo","0","14.06.1991","24","0","GRE","2","0","0","Roma","50137","Manolas","179","44","2","250012954"
"0","0","ITA","Marchizza","0","Sofiane","0","26.03.1998","17","0","ITA","0","0","0","Roma","50137","Marchizza","175","91","2","250076738"
"7","1","ITA","Nainggolan","1","Jos  ","0","04.05.1988","27","0","BEL","0","0","0","Roma","50137","Nainggolan","185","4","3","1906233"
"31","0","ITA","Pjani ","0","Nacho","0","02.04.1990","25","0","BIH","6","0","0","Roma","50137","Pjani ","173","15","3","104071"
"1","1","ITA","R diger","1","Antonio","0","03.03.1993","22","0","GER","0","0","0","Roma","50137","R diger","175","2","2","250028211"
"15","1","ITA","Salah","1","Shkodran","0","15.06.1992","23","0","EGY","5","0","0","Roma","50137","Salah","188","11","4","250052469"
"0","0","ITA","Salih U  an","0"," lvaro","0","06.01.1994","21","0","TUR","0","0","0","Roma","50137","Salih U  an","183","48","3","250022826"
"0","0","ITA","Soleri","0","Lucas","0","19.10.1997","17","0","ITA","0","0","0","Roma","50137","Soleri","180","92","4","250076744"
"30","1","ITA","Szcz sny","1","Daniel","0","18.04.1990","25","0","POL","0","0","0","Roma","50137","Szcz sny","177","25","1","108501"
"27","1","ITA","Torosidis","1","Andr  s","0","10.06.1985","30","0","GRE","2","0","0","Roma","50137","Torosidis","190","35","2","72623"
"55","0","ITA","Totti","0","Enzo","0","27.09.1976","38","0","ITA","17","0","0","Roma","50137","Totti","181","10","4","15895"
"0","0","ITA","Tumminello","0","Pablo","0","06.11.1998","16","0","ITA","0","0","0","Roma","50137","Tumminello","185","93","4","250076748"
"0","0","ITA","Vainqueur","0","Mathew","0","19.11.1988","26","0","FRA","0","0","0","Roma","50137","Vainqueur","180","21","3","1902406"
"23","0","ITA","Alex Sandro","0","Antonio","0","26.01.1991","24","0","BRA","0","0","0","Juventus","50139","Alex Sandro","184","12","2","250039930"
"0","0","ITA","Audero","0","Mikel","0","18.01.1997","18","0","ITA","0","0","0","Juventus","50139","Audero","193","38","1","250058117"
"22","1","ITA","Barzagli","1","H  ctor","0","08.05.1981","34","0","ITA","0","0","0","Juventus","50139","Barzagli","187","15","2","74055"
"30","1","ITA","Bonucci","1","Joel","0","01.05.1987","28","0","ITA","1","0","0","Juventus","50139","Bonucci","174","19","2","250017925"
"97","1","ITA","Buffon","1","Petr","0","28.01.1978","37","0","ITA","0","0","0","Juventus","50139","Buffon","176","1","1","21307"
"15","0","ITA","C ceres","0","Calum","0","07.04.1987","28","0","URU","0","0","0","Juventus","50139","C ceres","183","4","2","250002700"
"44","1","ITA","Chiellini","1","Francis","0","14.08.1984","31","0","ITA","2","0","0","Juventus","50139","Chiellini","191","3","2","59142"
"2","1","ITA","Cuadrado","1","Mathieu","0","26.05.1988","27","0","COL","0","0","0","Juventus","50139","Cuadrado","179","16","4","250015966"
"1","1","ITA","Dybala","1","Mathieu","0","15.11.1993","21","0","ARG","0","0","0","Juventus","50139","Dybala","177","21","4","250086333"
"100","1","ITA","Evra","1","Kieran","0","15.05.1981","34","0","FRA","2","0","0","Juventus","50139","Evra","191","33","2","68468"
"1","1","ITA","Hernanes","1","Olivier","0","29.05.1985","30","0","BRA","0","0","0","Juventus","50139","Hernanes","187","11","3","250024953"
"47","0","ITA","Khedira","0","Kaylen","0","04.04.1987","28","0","GER","1","0","0","Juventus","50139","Khedira","185","6","3","74327"
"4","0","ITA","Lemina","0","Ryan","0","01.09.1993","22","0","FRA","0","0","0","Juventus","50139","Lemina","187","18","3","250064108"
"32","1","ITA","Lichtsteiner","1","Deyan","0","16.01.1984","31","0","SUI","0","0","0","Juventus","50139","Lichtsteiner","178","26","2","56942"
"45","1","ITA","Mand uki ","1","Alex","1","21.05.1986","29","1","CRO","19","0","0","Juventus","50139","Mand uki ","183","17","4","99350"
"34","0","ITA","Marchisio","0","Chiori","0","19.01.1986","29","0","ITA","2","0","0","Juventus","50139","Marchisio","186","8","3","1902468"
"19","1","ITA","Morata","1","Glen","1","23.10.1992","22","1","ESP","7","0","0","Juventus","50139","Morata","184","9","4","250024456"
"0","0","ITA","Neto","0","Laurent","0","19.07.1989","26","0","BRA","0","0","0","Juventus","50139","Neto","178","25","1","250061507"
"14","0","ITA","Pereyra","0","Matt","0","07.01.1991","24","0","ARG","0","0","0","Juventus","50139","Pereyra","179","37","3","250040576"
"25","1","ITA","Pogba","1","Stephy","0","15.03.1993","22","0","FRA","1","0","0","Juventus","50139","Pogba","163","10","3","250015808"
"0","0","ITA","Rugani","0","Per","0","29.07.1994","21","0","ITA","0","0","0","Juventus","50139","Rugani","180","24","2","250024963"
"3","1","ITA","Sturaro","1","Nacho","0","09.03.1993","22","0","ITA","0","0","0","Juventus","50139","Sturaro","182","27","3","250014297"
"0","0","ITA","Zaza","0","Tafari","0","25.06.1991","24","0","ITA","0","0","0","Juventus","50139","Zaza","168","7","4","250020649"
"0","0","POR","Alex Alfaiate","0","Stefan","0","17.08.1995","20","0","POR","0","0","0","Benfica","50147","Alex Alfaiate","183","75","2","250042508"
"14","0","POR","Andr   Almeida","0","David","0","10.09.1990","25","0","POR","0","0","0","Benfica","50147","Andr   Almeida","177","34","2","250005487"
"0","0","POR","Andr   Ferreira","0","Alex","0","29.05.1996","19","0","POR","0","0","0","Benfica","50147","Andr   Ferreira","178","86","1","250064489"
"0","0","POR","Buta","0","Mesut","0","10.02.1997","18","0","POR","0","0","0","Benfica","50147","Buta","196","94","4","250066107"
"7","0","POR","Carcela-Gonz lez","0","Aaron","0","01.07.1989","26","0","MAR","0","0","0","Benfica","50147","Carcela-Gonz lez","183","39","3","103344"
"4","0","POR","Cristante","0","Jeff","0","03.03.1995","20","0","ITA","0","0","0","Benfica","50147","Cristante","178","24","3","250041741"
"0","0","POR","Ederson","0","Tyrell","0","17.08.1993","22","0","BRA","0","0","0","Benfica","50147","Ederson","177","1","1","250073809"
"13","1","POR","Eliseu","1","Tom ","0","01.10.1983","31","0","POR","5","0","0","Benfica","50147","Eliseu","178","19","2","65288"
"12","1","POR","Fejsa","1","Theo","0","14.08.1988","27","0","SRB","0","0","0","Benfica","50147","Fejsa","185","5","3","105823"
"0","0","POR","Francisco Ferreira","0","Danny","0","26.03.1997","18","0","POR","0","0","0","Benfica","50147","Francisco Ferreira","178","97","2","250066118"
"34","1","POR","Gait n","1","Chris","1","23.02.1988","27","1","ARG","3","0","0","Benfica","50147","Gait n","192","10","3","250020656"
"0","0","POR","Gilson Costa","0","Jack","0","24.09.1996","18","0","POR","0","0","0","Benfica","50147","Gilson Costa","180","55","3","250064481"
"1","1","POR","Gon  alo Guedes","1","Daley","0","29.11.1996","18","0","POR","0","0","0","Benfica","50147","Gon  alo Guedes","191","20","4","250054760"
"0","0","POR","Gon  alo Rodrigues","0","Michael","0","18.07.1997","18","0","POR","0","0","0","Benfica","50147","Gon  alo Rodrigues","180","68","3","250066104"
"0","0","POR","Hildeberto Pereira","0","Matteo","0","02.03.1996","19","0","POR","0","0","0","Benfica","50147","Hildeberto Pereira","175","99","4","250064483"
"13","1","POR","Jardel","1","David","0","29.03.1986","29","0","BRA","0","0","0","Benfica","50147","Jardel","183","33","2","250026741"
"2","1","POR","Jim  nez","1","Memphis","0","05.05.1991","24","0","MEX","0","0","0","Benfica","50147","Jim  nez","186","9","4","250060115"
"0","0","POR","Jo o Carvalho","0","Marouane","0","09.03.1997","18","0","POR","0","0","0","Benfica","50147","Jo o Carvalho","198","90","3","250068945"
"0","0","POR","Jo o Escoval","0","Sam","0","08.05.1997","18","0","POR","0","0","0","Benfica","50147","Jo o Escoval","178","65","2","250087569"
"0","0","POR","Jo o Lima","0","Phil","0","23.06.1996","19","0","POR","0","0","0","Benfica","50147","Jo o Lima","173","96","2","250057873"
"0","0","POR","Jo o Nunes","0","Jesse","0","19.11.1995","19","0","POR","0","0","0","Benfica","50147","Jo o Nunes","186","63","2","250042511"
"1","0","POR","Jo o Teixeira","0","Anthony","0","06.02.1994","21","0","POR","0","0","0","Benfica","50147","Jo o Teixeira","183","40","3","250024750"
"15","1","POR","Jonas","1","Paddy","0","01.04.1984","31","0","BRA","8","0","0","Benfica","50147","Jonas","180","17","4","250026742"
"58","1","POR","J lio C  sar","1","Andreas","0","03.09.1979","36","0","BRA","0","0","0","Benfica","50147","J lio C  sar","183","12","1","91862"
"0","0","POR","Lindel  f","0","Nick","0","17.07.1994","21","0","SWE","0","0","0","Benfica","50147","Lindel  f","177","14","2","250055905"
"2","0","POR","Lisandro L  pez","0","Marcos","0","01.09.1989","26","0","ARG","0","0","0","Benfica","50147","Lisandro L  pez","178","2","2","250075775"
"56","1","POR","Luis o","1","Sergio","0","13.02.1981","34","0","BRA","5","0","0","Benfica","50147","Luis o","168","4","2","72580"
"0","0","POR","Miguel Santos","0","Wayne","0","21.10.1994","20","0","POR","0","0","0","Benfica","50147","Miguel Santos","176","87","1","250075977"
"34","1","POR","Mitroglou","1","Morgan","1","12.03.1988","27","1","GRE","14","0","0","Benfica","50147","Mitroglou","185","11","4","103218"
"0","0","POR","Nuno Santos","0","Bastian","0","13.02.1995","20","0","POR","0","0","0","Benfica","50147","Nuno Santos","180","38","4","250064482"
"0","0","POR","Ould-Chikh","0","Luke","0","28.07.1997","18","0","NED","0","0","0","Benfica","50147","Ould-Chikh","172","8","4","250069828"
"1","0","POR","Paulo Lopes","0","Chris","0","29.06.1978","37","0","POR","0","0","0","Benfica","50147","Paulo Lopes","182","13","1","40760"
"0","0","POR","Pedro Rodrigues","0","Antonio","0","20.05.1997","18","0","POR","0","0","0","Benfica","50147","Pedro Rodrigues","180","88","3","250066115"
"2","1","POR","Pizzi","1","Guillermo","0","06.10.1989","25","0","POR","0","0","0","Benfica","50147","Pizzi","188","21","4","250075765"
"0","0","POR","Rebocho","0","James","0","23.01.1995","20","0","POR","0","0","0","Benfica","50147","Rebocho","182","60","2","250042507"
"0","0","POR","Renato Sanches","0","Ashley","0","18.08.1997","18","0","POR","0","0","0","Benfica","50147","Renato Sanches","192","85","3","250058218"
"0","0","POR","Ricardo Carvalho","0","M rcio","0","06.03.1996","19","0","POR","0","0","0","Benfica","50147","Ricardo Carvalho","176","73","2","250055276"
"0","0","POR","R ben Dias","0","Facundo","0","14.05.1997","18","0","POR","0","0","0","Benfica","50147","R ben Dias","194","66","2","250058220"
"12","1","POR","Samaris","1","Olexandr","0","13.06.1989","26","0","GRE","0","0","0","Benfica","50147","Samaris","180","7","3","1907791"
"0","0","POR","Sancidino Silva","0","Serhiy","0","05.03.1994","21","0","POR","0","0","0","Benfica","50147","Sancidino Silva","170","77","4","250014116"
"1","1","POR","Semedo","1","Anton","0","16.11.1993","21","0","POR","0","0","0","Benfica","50147","Semedo","181","50","2","250086090"
"2","0","POR","S  lvio","0","Vasyl","0","28.09.1987","27","0","POR","0","0","0","Benfica","50147","S  lvio","183","28","2","250038947"
"2","0","POR","Taarabt","0","Viktor","0","24.05.1989","26","0","MAR","0","0","0","Benfica","50147","Taarabt","187","23","4","103893"
"7","1","POR","Talisca","1","Serhiy","0","01.02.1994","21","0","BRA","1","0","0","Benfica","50147","Talisca","192","30","4","250075767"
"0","0","POR","Tiago Dias","0","Olexandr","0","04.05.1998","17","0","POR","0","0","0","Benfica","50147","Tiago Dias","176","78","4","250087574"
"0","0","POR","Victor Andrade","0","Maksym","0","30.09.1995","19","0","BRA","0","0","0","Benfica","50147","Victor Andrade","183","31","3","250087055"
"0","0","POR","Yuri Ribeiro","0","Mykola","0","24.01.1997","18","0","POR","0","0","0","Benfica","50147","Yuri Ribeiro","194","95","2","250066114"
"21","5","SWE","Adu","1","Ivan","0","14.09.1990","25","0","GHA","0","0","4","Malm  ","50152","Adu","178","8","3","250021061"
"0","0","SWE","Andersson","0","Andriy","0","03.05.1997","18","0","SWE","0","0","0","Malm  ","50152","Andersson","173","14","3","250066765"
"0","0","SWE","Andersson","0","Yaroslav","0","25.10.1988","26","0","SWE","0","0","0","Malm  ","50152","Andersson","177","29","1","250085796"
"6","5","SWE"," rnason","1","Bohdan","0","13.10.1982","32","0","ISL","0","0","4","Malm  ","50152"," rnason","173","21","2","98970"
"2","2","SWE","Azinovic","0","Vyacheslav","0","31.01.1988","27","0","SWE","0","0","2","Malm  ","50152","Azinovic","173","27","1","96871"
"8","6","SWE","Bengtsson","1","Darijo","0","26.06.1986","29","0","SWE","0","0","5","Malm  ","50152","Bengtsson","164","17","2","250008391"
"16","7","SWE","Berget","1","Taras","2","11.09.1990","25","0","NOR","3","2","6","Malm  ","50152","Berget","177","23","4","108933"
"2","2","SWE","Brorsson","0","Marco","0","30.01.1996","19","0","SWE","0","0","2","Malm  ","50152","Brorsson","178","31","2","250076449"
"5","5","SWE","Carvalho","1","  ver","0","18.09.1993","22","0","URU","0","0","4","Malm  ","50152","Carvalho","187","25","2","250085328"
"8","1","SWE","Cibicki","0","David","0","09.01.1994","21","0","SWE","0","0","1","Malm  ","50152","Cibicki","169","15","3","250059465"
"7","5","SWE","Djurdji ","1","Antonio","1","01.04.1986","29","0","SRB","1","1","4","Malm  ","50152","Djurdji ","188","28","4","1902731"
"8","4","SWE","Eikrem","0","Sebasti n","0","08.08.1990","25","0","NOR","1","0","4","Malm  ","50152","Eikrem","177","19","3","108931"
"1","1","SWE","Johansson","0","Sergio","0","25.08.1998","17","0","SWE","0","0","1","Malm  ","50152","Johansson","191","30","1","250076447"
"4","0","SWE","Konate","0","Kevin","0","25.04.1994","21","0","SWE","0","0","0","Malm  ","50152","Konate","180","2","2","250064624"
"10","1","SWE","Kroon","0","Vicente","0","16.06.1993","22","0","SWE","1","0","1","Malm  ","50152","Kroon","186","7","3","250034743"
"7","7","SWE","Lewicki","1","Ciro","0","14.07.1992","23","0","SWE","0","0","6","Malm  ","50152","Lewicki","186","6","3","250005568"
"12","2","SWE","Mehmeti","0","Ga l","0","20.11.1989","25","0","SWE","1","0","2","Malm  ","50152","Mehmeti","184","11","4","250000110"
"2","0","SWE","Molins","0","Timoth  e","0","26.09.1988","26","0","SWE","1","0","0","Malm  ","50152","Molins","181","10","3","1902712"
"0","0","SWE","  zen","0","Yevhen","0","01.09.1988","27","0","SWE","0","0","0","Malm  ","50152","  zen","173","24","2","250087058"
"0","0","SWE","Petrovi ","0","Michael","0","15.09.1995","20","0","SWE","0","0","0","Malm  ","50152","Petrovi ","194","18","3","250059468"
"10","6","SWE","Rakip","1","Grzegorz","0","13.02.1996","19","0","SWE","0","0","5","Malm  ","50152","Rakip","190","5","3","250058142"
"5","5","SWE","Rodi ","1","Fernando","1","07.09.1993","22","0","SRB","1","1","4","Malm  ","50152","Rodi ","180","20","3","250085612"
"42","6","SWE","Rosenberg","1","Steven","2","27.09.1982","32","0","SWE","14","2","5","Malm  ","50152","Rosenberg","180","9","4","70390"
"9","4","SWE","Sana","0","Adil","0","11.07.1989","26","0","SWE","0","0","4","Malm  ","50152","Sana","182","22","4","250007763"
"0","0","SWE","Svanberg","0","Jos   Antonio","0","05.01.1999","16","0","SWE","0","0","0","Malm  ","50152","Svanberg","181","32","3","250076479"
"17","7","SWE","Tinnerholm","1","Sergio","1","26.02.1991","24","0","SWE","1","1","6","Malm  ","50152","Tinnerholm","172","3","2","250037611"
"1","1","SWE","Vindheim","0"," lvaro","0","04.08.1995","20","0","NOR","0","0","1","Malm  ","50152","Vindheim","165","26","2","250067400"
"38","5","SWE","Wiland","1","David","0","24.01.1981","34","0","SWE","0","0","4","Malm  ","50152","Wiland","187","1","1","43836"
"7","7","SWE","Yot n","1","Beno  t","0","07.04.1990","25","0","PER","0","0","6","Malm  ","50152","Yot n","174","13","2","250039591"
"25","4","CRO","Ademi","1","Younes","1","29.05.1991","24","0","CRO","2","1","3","Dinamo Zagreb","50164","Ademi","186","16","3","250005231"
"11","4","CRO","Antoli ","1","Valery","0","30.06.1990","25","0","CRO","1","0","3","Dinamo Zagreb","50164","Antoli ","175","8","3","250000060"
"2","2","CRO","Benkovi ","1","Mykyta","0","13.07.1997","18","0","CRO","0","0","1","Dinamo Zagreb","50164","Benkovi ","176","26","2","250066137"
"1","1","CRO","  eki  i","0","Georgiy","0","23.11.1996","18","0","ALB","0","0","1","Dinamo Zagreb","50164","  eki  i","176","17","4","250042019"
"5","4","CRO"," ori ","1","Vitaliy","0","14.04.1997","18","0","CRO","0","0","3","Dinamo Zagreb","50164"," ori ","173","24","3","250066128"
"11","7","CRO","Eduardo","1","Aleksandar","0","19.09.1982","32","0","POR","0","0","6","Dinamo Zagreb","50164","Eduardo","182","34","1","49116"
