"Playsinhomecountry?","Height(cm)","Number","Club","Player","Country","D.O.B","Age","Playerid","Caps","Position","Internationalgoals","Club(country)"
"TRUE","176","11","Tigres UANL","Alan PULIDO","Mexico","08.03.1991","23","336722","5","Forward","4","Mexico"
"TRUE","172","9","Newcastle United Jets FC","Adam TAGGART","Australia","02.06.1993","21","368902","4","Forward","3","Australia"
"FALSE","181","16","Charlton Athletic FC","Reza GHOOCHANNEJAD","Iran","20.09.1987","26","362641","13","Forward","9","England"
"FALSE","175","10","FC Barcelona","NEYMAR","Brazil","05.02.1992","22","314197","48","Forward","31","Spain"
"FALSE","180","11","Galatasaray SK","Didier DROGBA","Ivory Coast","11.03.1978","36","212306","100","Forward","61","Turkey"
"TRUE","175","7","Atletico Madrid","David VILLA","Spain","03.12.1981","32","229884","95","Forward","56","Spain"
"FALSE","186","8","US Citta di Palermo","Abel HERNANDEZ","Uruguay","08.08.1990","23","305372","12","Forward","7","Italy"
"FALSE","175","14","Manchester United FC","Javier HERNANDEZ","Mexico","01.06.1988","26","228599","61","Forward","35","England"
"FALSE","192","11","Manchester City FC","Edin DZEKO","Bosnia & Herzegovina","17.03.1986","28","300409","62","Forward","35","England"
"FALSE","187","19","FC Schalke 04","Klaas Jan HUNTELAAR","Netherlands","12.08.1983","30","184615","61","Forward","34","Germany"
"FALSE","184","9","SSC Napoli","Gonzalo HIGUAIN","Argentina","10.12.1987","26","271550","36","Forward","20","Italy"
"TRUE","177","19","Club Santos Laguna","Oribe PERALTA","Mexico","12.01.1984","30","227851","27","Forward","15","Mexico"
"FALSE","188","13","Sporting CP","Islam SLIMANI","Algeria","18.06.1988","26","354859","19","Forward","10","Portugal"
"FALSE","182","11","SS Lazio","Miroslav KLOSE","Germany","09.06.1978","36","182206","131","Forward","68","Italy"
"FALSE","186","9","Manchester United FC","Robin VAN PERSIE","Netherlands","06.08.1983","30","217315","84","Forward","43","England"
"FALSE","174","9","FSV Mainz 05","Shinji OKAZAKI","Japan","16.04.1986","28","286278","75","Forward","38","Germany"
"FALSE","181","9","Liverpool FC","Luis SUAREZ","Uruguay","24.01.1987","27","270775","77","Forward","39","England"
"TRUE","186","9","Fluminense FC","FRED","Brazil","03.10.1983","30","233952","32","Forward","16","Brazil"
"FALSE","190","13","FSV Mainz 05","Eric CHOUPO MOTING","Cameroon","23.03.1989","25","312316","26","Forward","13","Germany"
"TRUE","186","22","FC Basel","Fabian SCHAER","Switzerland","20.12.1991","22","356411","6","Defender","3","Switzerland"
"FALSE","177","19","SC Heerenveen","Uche NWOFOR","Nigeria","17.09.1991","22","338673","6","Forward","3","Netherlands"
"TRUE","188","18","Southampton FC","Rickie LAMBERT","England","16.02.1982","32","373224","4","Forward","2","England"
"FALSE","180","3","Malmo FF","Miiko ALBORNOZ","Chile","30.11.1990","23","379894","2","Defender","1","Sweden"
"FALSE","186","3","Al Ain FC","Asamoah GYAN","Ghana","22.11.1985","28","208353","77","Forward","38","United Arab Emirates"
"FALSE","177","15","GNK Dinamo Zagreb","El Arabi SOUDANI","Algeria","25.11.1987","26","296994","21","Forward","10","Croatia"
"TRUE","182","18","San Jose Earthquakes","Chris WONDOLOWSKI","USA","28.01.1983","31","339508","19","Forward","9","USA"
"FALSE","180","4","New York Red Bulls","Tim CAHILL","Australia","06.12.1979","34","213001","68","Forward","32","USA"
"FALSE","177","22","Shakhtar Donetsk","EDUARDO","Croatia","25.02.1983","31","214384","62","Forward","29","Ukraine"
"FALSE","181","9","Chelsea FC","Samuel ETOO","Cameroon","10.03.1981","33","170667","117","Forward","54","England"
"TRUE","190","13","Real Espana","Carlo COSTLY","Honduras","18.07.1982","31","271414","68","Forward","31","Honduras"
"TRUE","177","11","Cerezo Osaka","Yoichiro KAKITANI","Japan","03.01.1990","24","275096","11","Forward","5","Japan"
"FALSE","175","11","Valencia CF","Eduardo VARGAS","Chile","20.11.1989","24","270301","29","Forward","13","Spain"
"FALSE","185","7","Real Madrid CF","CRISTIANO RONALDO","Portugal","05.02.1985","29","201200","110","Forward","49","Spain"
"FALSE","187","11","New England Revolution","Jerry BENGTSON","Honduras","08.04.1987","27","323623","43","Forward","19","USA"
"FALSE","169","10","FC Barcelona","Lionel MESSI","Argentina","24.06.1987","26","229397","84","Forward","37","Spain"
"FALSE","171","22","FC Rubin Kazan","Mubarak WAKASO","Ghana","25.07.1990","23","235097","16","Midfielder","7","Russia"
"FALSE","182","19","1. FC Nuernberg","Josip DRMIC","Switzerland","08.08.1992","21","356399","7","Forward","3","Germany"
"TRUE","176","10","Manchester United FC","Wayne ROONEY","England","24.10.1985","28","196842","90","Forward","38","England"
"FALSE","172","20","Manchester City FC","Sergio AGUERO","Argentina","02.06.1988","26","228528","50","Forward","21","England"
"FALSE","180","9","CA River Plate","Teofilo GUTIERREZ","Columbia","17.05.1985","29","309716","29","Forward","12","Argentina"
"TRUE","189","9","AC Milan","Mario BALOTELLI","Italy","12.08.1990","23","301059","29","Forward","12","Italy"
"FALSE","182","9","Fenerbahce SK","Emmanuel EMENIKE","Nigeria","10.05.1987","27","364763","22","Forward","9","Turkey"
"FALSE","180","10","Arsenal FC","Lukas PODOLSKI","Germany","04.06.1985","29","196789","113","Forward","46","England"
"FALSE","182","23","SS Lazio","HELDER POSTIGA","Portugal","02.08.1982","31","187203","67","Forward","27","Italy"
"FALSE","183","9","FC Porto","Nabil GHILAS","Algeria","20.04.1990","24","367261","5","Forward","2","Portugal"
"FALSE","183","10","Watford FC","PARK Chuyoung","South Korea","10.07.1985","28","207761","62","Forward","24","England"
"FALSE","184","9","Chelsea FC","Andre SCHUERRLE","Germany","06.11.1990","23","306548","32","Forward","12","England"
"FALSE","182","18","TSV 1860 Muenchen","Yuya OSAKO","Japan","18.05.1990","24","275136","8","Forward","3","Germany"
"FALSE","189","9","VfB Stuttgart","Vedad IBISEVIC","Bosnia & Herzegovina","06.08.1984","29","300411","55","Forward","20","Germany"
"FALSE","182","4","AC Milan","Keisuke HONDA","Japan","13.06.1986","28","233500","55","Forward","20","Italy"
"TRUE","184","11","Manchester United FC","Danny WELBECK","England","26.11.1990","23","274034","22","Forward","8","England"
"TRUE","179","9","Liverpool FC","Daniel STURRIDGE","England","01.09.1989","24","306532","11","Forward","4","England"
"TRUE","175","17","FC Zuerich","Mario GAVRANOVIC","Switzerland","24.11.1989","24","319470","11","Forward","4","Switzerland"
"TRUE","169","11","FC Barcelona","Pedro RODRIGUEZ","Spain","28.07.1987","26","318601","39","Forward","14","Spain"
"TRUE","171","8","Cruz Azul FC","Marco FABIAN","Mexico","21.07.1989","24","319311","14","Midfielder","5","Mexico"
"TRUE","186","13","FC Bayern Muenchen","Thomas MUELLER","Germany","13.09.1989","24","321722","48","Forward","17","Germany"
"FALSE","180","15","Fenerbahce SK","Pierre WEBO","Cameroon","20.01.1982","32","214135","54","Forward","19","Turkey"
"TRUE","180","21","Borussia Dortmund","Marco REUS","Germany","31.05.1989","25","352394","20","Forward","7","Germany"
"TRUE","185","8","Seattle Sounders FC","Clint DEMPSEY","USA","09.03.1983","31","207851","103","Forward","36","USA"
"FALSE","182","12","Swansea City AFC","Wilfried BONY","Ivory Coast","10.12.1988","25","353118","23","Forward","8","England"
"FALSE","179","17","Konyaspor","Theofanis GEKAS","Greece","23.05.1980","34","230517","71","Forward","24","Turkey"
"FALSE","186","9","Chelsea FC","Fernando TORRES","Spain","20.03.1984","30","183864","107","Forward","36","England"
"FALSE","175","8","Lille OSC","Salomon KALOU","Ivory Coast","05.08.1985","28","216970","66","Forward","22","France"
"FALSE","169","7","FC Barcelona","Alexis SANCHEZ","Chile","19.12.1988","25","228627","66","Forward","22","Spain"
"FALSE","182","13","FSV Mainz 05","KOO Jacheol","South Korea","27.02.1989","25","291393","36","Forward","12","Germany"
"FALSE","178","17","FC Dynamo Kyiv","Jeremain LENS","Netherlands","24.11.1987","26","298681","21","Forward","7","Ukraine"
"FALSE","186","11","RCD Espanyol","Cristhian STUANI","Uruguay","12.10.1986","27","229506","9","Forward","3","Spain"
"FALSE","179","13","CF Pachuca","Enner VALENCIA","Ecuador","04.11.1989","24","373400","9","Forward","3","Mexico"
"FALSE","188","23","Newcastle United FC","Shola AMEOBI","Nigeria","12.10.1981","32","186455","6","Forward","2","England"
"FALSE","176","19","Chelsea FC","WILLIAN","Brazil","09.08.1988","25","218306","6","Midfielder","2","England"
"TRUE","176","17","FC Zenit St. Petersburg","Oleg SHATOV","Russia","29.07.1990","23","358891","6","Midfielder","2","Russia"
"FALSE","194","20","Cercle Brugge","Okechukwu UCHEBO","Nigeria","03.02.1990","24","306900","3","Forward","1","Belgium"
"FALSE","175","11","Real Sociedad","Antoine GRIEZMANN","France","21.03.1991","23","336435","3","Forward","1","Spain"
"FALSE","181","10","Cerezo Osaka","Diego FORLAN","Uruguay","19.05.1979","35","189259","109","Forward","36","Japan"
"FALSE","188","21","Paris Saint-Germain FC","Edinson CAVANI","Uruguay","14.02.1987","27","267834","61","Forward","20","France"
"FALSE","172","10","Manchester United FC","Shinji KAGAWA","Japan","17.03.1989","25","268596","56","Forward","18","England"
"FALSE","193","9","Besiktas JK","HUGO ALMEIDA","Portugal","23.05.1984","30","214410","54","Forward","17","Turkey"
"FALSE","180","8","Arsenal FC","Mesut OEZIL","Germany","15.10.1988","25","305036","54","Midfielder","17","England"
"TRUE","175","11","FC Zenit St. Petersburg","Aleksandr KERZHAKOV","Russia","27.11.1982","31","186808","80","Forward","25","Russia"
"TRUE","191","21","Atletico Mineiro","JO","Brazil","20.03.1987","27","217172","16","Forward","5","Brazil"
"FALSE","190","9","Everton FC","Romelu LUKAKU","Belgium","13.05.1993","21","358112","29","Forward","9","England"
"FALSE","180","10","Guizhou Renhe FC","Zvjezdan MISIMOVIC","Bosnia & Herzegovina","05.06.1982","32","216071","81","Midfielder","25","China"
"FALSE","182","21","Fulham FC","Ashkan DEJAGAH","Iran","05.07.1986","27","196812","13","Forward","4","England"
"FALSE","183","11","Al Jazira SCC","Felipe CAICEDO","Ecuador","05.09.1988","25","228715","49","Forward","15","United Arab Emirates"
"FALSE","179","21","Kuban Krasnodar","Marcos URENA","Costa Rica","05.03.1990","24","270144","23","Forward","7","Russia"
"FALSE","186","17","Club Tijuana","Jaimen AYOVI","Ecuador","21.02.1988","26","349572","30","Forward","9","Mexico"
"FALSE","181","11","Chelsea FC","OSCAR","Brazil","09.09.1991","22","312868","30","Midfielder","9","England"
"FALSE","181","17","Sevilla FC","Carlos BACCA","Columbia","08.09.1986","27","349512","10","Forward","3","Spain"
"FALSE","179","19","FC Internazionale","Saphir TAIDER","Algeria","29.02.1992","22","366573","10","Midfielder","3","Italy"
"FALSE","180","11","FC Bayern Muenchen","Arjen ROBBEN","Netherlands","23.01.1984","30","184616","74","Forward","22","Germany"
"FALSE","186","21","FC Porto","Jackson MARTINEZ","Columbia","03.10.1986","27","313832","27","Forward","8","Portugal"
"FALSE","186","19","FC Augsburg","JI Dongwon","South Korea","28.05.1991","23","330689","27","Midfielder","8","Germany"
"FALSE","185","17","Sunderland AFC","Jozy ALTIDORE","USA","06.11.1989","24","238072","68","Forward","20","England"
"TRUE","179","22","CSD Colo-Colo","Esteban PAREDES","Chile","01.08.1980","33","313874","34","Forward","10","Chile"
"TRUE","183","15","FC Krasnodar","Roman SHIROKOV","Russia","06.07.1981","32","297383","41","Midfielder","12","Russia"
"FALSE","185","10","Real Madrid CF","Karim BENZEMA","France","19.12.1987","26","297103","65","Forward","19","Spain"
"FALSE","174","13","Hannover 96","Konan YA","Ivory Coast","22.05.1984","30","297839","24","Midfielder","7","Germany"
"TRUE","177","11","Sangju Sangmu FC","LEE Keunho","South Korea","11.04.1985","29","268149","63","Forward","18","South Korea"
"FALSE","177","11","Liverpool FC","Victor MOSES","Nigeria","12.12.1990","23","274090","21","Forward","6","England"
"TRUE","180","11","CA Newells Old Boys","Maxi RODRIGUEZ","Argentina","02.01.1981","33","184291","53","Midfielder","15","Argentina"
"TRUE","181","8","Chelsea FC","Frank LAMPARD","England","20.06.1978","36","185385","103","Midfielder","29","England"
"FALSE","178","9","Olympiacos Piraeus FC","Joel CAMPBELL","Costa Rica","26.06.1992","21","307529","32","Forward","9","Greece"
"TRUE","175","10","Parma FC","Antonio CASSANO","Italy","12.07.1982","31","177927","36","Forward","10","Italy"
"FALSE","177","10","Valencia CF","Sofiane FEGHOULI","Algeria","26.12.1989","24","319358","18","Forward","5","Spain"
"FALSE","171","13","Manchester United FC","Juan MATA","Spain","28.04.1988","26","267811","33","Forward","9","England"
"FALSE","169","23","FC Bayern Muenchen","Xherdan SHAQIRI","Switzerland","10.10.1991","22","321653","33","Midfielder","9","Germany"
"FALSE","188","6","Kuwait SC","Javad NEKOUNAM","Iran","07.09.1980","33","185641","137","Midfielder","37","Kuwait"
"FALSE","171","10","Galatasaray SK","Wesley SNEIJDER","Netherlands","09.06.1984","30","215002","98","Midfielder","26","Turkey"
"FALSE","188","17","FC Bayern Muenchen","Mario MANDZUKIC","Croatia","21.05.1986","28","375518","49","Forward","13","Germany"
"FALSE","179","7","FC Zenit St. Petersburg","HULK","Brazil","25.07.1986","27","318172","34","Forward","9","Russia"
"FALSE","179","11","AC Milan","Sulley MUNTARI","Ghana","27.08.1984","29","183000","80","Midfielder","21","Italy"
"FALSE","188","9","Fulham FC","Konstantinos MITROGLOU","Greece","12.03.1988","26","318768","31","Forward","8","England"
"FALSE","170","21","Manchester City FC","David SILVA","Spain","08.01.1986","28","200176","79","Midfielder","20","England"
"FALSE","179","10","AS Roma","GERVINHO","Ivory Coast","27.05.1987","27","290186","52","Forward","13","Italy"
"TRUE","178","10","CSKA Moscow","Alan DZAGOEV","Russia","17.06.1990","24","302539","32","Midfielder","8","Russia"
"TRUE","176","19","FC Bayern Muenchen","Mario GOETZE","Germany","03.06.1992","22","309316","28","Forward","7","Germany"
"FALSE","183","9","Bayer 04 Leverkusen","SON Heungmin","South Korea","08.07.1992","21","307849","24","Midfielder","6","Germany"
"FALSE","172","18","Valenciennes FC","Majeed WARIS","Ghana","19.09.1991","22","367393","12","Forward","3","France"
"FALSE","176","20","Club Tijuana","Fidel MARTINEZ","Ecuador","15.02.1990","24","375459","8","Midfielder","2","Mexico"
"FALSE","182","9","AZ Alkmaar","Aron JOHANNSSON","USA","10.11.1990","23","367347","8","Forward","2","Netherlands"
"FALSE","177","20","Galatasaray SK","Izet HAJROVIC","Bosnia & Herzegovina","04.08.1991","22","356403","8","Midfielder","2","Turkey"
"TRUE","169","20","Yokohama F-Marinos","Manabu SAITO","Japan","04.04.1990","24","275112","4","Forward","1","Japan"
"TRUE","175","20","PSV Eindhoven","Georginio WIJNALDUM","Netherlands","11.11.1990","23","319438","4","Midfielder","1","Netherlands"
"TRUE","163","22","SSC Napoli","Lorenzo INSIGNE","Italy","04.06.1991","23","359235","4","Forward","1","Italy"
"FALSE","162","6","Parma FC","Acquah AFRIYIE","Ghana","01.05.1992","22","379972","4","Midfielder","1","Italy"
"FALSE","185","16","ACF Fiorentina","Ante REBIC","Croatia","21.09.1993","20","369058","4","Forward","1","Italy"
"FALSE","184","15","Fenerbahce SK","Dirk KUYT","Netherlands","22.07.1980","33","217313","98","Forward","24","Turkey"
"FALSE","192","9","Arsenal FC","Olivier GIROUD","France","30.09.1986","27","358015","29","Forward","7","England"
"TRUE","182","9","FC Dynamo Moscow","Alexander KOKORIN","Russia","19.03.1991","23","358048","21","Forward","5","Russia"
"TRUE","183","7","FC Bayern Muenchen","Bastian SCHWEINSTEIGER","Germany","01.08.1984","29","196752","101","Midfielder","23","Germany"
"FALSE","181","7","VfL Wolfsburg","Kevin DE BRUYNE","Belgium","28.06.1991","22","358120","22","Midfielder","5","Germany"
"TRUE","185","10","Tractor Sazi Tabriz FC","Karim ANSARI FARD","Iran","03.04.1990","24","330659","40","Forward","9","Iran"
"TRUE","176","20","FC Zenit St. Petersburg","Victor FAYZULIN","Russia","22.04.1986","28","300235","18","Midfielder","4","Russia"
"FALSE","181","9","LD Alajuelense","Jerry PALACIOS","Honduras","13.05.1982","32","213953","23","Midfielder","5","Costa Rica"
"TRUE","180","15","Arsenal FC","Alex OXLADE CHAMBERLAIN","England","15.08.1993","20","356198","14","Midfielder","3","England"
"FALSE","184","5","AIK Solna","Celso BORGES","Costa Rica","27.05.1988","26","236530","61","Midfielder","13","Sweden"
"FALSE","187","10","PSV Eindhoven","Bryan RUIZ","Costa Rica","18.08.1985","28","214876","62","Forward","13","Netherlands"
"FALSE","185","20","Newcastle United FC","Loic REMY","France","02.01.1987","27","299878","24","Forward","5","England"
"FALSE","179","10","Villarreal CF","Giovani DOS SANTOS","Mexico","11.05.1989","25","234551","73","Forward","15","Spain"
"TRUE","170","14","CSD Cartagines","Randall BRENES","Costa Rica","13.08.1983","30","237058","39","Forward","8","Costa Rica"
"FALSE","170","7","CA Monarcas Morelia","Jefferson MONTERO","Ecuador","01.09.1989","24","290452","39","Midfielder","8","Mexico"
"FALSE","179","11","Everton FC","Kevin MIRALLAS","Belgium","05.10.1987","26","290903","44","Forward","9","England"
"FALSE","178","7","Real Madrid CF","Angel DI MARIA","Argentina","14.02.1988","26","266800","45","Midfielder","9","Spain"
"FALSE","181","8","Tottenham Hotspur FC","PAULINHO","Brazil","25.07.1988","25","362727","25","Midfielder","5","England"
"TRUE","170","18","FC Barcelona","Jordi ALBA","Spain","21.03.1989","25","306954","25","Defender","5","Spain"
"FALSE","192","19","Juventus FC","Paul POGBA","France","15.03.1993","21","367388","10","Midfielder","2","Italy"
"FALSE","168","23","Paris Saint-Germain FC","Marco VERRATTI","Italy","05.11.1992","21","359217","5","Midfielder","1","France"
"FALSE","181","9","NEC Nijmegen","Alireza JAHAN BAKHSH","Iran","11.08.1993","20","379886","5","Forward","1","Netherlands"
"FALSE","183","18","VfL Wolfsburg","Ivica OLIC","Croatia","14.09.1979","34","187258","91","Forward","18","Germany"
"FALSE","175","7","FC Bayern Muenchen","Franck RIBERY","France","07.04.1983","31","248373","81","Forward","16","Germany"
"FALSE","189","19","Manchester City FC","Yaya TOURE","Ivory Coast","13.05.1983","31","198106","82","Midfielder","16","England"
"FALSE","175","17","Manchester United FC","NANI","Portugal","17.11.1986","27","254167","73","Forward","14","England"
"TRUE","185","4","Liverpool FC","Steven GERRARD","England","30.05.1980","34","214961","110","Midfielder","21","England"
"FALSE","180","10","AS Monaco","James RODRIGUEZ","Columbia","12.07.1991","22","269058","21","Midfielder","4","France"
"FALSE","182","11","Shakhtar Donetsk","Darijo SRNA","Croatia","01.05.1982","32","210704","111","Defender","21","Ukraine"
"TRUE","178","19","FC Lokomotiv Moscow","Alexander SAMEDOV","Russia","19.07.1984","29","216435","16","Forward","3","Russia"
"TRUE","180","18","FC Porto","VARELA","Portugal","02.02.1985","29","254166","22","Forward","4","Portugal"
"FALSE","165","7","Vitesse Arnheim","Christian ATSU","Ghana","10.01.1992","22","355997","22","Midfielder","4","Netherlands"
"FALSE","182","23","Al Gharafa SC","Mark BRESCIANO","Australia","11.02.1980","34","178299","73","Midfielder","13","Qatar"
"FALSE","169","20","Arsenal FC","Santi CAZORLA","Spain","13.12.1984","29","297705","63","Midfielder","11","England"
"TRUE","186","9","Club America","Raul JIMENEZ","Mexico","05.05.1991","23","356731","23","Forward","4","Mexico"
"TRUE","171","14","PAOK FC","Dimitrios SALPINGIDIS","Greece","18.08.1981","32","215513","75","Forward","13","Greece"
"FALSE","181","8","Stoke City FC","Peter ODEMWINGIE","Nigeria","15.07.1981","32","214228","60","Forward","10","England"
"FALSE","180","8","AS Roma","Miralem PJANIC","Bosnia & Herzegovina","02.04.1990","24","299198","48","Midfielder","8","Italy"
"FALSE","164","18","Genoa CFC","Ioannis FETFATZIDIS","Greece","21.12.1990","23","358024","18","Forward","3","Italy"
"FALSE","189","13","FC Bayern Muenchen","DANTE","Brazil","18.10.1983","30","367913","12","Defender","2","Germany"
"FALSE","182","9","FC Schalke 04","Kevin Prince BOATENG","Ghana","06.03.1987","27","196897","12","Forward","2","Germany"
"TRUE","178","7","Club America","Miguel LAYUN","Mexico","25.06.1988","25","371044","12","Defender","2","Mexico"
"FALSE","160","13","FC Sochaux-Montbliard","Jordan AYEW","Ghana","11.09.1991","22","353235","12","Forward","2","France"
"FALSE","179","5","Manchester City FC","FERNANDINHO","Brazil","04.05.1985","29","208016","6","Midfielder","1","England"
"FALSE","177","8","SL Benfica","Enzo PEREZ","Argentina","22.02.1986","28","316997","6","Midfielder","1","Portugal"
"TRUE","185","6","Grasshopper Club","Michael LANG","Switzerland","08.02.1991","23","356407","6","Defender","1","Switzerland"
"FALSE","175","8","Independiente Santa Fe","Edison MENDEZ","Ecuador","16.03.1979","35","178842","110","Midfielder","18","Columbia"
"FALSE","194","8","Manchester United FC","Marouane FELLAINI","Belgium","22.11.1987","26","290902","50","Midfielder","8","England"
"FALSE","185","9","Cagliari Calcio","Mauricio PINILLA","Chile","04.02.1984","30","201787","25","Forward","4","Italy"
"TRUE","182","16","AS Roma","Daniele DE ROSSI","Italy","24.07.1983","30","209119","94","Midfielder","15","Italy"
"FALSE","180","5","AC Milan","Michael ESSIEN","Ghana","03.12.1982","31","175524","57","Midfielder","9","Italy"
"FALSE","182","10","Rosenborg BK","Mix DISKERUD","USA","02.10.1990","23","312672","19","Midfielder","3","Norway"
"FALSE","187","9","Hull City FC","Nikica JELAVIC","Croatia","27.08.1985","28","316117","32","Forward","5","England"
"FALSE","183","10","Borussia Moenchengladbach","Granit XHAKA","Switzerland","27.09.1992","21","311558","26","Midfielder","4","Germany"
"FALSE","189","23","CA San Lorenzo de Almagro","Carlos VALDES","Columbia","22.05.1985","29","217117","13","Defender","2","Argentina"
"TRUE","167","8","Olympique Marseille","Mathieu VALBUENA","France","28.09.1984","29","297106","33","Midfielder","5","France"
"FALSE","178","8","Juventus FC","Arturo VIDAL","Chile","22.05.1987","27","267543","53","Midfielder","8","Italy"
"FALSE","187","22","Tottenham Hotspur FC","Nacer CHADLI","Belgium","02.08.1989","24","358108","20","Midfielder","3","England"
"FALSE","173","8","Udinese Calcio","Emmanuel AGYEMANG BADU","Ghana","02.12.1990","23","274946","47","Midfielder","7","Italy"
"FALSE","170","7","Puebla FC","DaMarcus BEASLEY","USA","24.05.1982","32","175498","115","Defender","17","Mexico"
"TRUE","175","10","FC Barcelona","Cesc FABREGAS","Spain","04.05.1987","27","200179","88","Midfielder","13","Spain"
"FALSE","184","7","Sevilla FC","Ivan RAKITIC","Croatia","10.03.1988","26","296633","61","Midfielder","9","Spain"
"FALSE","185","4","Al Hilal FC","KWAK Taehwi","South Korea","08.07.1981","32","212410","34","Defender","5","Saudi Arabia"
"TRUE","184","14","ACF Fiorentina","Alberto AQUILANI","Italy","07.07.1984","29","215623","34","Midfielder","5","Italy"
"FALSE","185","4","Toronto FC","Michael BRADLEY","USA","31.07.1987","26","233531","84","Midfielder","12","Canada"
"FALSE","188","18","Gaziantepspor","Haris MEDUNJANIN","Bosnia & Herzegovina","08.03.1985","29","233167","35","Midfielder","5","Turkey"
"TRUE","180","5","Atletico Madrid","JUANFRAN","Spain","09.01.1985","29","207906","7","Defender","1","Spain"
"FALSE","177","13","Celta Vigo","Augusto FERNANDEZ","Argentina","10.04.1986","28","298892","7","Midfielder","1","Spain"
"FALSE","168","18","Club Africain","Abdelmoumene DJABOU","Algeria","31.01.1987","27","354875","7","Forward","1","Tunisia"
"FALSE","185","3","Eintracht Braunschweig","Ermin BICAKCIC","Bosnia & Herzegovina","24.01.1990","24","372989","7","Defender","1","Germany"
"FALSE","181","7","FSV Frankfurt","Mathew LECKIE","Australia","04.02.1991","23","321697","7","Forward","1","Germany"
"FALSE","177","19","SV Zulte Waregem","Fabrice OLINGA","Cameroon","12.05.1996","18","367396","7","Forward","1","Belgium"
"FALSE","167","18","Bayer 04 Leverkusen","Andres GUARDADO","Mexico","28.09.1986","27","251352","101","Defender","14","Germany"
"FALSE","173","22","Paris Saint-Germain FC","Ezequiel LAVEZZI","Argentina","03.05.1985","29","229392","29","Forward","4","France"
"TRUE","183","14","Real Madrid CF","Xabi ALONSO","Spain","25.11.1981","32","207528","109","Midfielder","15","Spain"
"FALSE","179","16","Fenerbahce SK","RAUL MEIRELES","Portugal","17.03.1983","31","210214","73","Midfielder","10","Turkey"
"TRUE","177","19","Sporting Kansas City","Graham ZUSI","USA","18.08.1986","27","360728","22","Midfielder","3","USA"
"FALSE","178","7","Eintracht Frankfurt","Tranquillo BARNETTA","Switzerland","22.05.1985","29","209979","74","Midfielder","10","Germany"
"FALSE","176","7","CSKA Moscow","Ahmed MUSA","Nigeria","14.10.1992","21","344714","37","Forward","5","Russia"
"FALSE","172","10","Chelsea FC","Eden HAZARD","Belgium","07.01.1991","23","273996","45","Midfielder","6","England"
"FALSE","174","6","Real Madrid CF","MARCELO","Brazil","12.05.1988","26","218284","30","Defender","4","Spain"
"TRUE","186","4","Feyenoord Rotterdam","Bruno MARTINS INDI","Netherlands","08.02.1992","22","358736","15","Defender","2","Netherlands"
"TRUE","191","5","Chelsea FC","Gary CAHILL","England","19.12.1985","28","305764","23","Defender","3","England"
"FALSE","187","2","Fenerbahce SK","BRUNO ALVES","Portugal","27.11.1981","32","210213","71","Defender","9","Turkey"
"FALSE","196","15","FC Bayern Muenchen","Daniel VAN BUYTEN","Belgium","07.02.1978","36","375523","79","Defender","10","Germany"
"TRUE","184","4","Club Leon","Rafael MARQUEZ","Mexico","13.02.1979","35","178119","119","Defender","15","Mexico"
"TRUE","170","6","FC Barcelona","Andres INIESTA","Spain","11.05.1984","30","183857","96","Midfielder","12","Spain"
"TRUE","179","14","FC Basel","Valentin STOCKER","Switzerland","12.04.1989","25","297331","24","Midfielder","3","Switzerland"
"FALSE","174","2","Santos FC","Eugenio MENA","Chile","18.07.1988","25","349592","24","Defender","3","Brazil"
"FALSE","178","8","AS Nancy","Benjamin MOUKANDJO","Cameroon","12.11.1988","25","296118","16","Forward","2","France"
"FALSE","188","14","Cagliari Calcio","Victor IBARBO","Columbia","19.05.1990","24","349517","8","Forward","1","Italy"
"TRUE","177","21","Juventus FC","Andrea PIRLO","Italy","19.05.1979","35","177876","108","Midfielder","13","Italy"
"FALSE","177","15","AS Saint-Etienne","Max GRADEL","Ivory Coast","30.11.1987","26","353119","25","Midfielder","3","France"
"TRUE","182","18","FC Bayern Muenchen","Toni KROOS","Germany","04.01.1990","24","275162","43","Midfielder","5","Germany"
"TRUE","182","8","FC Spartak Moscow","Denis GLUSHAKOV","Russia","27.01.1987","27","358049","26","Midfielder","3","Russia"
"FALSE","173","14","Botafogo FR","Nicolas LODEIRO","Uruguay","21.03.1989","25","305378","26","Midfielder","3","Brazil"
"FALSE","180","16","Manchester United FC","Antonio VALENCIA","Ecuador","04.08.1985","28","202544","70","Midfielder","8","England"
"FALSE","180","14","Al Hilal FC","Segundo CASTILLO","Ecuador","15.05.1982","32","184545","81","Midfielder","9","Saudi Arabia"
"FALSE","178","7","Atletico Madrid","Cristian RODRIGUEZ","Uruguay","30.09.1985","28","216567","72","Midfielder","8","Spain"
"FALSE","180","17","Bolton Wanderers FC","LEE Chungyong","South Korea","02.07.1988","25","268414","54","Midfielder","6","England"
"TRUE","178","22","Club America","Paul AGUILAR","Mexico","06.03.1986","28","289195","27","Defender","3","Mexico"
"TRUE","196","18","Ulsan Hyundai FC","KIM Shinwook","South Korea","14.04.1988","26","321745","27","Forward","3","South Korea"
"FALSE","178","11","ACF Fiorentina","Juan CUADRADO","Columbia","26.05.1988","26","309714","27","Midfielder","3","Italy"
"FALSE","178","7","Cardiff City FC","KIM Bokyung","South Korea","06.10.1989","24","291389","27","Midfielder","3","England"
"FALSE","186","5","Liverpool FC","Mamadou SAKHO","France","13.02.1990","24","274135","18","Defender","2","England"
"TRUE","189","17","Naft Tehran FC","Ahmad ALNAMEH","Iran","20.10.1982","31","295153","9","Defender","1","Iran"
"TRUE","183","6","FC Tokyo","Masato MORISHIGE","Japan","21.05.1987","27","268594","9","Defender","1","Japan"
"TRUE","171","16","CD Real Sociedad","Rony MARTINEZ","Honduras","16.10.1987","26","369990","9","Forward","1","Honduras"
"FALSE","178","20","Valerenga IF","Diego CALVO","Costa Rica","25.03.1991","23","336837","9","Midfielder","1","Norway"
"FALSE","192","7","Celtic FC","Georgios SAMARAS","Greece","21.02.1985","29","297112","73","Forward","8","Scotland"
"FALSE","173","10","Real Madrid CF","Luka MODRIC","Croatia","09.09.1985","28","241559","74","Midfielder","8","Spain"
"FALSE","185","15","AS Roma","Vasileios TOROSIDIS","Greece","10.06.1985","29","228336","65","Defender","7","Italy"
"FALSE","182","6","Sao Paulo FC","Alvaro PEREIRA","Uruguay","28.11.1985","28","229502","56","Midfielder","6","Brazil"
"FALSE","187","4","VfL Wolfsburg","Ivan PERISIC","Croatia","02.02.1989","25","359381","28","Midfielder","3","Germany"
"FALSE","178","15","Atlante FC","Michael ARROYO","Ecuador","23.04.1987","27","349574","19","Midfielder","2","Mexico"
"FALSE","187","8","Toulouse FC","Abel AGUILAR","Columbia","06.01.1985","29","198243","48","Midfielder","5","France"
"FALSE","183","6","FC Zenit St. Petersburg","Axel WITSEL","Belgium","12.01.1989","25","290821","48","Midfielder","5","Russia"
"TRUE","178","14","Esteghlal Tehran FC","Andranik TIMOTIAN","Iran","06.03.1983","31","237949","77","Midfielder","8","Iran"
"FALSE","160","21","Stade Rennais FC","John BOYE","Ghana","23.04.1987","27","298582","29","Defender","3","France"
"FALSE","185","7","UD Las Palmas","Masoud SHOJAEI","Iran","09.06.1984","30","213170","49","Forward","5","Spain"
"FALSE","178","2","Newcastle United FC","Mathieu DEBUCHY","France","28.07.1985","28","358011","20","Defender","2","England"
"FALSE","171","20","SC Internacional","Charles ARANGUIZ","Chile","17.04.1989","25","318150","20","Midfielder","2","Brazil"
"TRUE","177","14","Melbourne Victory FC","James TROISI","Australia","03.07.1988","25","290605","10","Midfielder","1","Australia"
"FALSE","166","20","Shakhtar Donetsk","BERNARD","Brazil","08.09.1992","21","356669","10","Forward","1","Ukraine"
"FALSE","186","23","AS Roma","MAICON","Brazil","26.07.1981","32","181406","71","Defender","7","Italy"
"FALSE","156","10","CD Chivas USA","Marvin CHAVEZ","Honduras","03.11.1983","30","227839","41","Midfielder","4","USA"
"FALSE","180","15","Wigan Athletic FC","Roger ESPINOZA","Honduras","25.10.1986","27","304934","41","Midfielder","4","England"
"FALSE","188","2","West Bromwich Albion FC","Diego LUGANO","Uruguay","02.11.1980","33","239433","93","Defender","9","England"
"FALSE","182","23","TSG 1899 Hoffenheim","Sejad SALIHOVIC","Bosnia & Herzegovina","08.10.1984","29","300407","42","Midfielder","4","Germany"
"FALSE","181","16","Chelsea FC","RAMIRES","Brazil","24.03.1987","27","298959","42","Midfielder","4","England"
"FALSE","175","18","FC Internazionale","Rodrigo PALACIO","Argentina","05.02.1982","32","230739","21","Forward","2","Italy"
"FALSE","190","4","Valencia CF","Philippe SENDEROS","Switzerland","14.02.1985","29","209989","53","Defender","5","Spain"
"FALSE","188","15","Crystal Palace FC","Mile JEDINAK","Australia","03.08.1984","29","197514","43","Midfielder","4","England"
"TRUE","170","8","FC Barcelona","Xavi HERNANDEZ","Spain","25.01.1980","34","177855","131","Midfielder","12","Spain"
"FALSE","185","17","Kayseri Erciyesspor","Senijad IBRICIC","Bosnia & Herzegovina","26.09.1985","28","300402","44","Midfielder","4","Turkey"
"FALSE","185","20","FC Sion","Dario VIDOSIC","Australia","08.04.1987","27","290800","22","Midfielder","2","Switzerland"
"TRUE","196","4","CD Motagua","Juan MONTES","Honduras","26.12.1985","28","365464","11","Defender","1","Honduras"
"FALSE","187","9","Real Sociedad","Haris SEFEROVIC","Switzerland","22.02.1992","22","311554","11","Forward","1","Spain"
"TRUE","185","14","FC Schalke 04","Julian DRAXLER","Germany","20.09.1993","20","358692","11","Midfielder","1","Germany"
"FALSE","173","10","CF Pachuca","Walter AYOVI","Ecuador","11.08.1979","34","184447","89","Midfielder","8","Mexico"
"TRUE","170","13","Kawasaki Frontale","Yoshito OKUBO","Japan","09.06.1982","32","180936","56","Forward","5","Japan"
"FALSE","185","19","Tottenham Hotspur FC","Moussa DEMBELE","Belgium","16.07.1987","26","290825","56","Midfielder","5","England"
"FALSE","189","6","Real Madrid CF","Sami KHEDIRA","Germany","04.04.1987","27","196900","45","Midfielder","4","Spain"
"FALSE","186","16","Sunderland AFC","KI Sungyueng","South Korea","24.01.1989","25","268406","58","Midfielder","5","England"
"FALSE","175","10","Olympique Marseille","Andre AYEW","Ghana","17.12.1989","24","294620","47","Midfielder","4","France"
"TRUE","178","7","Gamba Osaka","Yasuhito ENDO","Japan","28.01.1980","34","177768","143","Midfielder","12","Japan"
"TRUE","176","3","Tigres UANL","Carlos SALCIDO","Mexico","02.04.1980","34","218253","120","Defender","10","Mexico"
"FALSE","178","15","Wigan Athletic FC","Jean BEAUSEJOUR","Chile","01.06.1984","30","209502","60","Midfielder","5","England"
"FALSE","171","17","Cardiff City FC","Gary MEDEL","Chile","03.08.1987","26","267527","60","Defender","5","England"
"TRUE","173","23","Real Espana","Mario MARTINEZ","Honduras","30.07.1989","24","296297","36","Midfielder","3","Honduras"
"FALSE","188","7","Udinese Calcio","Hassan YEBDA","Algeria","14.05.1984","30","183882","24","Midfielder","2","Italy"
"FALSE","180","18","FC Internazionale","HERNANES","Brazil","29.05.1985","29","239424","24","Midfielder","2","Italy"
"FALSE","164","14","SSC Napoli","Dries MERTENS","Belgium","06.05.1987","27","358114","24","Midfielder","2","Italy"
"FALSE","190","17","SSC Napoli","Federico FERNANDEZ","Argentina","21.02.1989","25","318034","24","Defender","2","Italy"
"FALSE","188","6","Southampton FC","Dejan LOVREN","Croatia","05.07.1989","24","312432","24","Defender","2","England"
"FALSE","176","10","FC Lorient","Vincent ABOUBAKAR","Cameroon","22.01.1992","22","323698","24","Forward","2","France"
"FALSE","181","8","SSC Napoli","Gokhan INLER","Switzerland","27.06.1984","29","261029","73","Midfielder","6","Italy"
"TRUE","183","21","PAOK FC","Konstantinos KATSOURANIS","Greece","21.06.1979","35","214887","110","Midfielder","9","Greece"
"FALSE","175","2","FC Barcelona","DANI ALVES","Brazil","06.05.1983","31","190962","74","Defender","6","Spain"
"FALSE","177","11","Aalesunds FK","Michael BARRANTES","Costa Rica","04.10.1983","30","271182","50","Midfielder","4","Norway"
"TRUE","183","6","Everton FC","Phil JAGIELKA","England","17.08.1982","31","299960","25","Defender","2","England"
"FALSE","184","19","Hertha BSC","Adrian RAMOS","Columbia","22.01.1986","28","200847","25","Forward","2","Germany"
"FALSE","168","14","Celta Vigo","Fabian ORELLANA","Chile","27.01.1986","28","281252","25","Forward","2","Spain"
"FALSE","180","2","Juventus FC","Stephan LICHTSTEINER","Switzerland","16.01.1984","30","196605","63","Defender","5","Italy"
"TRUE","183","15","Real Madrid CF","Sergio RAMOS","Spain","30.03.1986","28","216814","115","Defender","9","Spain"
"FALSE","188","18","FC Zenit St. Petersburg","Nicolas LOMBAERTS","Belgium","20.03.1985","29","216874","26","Defender","2","Russia"
"FALSE","190","4","Watford FC","Esseid BELKALEM","Algeria","01.01.1989","25","356162","13","Defender","1","England"
"FALSE","176","10","Fulham FC","Georgios KARAGOUNIS","Greece","06.03.1977","37","168832","134","Midfielder","10","England"
"FALSE","170","11","Stade Rennais FC","Jean MAKOUN","Cameroon","29.05.1983","31","199600","67","Midfielder","5","France"
"FALSE","185","2","Norwich City FC","Joseph YOBO","Nigeria","06.09.1980","33","178403","96","Defender","7","England"
"FALSE","184","8","FC Dynamo Kyiv","Ognjen VUKOJEVIC","Croatia","20.12.1983","30","297377","55","Midfielder","4","Ukraine"
"TRUE","185","4","Perspolis FC","Jalal HOSSEINI","Iran","03.02.1982","32","278072","83","Defender","6","Iran"
"FALSE","173","10","Palmeiras","Jorge VALDIVIA","Chile","19.10.1983","30","202655","56","Midfielder","4","Brazil"
"FALSE","189","5","Tottenham Hotspur FC","Jan VERTONGHEN","Belgium","24.04.1987","27","290904","56","Defender","4","England"
"TRUE","178","5","Melbourne Victory FC","Mark MILLIGAN","Australia","04.08.1985","28","197411","28","Midfielder","2","Australia"
"TRUE","185","5","Esteghlal Tehran FC","Amirhossein SADEGHI","Iran","06.09.1981","32","213124","14","Defender","1","Iran"
"FALSE","162","14","Middlesbrough FC","Albert ADOMAH","Ghana","13.12.1987","26","364707","14","Midfielder","1","England"
"TRUE","176","21","Club Leon","Carlos PENA","Mexico","29.03.1990","24","303394","14","Midfielder","1","Mexico"
"FALSE","170","11","FC Utrecht","Tommy OAR","Australia","10.12.1991","22","306424","14","Midfielder","1","Netherlands"
"FALSE","181","5","Real Madrid CF","FABIO COENTRAO","Portugal","11.03.1988","26","269784","43","Defender","3","Spain"
"FALSE","188","10","Chelsea FC","John Obi MIKEL","Nigeria","22.04.1987","27","234463","58","Midfielder","4","England"
"TRUE","175","6","Paris Saint-Germain FC","Yohan CABAYE","France","14.01.1986","28","358013","29","Midfielder","2","France"
"TRUE","192","5","Borussia Dortmund","Mats HUMMELS","Germany","16.12.1988","25","311150","29","Defender","2","Germany"
"FALSE","173","9","Cruz Azul FC","Joao ROJAS","Ecuador","14.06.1989","25","305972","29","Forward","2","Mexico"
"FALSE","190","4","Manchester City FC","Vincent KOMPANY","Belgium","10.04.1986","28","216004","59","Defender","4","England"
"TRUE","192","3","FC Barcelona","Gerard PIQUE","Spain","02.02.1987","27","216973","60","Defender","4","Spain"
"FALSE","189","2","Lekhwiya SC","Madjid BOUGUERRA","Algeria","07.10.1982","31","215208","61","Defender","4","Qatar"
"FALSE","168","20","Juventus FC","Kwadwo ASAMOAH","Ghana","09.12.1988","25","294619","61","Midfielder","4","Italy"
"FALSE","187","13","FC Internazionale","Fredy GUARIN","Columbia","30.06.1986","27","200219","48","Midfielder","3","Italy"
"FALSE","186","3","Atalanta Bergamo","Mario YEPES","Columbia","13.01.1976","38","3408","97","Defender","6","Italy"
"FALSE","190","17","Sevilla FC","Stephane MBIA","Cameroon","20.05.1986","28","200935","49","Midfielder","3","Spain"
"TRUE","176","20","CD Motagua","Jorge CLAROS","Honduras","08.01.1986","28","230114","49","Midfielder","3","Honduras"
"TRUE","192","3","Juventus FC","Giorgio CHIELLINI","Italy","14.08.1984","29","215274","67","Defender","4","Italy"
"FALSE","192","3","Columbus Crew","Giancarlo GONZALEZ","Costa Rica","08.02.1988","26","268821","34","Defender","2","USA"
"TRUE","180","19","Esteghlal Tehran FC","Hashem BEIKZADEH","Iran","22.01.1984","30","295157","17","Midfielder","1","Iran"
"FALSE","175","16","FC Twente","Felipe GUTIERREZ","Chile","08.10.1990","23","349588","17","Midfielder","1","Netherlands"
"FALSE","170","17","RSC Anderlecht","Andy NAJAR","Honduras","16.03.1993","21","330693","17","Midfielder","1","Belgium"
"FALSE","180","18","Antalyaspor AS","Enoh EYONG","Cameroon","23.03.1986","28","310048","35","Midfielder","2","Turkey"
"TRUE","178","22","CS Herediano","Jose CUBERO","Costa Rica","14.02.1987","27","268822","35","Midfielder","2","Costa Rica"
"FALSE","183","4","Liverpool FC","Kolo TOURE","Ivory Coast","19.03.1981","33","178963","106","Defender","6","England"
"FALSE","192","5","FC Lokomotiv Moscow","Vedran CORLUKA","Croatia","05.02.1986","28","297373","72","Defender","4","Russia"
"TRUE","190","19","Juventus FC","Leonardo BONUCCI","Italy","01.05.1987","27","321641","36","Defender","2","Italy"
"FALSE","183","13","Valencia CF","RICARDO COSTA","Portugal","16.05.1981","33","210212","18","Defender","1","Spain"
"TRUE","174","13","Club Universidad de Chile","Jose ROJAS","Chile","23.06.1983","30","245156","18","Defender","1","Chile"
"FALSE","182","16","Bologna FC","Lazaros CHRISTODOULOPOULOS","Greece","19.12.1986","27","299086","18","Midfielder","1","Italy"
"FALSE","188","17","VfL Wolfsburg","LUIZ GUSTAVO","Brazil","23.07.1987","26","367918","18","Midfielder","1","Germany"
"FALSE","184","15","Manchester City FC","Martin DEMICHELIS","Argentina","20.12.1980","33","233703","37","Defender","2","England"
"FALSE","181","8","Stoke City FC","Wilson PALACIOS","Honduras","29.07.1984","29","209827","93","Midfielder","5","England"
"FALSE","186","3","Real Madrid CF","PEPE","Portugal","26.02.1983","31","275931","57","Defender","3","Spain"
"TRUE","180","7","AC Milan","Ignazio ABATE","Italy","12.11.1986","27","228936","19","Defender","1","Italy"
"TRUE","186","4","CSKA Moscow","Sergey IGNASHEVICH","Russia","14.07.1979","34","186787","97","Defender","5","Russia"
"FALSE","172","7","FC Girondins Bordeaux","Landry NGUEMO","Cameroon","28.11.1985","28","200262","39","Midfielder","2","France"
"FALSE","189","22","Southampton FC","Maya YOSHIDA","Japan","24.08.1988","25","271253","40","Defender","2","England"
"FALSE","186","15","Umm Salal SC","Pejman MONTAZERI","Iran","06.09.1983","30","251481","20","Defender","1","Qatar"
"FALSE","168","21","FC Basel","Marcelo DIAZ","Chile","30.12.1986","27","233530","20","Midfielder","1","Switzerland"
"TRUE","187","4","FC Schalke 04","Benedikt HOEWEDES","Germany","29.02.1988","26","311148","20","Defender","1","Germany"
"FALSE","187","5","Guangzhou Evergrande FC","KIM Younggwon","South Korea","27.02.1990","24","375754","20","Defender","1","China"
"FALSE","168","17","SS Lazio","Ogenyi ONAZI","Nigeria","25.12.1992","21","315429","20","Midfielder","1","Italy"
"FALSE","181","6","FC Dynamo Moscow","Cristhian NOBOA","Ecuador","09.04.1985","29","279417","41","Midfielder","2","Russia"
"FALSE","185","3","AS Monaco","Uwa ECHIEJILE","Nigeria","20.01.1988","26","267647","41","Defender","2","France"
"TRUE","170","16","FC Bayern Muenchen","Philipp LAHM","Germany","11.11.1983","30","196748","105","Midfielder","5","Germany"
"FALSE","190","22","Trabzonspor","Souleymane BAMBA","Ivory Coast","13.01.1985","29","207946","42","Defender","2","Turkey"
"FALSE","175","20","SS Lazio","Alvaro GONZALEZ","Uruguay","29.10.1984","29","286259","42","Midfielder","2","Italy"
"TRUE","184","20","Olympiacos Piraeus FC","Jose CHOLEVAS","Greece","27.06.1984","29","358022","21","Defender","1","Greece"
"TRUE","179","8","Deportivo Saprissa","Heiner MORA","Costa Rica","20.06.1984","29","313805","21","Defender","1","Costa Rica"
"TRUE","179","19","Jubilo Iwata","Masahiko INOHA","Japan","28.08.1985","28","233497","21","Defender","1","Japan"
"FALSE","182","23","TSG 1899 Hoffenheim","Fabian JOHNSON","USA","11.12.1987","26","311174","21","Defender","1","Germany"
"FALSE","183","18","SC Freiburg","Admir MEHMEDI","Switzerland","16.03.1991","23","356409","21","Forward","1","Germany"
"FALSE","184","13","Besiktas JK","Jermaine JONES","USA","03.11.1981","32","183893","43","Midfielder","2","Turkey"
"TRUE","179","8","Juventus FC","Claudio MARCHISIO","Italy","19.01.1986","28","298664","43","Midfielder","2","Italy"
"FALSE","173","16","FC Porto","Steven DEFOUR","Belgium","15.04.1988","26","290824","43","Midfielder","2","Portugal"
"FALSE","177","18","Nottingham Forest FC","Gonzalo JARA","Chile","29.08.1985","28","229439","65","Defender","3","England"
"FALSE","187","5","Paris Saint-Germain FC","THIAGO MOTTA","Italy","28.08.1982","31","175689","22","Midfielder","1","France"
"TRUE","182","23","FC Spartak Moscow","Dmitry KOMBAROV","Russia","22.01.1987","27","300237","22","Defender","1","Russia"
"TRUE","175","14","Paris Saint-Germain FC","Blaise MATUIDI","France","09.04.1987","27","358014","22","Midfielder","1","France"
"FALSE","184","21","FC Dynamo Kyiv","Domagoj VIDA","Croatia","29.04.1989","25","299896","22","Defender","1","Ukraine"
"FALSE","182","3","Paris Saint-Germain FC","THIAGO SILVA","Brazil","22.09.1984","29","289964","45","Defender","2","France"
"FALSE","170","5","FC Internazionale","Yuto NAGATOMO","Japan","12.09.1986","27","291372","69","Defender","3","Italy"
"FALSE","177","4","Juventus FC","Mauricio ISLA","Chile","12.06.1988","26","228617","46","Defender","2","Italy"
"FALSE","190","2","Aston Villa FC","Ron VLAAR","Netherlands","16.02.1985","29","216715","23","Defender","1","England"
"TRUE","172","3","Everton FC","Leighton BAINES","England","11.12.1984","29","305768","23","Defender","1","England"
"TRUE","170","19","CSD Colo-Colo","Jose FUENZALIDA","Chile","22.02.1985","29","229440","23","Midfielder","1","Chile"
"TRUE","186","21","CD Olimpia","Brayan BECKELES","Honduras","28.11.1985","28","339551","23","Defender","1","Honduras"
"FALSE","181","4","FC Dynamo Kyiv","MIGUEL VELOSO","Portugal","11.05.1986","28","200201","47","Midfielder","2","Ukraine"
"FALSE","179","16","SC Freiburg","Gelson FERNANDES","Switzerland","02.09.1986","27","216650","47","Midfielder","2","Germany"
"FALSE","184","11","SSC Napoli","Valon BEHRAMI","Switzerland","19.04.1985","29","216627","48","Midfielder","2","Italy"
"FALSE","188","20","FC Augsburg","HONG Jeongho","South Korea","12.08.1989","24","312679","24","Defender","1","Germany"
"FALSE","198","17","Arsenal FC","Per MERTESACKER","Germany","29.09.1984","29","207888","97","Defender","4","England"
"FALSE","183","4","Bayer 04 Leverkusen","Emir SPAHIC","Bosnia & Herzegovina","18.08.1980","33","216069","74","Defender","3","Germany"
"FALSE","180","12","Valenciennes FC","Carl MEDJANI","Algeria","15.05.1985","29","239237","25","Defender","1","France"
"TRUE","185","21","RSC Anderlecht","Anthony VANDEN BORRE","Belgium","24.10.1987","26","216006","25","Defender","1","Belgium"
"FALSE","175","16","Rosenborg BK","Cristian GAMBOA","Costa Rica","24.10.1989","24","307026","25","Defender","1","Norway"
"FALSE","172","8","1. FC Nuernberg","Hiroshi KIYOTAKE","Japan","12.11.1989","24","347716","25","Forward","1","Germany"
"FALSE","182","19","Evian TG FC","Jonathan MENSAH","Ghana","13.07.1990","23","306634","25","Defender","1","France"
"FALSE","187","5","San Jose Earthquakes","Victor BERNARDEZ","Honduras","24.05.1982","32","213878","76","Defender","3","USA"
"FALSE","185","3","Atletico Madrid","Diego GODIN","Uruguay","16.02.1986","28","229499","76","Defender","3","Spain"
"TRUE","188","14","CSKA Moscow","Vasily BEREZUTSKIY","Russia","20.06.1982","32","186793","77","Defender","3","Russia"
"TRUE","175","2","LD Alajuelense","Johnny ACOSTA","Costa Rica","21.07.1983","30","339447","26","Defender","1","Costa Rica"
"FALSE","190","20","Stoke City FC","Geoff CAMERON","USA","11.07.1985","28","321971","26","Defender","1","England"
"FALSE","178","11","FC Nantes","Alejandro BEDOYA","USA","29.04.1987","27","296273","26","Midfielder","1","France"
"FALSE","178","7","FC Kobenhavn","Christian BOLANOS","Costa Rica","17.05.1984","30","183796","54","Midfielder","2","Denmark"
"FALSE","187","5","Academica Coimbra","Rafik HALLICHE","Algeria","02.09.1986","27","296827","28","Defender","1","Portugal"
"TRUE","179","2","CS Emelec","Jorge GUAGUA","Ecuador","28.09.1981","32","181930","58","Defender","2","Ecuador"
"TRUE","177","3","Sepahan FC","Ehsan HAJI SAFI","Iran","25.02.1990","24","288961","58","Midfielder","2","Iran"
"FALSE","175","5","CA Monarcas Morelia","Aldo RAMIREZ","Columbia","18.04.1981","33","181698","29","Midfielder","1","Mexico"
"FALSE","185","14","Galatasaray SK","Aurelien CHEDJOU","Cameroon","20.06.1985","28","278732","29","Defender","1","Turkey"
"FALSE","173","16","SL Benfica","Maximiliano PEREIRA","Uruguay","08.06.1984","30","286481","89","Defender","3","Portugal"
"TRUE","195","6","Warri Wolves FC","Azubuike EGWUEKWE","Nigeria","16.07.1989","24","356711","31","Defender","1","Nigeria"
"FALSE","170","8","AS Monaco","JOAO MOUTINHO","Portugal","08.09.1986","27","200199","66","Midfielder","2","France"
"FALSE","183","16","SS Lazio","Senad LULIC","Bosnia & Herzegovina","18.01.1986","28","358099","33","Midfielder","1","Italy"
"FALSE","184","3","Hull City FC","Maynor FIGUEROA","Honduras","02.05.1983","31","213879","100","Defender","3","England"
"FALSE","176","2","FC Schalke 04","Atsuto UCHIDA","Japan","27.03.1988","26","268474","67","Defender","2","Germany"
"FALSE","179","15","SSC Napoli","Blerim DZEMAILI","Switzerland","12.04.1986","28","216646","34","Midfielder","1","Italy"
"FALSE","186","2","Atletico Madrid","Toby ALDERWEIRELD","Belgium","02.03.1989","25","290864","34","Defender","1","Spain"
"FALSE","183","14","Caykur Rizespor","Godfrey OBOABONA","Nigeria","16.09.1990","23","356459","34","Defender","1","Turkey"
"FALSE","183","3","US Sassuolo","Reto ZIEGLER","Switzerland","16.01.1986","28","216642","35","Defender","1","Italy"
"FALSE","175","6","Wigan Athletic FC","Juan Carlos GARCIA","Honduras","08.03.1988","26","296303","35","Defender","1","England"
"TRUE","181","15","Real Salt Lake","Kyle BECKERMAN","USA","23.04.1982","32","175512","36","Midfielder","1","USA"
"FALSE","189","3","CR Flamengo","Frickson ERAZO","Ecuador","05.05.1988","26","349578","36","Defender","1","Brazil"
"FALSE","190","5","Celtic FC","Efe AMBROSE","Nigeria","18.10.1988","25","273291","36","Defender","1","Scotland"
"FALSE","180","17","1. FC Nuernberg","Makoto HASEBE","Japan","18.01.1984","30","289027","78","Midfielder","2","Germany"
"FALSE","175","9","Newcastle United FC","Ismael TIOTE","Ivory Coast","21.06.1986","27","291329","42","Midfielder","1","England"
"FALSE","192","20","Hamburger SV","Johan DJOUROU","Switzerland","18.01.1987","27","216645","44","Defender","1","Germany"
"FALSE","179","6","Atalanta Bergamo","Carlos CARMONA","Chile","21.02.1987","27","229436","44","Midfielder","1","Italy"
"FALSE","176","15","Bologna FC","Diego PEREZ","Uruguay","18.05.1980","34","185359","89","Midfielder","2","Italy"
"FALSE","176","14","Houston Dynamo","Boniek GARCIA","Honduras","04.09.1984","29","237071","90","Midfielder","2","USA"
"TRUE","174","17","Brisbane Roar FC","Matt McKAY","Australia","11.01.1983","31","197409","46","Midfielder","1","Australia"
"TRUE","175","17","Manchester City FC","James MILNER","England","04.01.1986","28","207924","46","Midfielder","1","England"
"FALSE","179","2","FC Platanias","Samuel INKOOM","Ghana","01.06.1989","25","238381","46","Defender","1","Greece"
"FALSE","189","19","New York Red Bulls","Roy MILLER","Costa Rica","24.11.1984","29","183798","47","Defender","1","USA"
"FALSE","171","14","FC Barcelona","Javier MASCHERANO","Argentina","08.06.1984","30","182372","96","Midfielder","2","Spain"
"FALSE","178","3","Arsenal FC","Thomas VERMAELEN","Belgium","14.11.1985","28","216880","48","Defender","1","England"
"FALSE","190","6","Kayserispor","Alexandros TZIOLIS","Greece","13.02.1985","29","228351","49","Midfielder","1","Turkey"
"FALSE","171","18","SSC Napoli","Juan ZUNIGA","Columbia","14.12.1985","28","229443","49","Defender","1","Italy"
"TRUE","180","2","Liverpool FC","Glen JOHNSON","England","23.08.1984","29","197464","51","Defender","1","England"
"FALSE","174","7","West Ham United FC","Pablo ARMERO","Columbia","02.11.1986","27","200213","52","Defender","1","England"
"FALSE","182","15","RCD Espanyol","Hector MORENO","Mexico","17.01.1988","26","238112","52","Defender","1","Spain"
"FALSE","178","22","Juventus FC","Martin CACERES","Uruguay","07.04.1987","27","267829","56","Defender","1","Italy"
"FALSE","185","15","FSV Mainz 05","Junior DIAZ","Costa Rica","12.09.1983","30","209940","61","Defender","1","Germany"
"FALSE","168","5","Parma FC","Walter GARGANO","Uruguay","23.07.1984","29","276131","62","Midfielder","1","Italy"
"FALSE","177","7","Celtic FC","Emilio IZAGUIRRE","Honduras","10.05.1986","28","230117","65","Midfielder","1","Scotland"
"FALSE","174","6","AC Milan","Nigel DE JONG","Netherlands","30.11.1984","29","216964","70","Midfielder","1","Italy"
"FALSE","166","3","VfB Stuttgart","Arthur BOKA","Ivory Coast","02.04.1983","31","198489","77","Defender","1","Germany"
"TRUE","178","15","Gamba Osaka","Yasuyuki KONNO","Japan","25.01.1983","31","184373","80","Defender","1","Japan"
"TRUE","180","4","Deportivo Saprissa","Michael UMANA","Costa Rica","16.07.1982","31","208120","81","Defender","1","Costa Rica"
"TRUE","191","2","Club America","Francisco RODRIGUEZ","Mexico","20.10.1981","32","209960","92","Defender","1","Mexico"
"FALSE","183","5","Trabzonspor","Didier ZOKORA","Ivory Coast","14.12.1980","33","176971","119","Defender","1","Turkey"
"TRUE","191","22","Deportivo Cali","Faryd MONDRAGON","Columbia","21.06.1971","43","94918","50","Goalkeeper","0","Columbia"
"TRUE","178","18","CD Olimpia","Noel VALLADARES","Honduras","03.05.1977","37","178185","120","Goalkeeper","0","Honduras"
"TRUE","190","1","Juventus FC","Gianluigi BUFFON","Italy","28.01.1978","36","159304","139","Goalkeeper","0","Italy"
"FALSE","193","1","FC Rostov","Stipe PLETIKOSA","Croatia","08.01.1979","35","179048","110","Goalkeeper","0","Russia"
"FALSE","187","1","Everton FC","Tim HOWARD","USA","06.03.1979","35","178420","98","Goalkeeper","0","England"
"TRUE","184","23","SC Bastia","Mickael LANDREAU","France","14.05.1979","35","182021","11","Goalkeeper","0","France"
"TRUE","182","22","Real Salt Lake","Nick RIMANDO","USA","17.06.1979","35","184982","14","Goalkeeper","0","USA"
"FALSE","180","1","KSC Lokeren","Boubacar BARRY","Ivory Coast","30.12.1979","34","178958","76","Goalkeeper","0","Belgium"
"FALSE","179","12","Toronto FC","JULIO CESAR","Brazil","03.09.1979","34","179038","79","Goalkeeper","0","Canada"
"TRUE","192","16","FC Rubin Kazan","Sergey RYZHIKOV","Russia","19.09.1980","33","367333","1","Goalkeeper","0","Russia"
"TRUE","190","22","FK Borac Banja Luka","Asmir AVDUKIC","Bosnia & Herzegovina","13.05.1981","33","358097","3","Goalkeeper","0","Bosnia & Herzegovina"
"TRUE","188","22","Borussia Dortmund","Roman WEIDENFELLER","Germany","06.08.1980","33","195223","2","Goalkeeper","0","Germany"
"TRUE","186","18","Adelaide United FC","Eugene GALEKOVIC","Australia","12.06.1981","33","209168","8","Goalkeeper","0","Australia"
"TRUE","186","15","Juventus FC","Andrea BARZAGLI","Italy","08.05.1981","33","214377","47","Defender","0","Italy"
"TRUE","185","1","Real Madrid CF","Iker CASILLAS","Spain","20.05.1981","33","176644","153","Goalkeeper","0","Spain"
"FALSE","184","11","Levante UD","Loukas VYNTRA","Greece","05.02.1981","33","215484","49","Defender","0","Spain"
"TRUE","183","23","Club Universidad de Chile","Johnny HERRERA","Chile","09.05.1981","33","178630","7","Goalkeeper","0","Chile"
"TRUE","182","1","Sepahan FC","Rahman AHMADI","Iran","30.07.1980","33","298516","11","Goalkeeper","0","Iran"
"FALSE","181","3","FC Internazionale","Hugo CAMPAGNARO","Argentina","27.06.1980","33","356612","13","Defender","0","Italy"
"TRUE","180","22","CD Olimpia","Donis ESCOBER","Honduras","03.02.1981","33","213871","20","Goalkeeper","0","Honduras"
"TRUE","178","1","Cruz Azul FC","Jose CORONA","Mexico","26.01.1981","33","195231","32","Goalkeeper","0","Mexico"
"FALSE","171","3","Manchester United FC","Patrice EVRA","France","15.05.1981","33","212246","57","Defender","0","England"
"FALSE","193","5","Hellas Verona FC","Vangelis MORAS","Greece","26.08.1981","32","215471","18","Defender","0","Italy"
"TRUE","190","12","CA Boca Juniors","Agustin ORION","Argentina","26.07.1981","32","274703","3","Goalkeeper","0","Argentina"
"FALSE","183","22","Sevilla FC","BETO","Portugal","01.05.1982","32","214404","7","Goalkeeper","0","Spain"
"TRUE","180","14","Houston Dynamo","Brad DAVIS","USA","08.11.1981","32","181951","16","Midfielder","0","USA"
"TRUE","178","18","LD Alajuelense","Patrick PEMBERTON","Costa Rica","24.04.1982","32","214874","20","Goalkeeper","0","Costa Rica"
"FALSE","177","14","Paris Saint-Germain FC","MAXWELL","Brazil","27.08.1981","32","207809","8","Defender","0","France"
"FALSE","172","3","Panathinaikos FC","Danijel PRANJIC","Croatia","02.12.1981","32","210702","49","Defender","0","Greece"
"FALSE","168","17","CA Monarcas Morelia","Egidio AREVALO","Uruguay","01.01.1982","32","286238","54","Midfielder","0","Mexico"
"TRUE","195","22","Atletico Mineiro","VICTOR","Brazil","21.01.1983","31","309426","6","Goalkeeper","0","Brazil"
"TRUE","193","13","West Bromwich Albion FC","Ben FOSTER","England","03.04.1983","31","253999","6","Goalkeeper","0","England"
"TRUE","190","1","Botafogo FR","JEFFERSON","Brazil","02.01.1983","31","184320","9","Goalkeeper","0","Brazil"
"TRUE","188","12","Deportivo Toluca FC","Alfredo TALAVERA","Mexico","18.09.1982","31","175546","14","Goalkeeper","0","Mexico"
"FALSE","187","23","SSC Napoli","Pepe REINA","Spain","31.08.1982","31","175413","32","Goalkeeper","0","Italy"
"TRUE","187","1","Sporting Braga","EDUARDO","Portugal","19.09.1982","31","299066","33","Goalkeeper","0","Portugal"
"FALSE","187","23","CR Vasco da Gama","Martin SILVA","Uruguay","25.03.1983","31","175629","4","Goalkeeper","0","Brazil"
"FALSE","185","16","Konyaspor","Charles ITANDJE","Cameroon","02.11.1982","31","216990","9","Goalkeeper","0","Turkey"
"FALSE","185","1","Real Sociedad","Claudio BRAVO","Chile","13.04.1983","31","202650","79","Goalkeeper","0","Spain"
"FALSE","185","1","Standard Liege","Eiji KAWASHIMA","Japan","20.03.1983","31","198117","56","Goalkeeper","0","Belgium"
"FALSE","185","1","Lille OSC","Vincent ENYEAMA","Nigeria","29.08.1982","31","189300","90","Goalkeeper","0","France"
"TRUE","183","5","BSC Young Boys","Steve VON BERGEN","Switzerland","10.06.1983","31","196620","41","Defender","0","Switzerland"
"FALSE","175","15","Arsenal FC","Bacary SAGNA","France","14.02.1983","31","254141","40","Defender","0","England"
"TRUE","170","18","CS Emelec","Oscar BAGUI","Ecuador","10.12.1982","31","275793","21","Defender","0","Ecuador"
"FALSE","195","1","VfL Wolfsburg","Diego BENAGLIO","Switzerland","08.09.1983","30","196633","57","Goalkeeper","0","Germany"
"FALSE","194","21","Calcio Catania","Mariano ANDUJAR","Argentina","30.07.1983","30","306144","10","Goalkeeper","0","Italy"
"FALSE","188","23","CF Monterrey","Jose Maria BASANTA","Argentina","03.04.1984","30","349832","8","Defender","0","Mexico"
"FALSE","186","16","Hapoel Be'er Sheva FC","Austine EJIDE","Nigeria","08.04.1984","30","184856","31","Goalkeeper","0","Israel"
"FALSE","184","13","SC Freiburg","Mensur MUJDZA","Bosnia & Herzegovina","28.03.1984","30","299904","24","Midfielder","0","Germany"
"FALSE","183","22","Swansea City AFC","Michel VORM","Netherlands","20.10.1983","30","254089","14","Goalkeeper","0","England"
"FALSE","182","22","AC Ajaccio","Mehdi MOSTEFA","Algeria","30.08.1983","30","354873","22","Midfielder","0","France"
"TRUE","180","18","FC Dynamo Moscow","Yury ZHIRKOV","Russia","20.08.1983","30","216432","60","Forward","0","Russia"
"FALSE","178","2","Queens Park Rangers FC","Benoit ASSOU EKOTTO","Cameroon","24.03.1984","30","306180","21","Defender","0","England"
"TRUE","178","11","Zob Ahan Isfahan FC","Ghasem HADADIFAR","Iran","12.07.1983","30","329737","16","Midfielder","0","Iran"
"FALSE","178","12","FC Augsburg","Paul VERHAEGH","Netherlands","01.09.1983","30","254091","2","Defender","0","Germany"
"TRUE","177","22","FC Anzhi Makhachkala","Andrey ESHCHENKO","Russia","09.02.1984","30","358893","11","Defender","0","Russia"
"TRUE","176","7","FC Dynamo Moscow","Igor DENISOV","Russia","17.05.1984","30","216438","43","Midfielder","0","Russia"
"FALSE","176","12","Olympique Lyonnais","Henri BEDIMO","Cameroon","04.06.1984","30","317072","30","Defender","0","France"
"FALSE","175","8","Getafe CF","Medhi LACEN","Algeria","15.03.1984","30","321682","29","Midfielder","0","Spain"
"TRUE","175","19","Barcelona SC","Luis SARITAMA","Ecuador","20.10.1983","30","202280","48","Midfielder","0","Ecuador"
"TRUE","175","2","Esteghlal Tehran FC","Khosro HEYDARI","Iran","14.09.1983","30","306206","47","Forward","0","Iran"
"TRUE","172","12","Lille OSC","Rio MAVUBA","France","08.03.1984","30","214571","11","Midfielder","0","France"
"FALSE","172","21","Valencia CF","JOAO PEREIRA","Portugal","25.02.1984","30","214407","35","Defender","0","Spain"
"FALSE","193","12","Aston Villa FC","Brad GUZAN","USA","09.09.1984","29","276139","25","Goalkeeper","0","England"
"FALSE","191","13","Panathinaikos FC","Gordon SCHILDENFELD","Croatia","18.03.1985","29","357990","21","Defender","0","Greece"
"FALSE","191","23","AS Monaco","Danijel SUBASIC","Croatia","27.10.1984","29","299887","6","Goalkeeper","0","France"
"TRUE","190","1","Suwon Bluewings FC","JUNG Sungryong","South Korea","04.01.1985","29","198546","60","Goalkeeper","0","South Korea"
