"IsCaptain","Team","Number","ClubCountry","Club","Position","FullName","DateOfBirth"
"FALSE","Brazil","1","BRA","Botafogo de Futebol e Regatas","GK","Dani Alves","1 2 1983"
"FALSE","Brazil","2","ESP","FC Barcelona","DF","Thiago Silva","5 6 1983"
"TRUE","Brazil","3","FRA","Paris Saint-Germain F.C.","DF","David Luiz","9 22 1984"
"FALSE","Brazil","4","ENG","Chelsea F.C.","DF","Fernando Luiz Roza","4 22 1987"
"FALSE","Brazil","5","ENG","Manchester City F.C.","MF","Marcelo Vieira","5 4 1985"
"FALSE","Brazil","6","ESP","Real Madrid C.F.","DF","Hulk (footballer)","5 12 1988"
"FALSE","Brazil","7","RUS","FC Zenit Saint Petersburg","FW","Paulinho (footballer)","7 25 1986"
"FALSE","Brazil","8","ENG","Tottenham Hotspur F.C.","MF","Fred (footballer)","7 25 1988"
"FALSE","Brazil","9","BRA","Fluminense Football Club","FW","Neymar","10 3 1983"
"FALSE","Brazil","10","ESP","FC Barcelona","FW","Oscar (footballer born 1991)","2 5 1992"
"FALSE","Brazil","11","ENG","Chelsea F.C.","MF","Dante (footballer)","9 9 1991"
"FALSE","Brazil","12","CAN","Toronto FC","GK","Maxwell Cabelino Andrade","9 3 1979"
"FALSE","Brazil","13","GER","FC Bayern Munich","DF","Henrique Adriano Buss","10 18 1983"
"FALSE","Brazil","14","FRA","Paris Saint-Germain F.C.","DF","Ramires","8 27 1981"
"FALSE","Brazil","15","ITA","S.S.C. Napoli","DF","Luiz Gustavo","10 14 1986"
"FALSE","Brazil","16","ENG","Chelsea F.C.","MF","Hernanes","3 24 1987"
"FALSE","Brazil","17","GER","VfL Wolfsbu","MF","Willian Borges da Silva","7 23 1987"
"FALSE","Brazil","18","ITA","Inter Milan","MF","Bernard (footballer)","5 29 1985"
"FALSE","Brazil","19","ENG","Chelsea F.C.","MF","Victor Leandro Bagy","8 9 1988"
"FALSE","Brazil","20","UKR","FC Shakhtar Donetsk","FW","Maicon Sisenando","9 8 1992"
"FALSE","Brazil","21","BRA","Atl   tico Minei","FW","Nicolas N'Koulou","3 20 1987"
"FALSE","Brazil","22","BRA","Clube Atl   tico Mineiro","GK","Dany Nounkeu","1 21 1983"
"FALSE","Brazil","23","ITA","A.S. Roma","DF","Alex Song","7 26 1981"
"FALSE","Cameroon","1","CMR","Coton Sport FC de Garoua","GK","Benjamin Moukandjo","4 14 1992"
"FALSE","Cameroon","2","ENG","Queens Park Rangers F.C.","DF","Samuel Eto'o","3 24 1984"
"FALSE","Cameroon","3","FRA","Olympique de Marseille","DF","Vincent Aboubakar","3 27 1990"
"FALSE","Cameroon","4","CMR","Coton Sport FC de Garoua","DF","Jean Makoun","8 28 1992"
"FALSE","Cameroon","5","TUR","Be   ikta    J.K.","DF","Henri Bedimo","4 11 1986"
"FALSE","Cameroon","6","ESP","FC Barcelona","MF","Eric Maxim Choupo-Moting","9 9 1987"
"FALSE","Cameroon","7","FRA","FC Girondins de Bordeaux","MF","Charles Itandje","11 28 1985"
"FALSE","Cameroon","8","FRA","AS Nancy","FW","Eyong Enoh","11 12 1988"
"TRUE","Cameroon","9","ENG","Chelsea F.C.","FW","Fabrice Olinga","3 10 1981"
"FALSE","Cameroon","10","FRA","FC Lorient","FW","Edgar Salli","1 22 1992"
"FALSE","Cameroon","11","FRA","Stade Rennais F.C.","MF","Allan Nyom","5 29 1983"
"FALSE","Cameroon","12","FRA","Olympique Lyonnais","DF","Sammy N'Djock","6 4 1984"
"FALSE","Cameroon","13","GER","1. FSV Mainz 05","FW","Stipe Pletikosa","3 23 1989"
"FALSE","Cameroon","14","TUR","Galatasaray S.K. (football team)","DF","Dejan Lovren","6 20 1985"
"FALSE","Cameroon","15","TUR","Fenerbah   e S.K. (football)","FW","Darijo Srna","1 20 1982"
"FALSE","Cameroon","16","TUR","Torku Konyaspor","GK","Oliver Zelenika","11 2 1982"
"FALSE","Cameroon","17","ESP","Sevilla FC","MF","Gordon Schildenfeld","5 20 1986"
"FALSE","Cameroon","18","TUR","Antalyasp","MF","Sammir","3 23 1986"
"FALSE","Cameroon","19","BEL","S.V. Zulte Waregem","FW","Domagoj Vida","5 12 1996"
"FALSE","Cameroon","20","FRA","RC Lens","MF","Eduardo da Silva","8 17 1992"
"FALSE","Cameroon","21","GER","FC Schalke 04","MF","Carlos Salcido","8 8 1991"
"FALSE","Cameroon","22","ESP","Granada CF","DF","Diego Antonio Reyes","5 10 1988"
"FALSE","Cameroon","23","TUR","Fethiyesp","GK","Miguel Lay  n","2 25 1990"
"FALSE","Croatia","1","RUS","FC Rostov","GK","Giovani dos Santos","1 8 1979"
"FALSE","Croatia","2","ITA","Genoa C.F.C.","DF","Alan Pulido","1 10 1992"
"FALSE","Croatia","3","GRE","Panathinaikos F.C.","DF","Alfredo Talavera","12 2 1981"
"FALSE","Croatia","4","GER","VfL Wolfsbu","MF","Guillermo Ochoa","2 2 1989"
"FALSE","Croatia","5","RUS","FC Lokomotiv Moscow","DF","Miguel  ngel Ponce","2 5 1986"
"FALSE","Croatia","6","ENG","Southampton F.C.","DF","Oribe Peralta","7 5 1989"
"FALSE","Croatia","7","ESP","Sevilla FC","MF","Javier Aquino","3 10 1988"
"FALSE","Croatia","8","UKR","FC Dynamo Kyiv","MF","Paul Aguilar","12 20 1983"
"FALSE","Croatia","9","ENG","Hull City A.F.C.","FW","Mathew Ryan","8 27 1985"
"FALSE","Croatia","10","ESP","Real Madrid C.F.","MF","Jason Davidson","9 9 1985"
"TRUE","Croatia","11","UKR","FC Shakhtar Donetsk","DF","Tim Cahill","5 1 1982"
"FALSE","Croatia","12","CRO","NK Lokomotiva","GK","Mark Milligan","5 14 1993"
"FALSE","Croatia","13","GRE","Panathinaikos F.C.","DF","Mathew Leckie","3 18 1985"
"FALSE","Croatia","14","CRO","GNK Dinamo Zagreb","MF","Bailey Wright","10 16 1992"
"FALSE","Croatia","15","CRO","HNK Rijeka","MF","Adam Taggart","4 30 1993"
"FALSE","Croatia","16","ITA","ACF Fiorentina","FW","Ben Halloran","9 21 1993"
"FALSE","Croatia","17","GER","FC Bayern Munich","FW","Tommy Oar","5 21 1986"
"FALSE","Croatia","18","GER","VfL Wolfsbu","FW","Mitchell Langerak","9 14 1979"
"FALSE","Croatia","19","SPA","Getafe CF","MF","James Troisi","4 23 1987"
"FALSE","Croatia","20","ITA","Inter Milan","MF","Mile Jedinak","5 6 1994"
"FALSE","Croatia","21","UKR","FC Dynamo Kyiv","DF","James Holland (footballer)","4 29 1989"
"FALSE","Croatia","22","UKR","FC Shakhtar Donetsk","FW","Matt McKay","2 25 1983"
"FALSE","Croatia","23","FRA","AS Monaco FC","GK","Ryan McGowan","10 27 1984"
"FALSE","Mexico","1","MEX","Cruz Az","GK","Massimo Luongo","1 26 1981"
"FALSE","Mexico","2","MEX","Club Am   rica","DF","Alex Wilkinson","10 20 1981"
"FALSE","Mexico","3","MEX","Tigres UANL","DF","Mark Bresciano","4 2 1980"
"TRUE","Mexico","4","MEX","Club Le   n","DF","Claudio Bravo (footballer)","2 13 1979"
"FALSE","Mexico","5","POR","F.C. Porto","DF","Eugenio Mena","9 19 1992"
"FALSE","Mexico","6","POR","F.C. Porto","MF","Miiko Albornoz","4 19 1990"
"FALSE","Mexico","7","MEX","Club Am   rica","DF","Mauricio Isla","6 25 1988"
"FALSE","Mexico","8","MEX","Cruz Az","MF","Francisco Silva","7 21 1989"
"FALSE","Mexico","9","MEX","Club Am   rica","FW","Carlos Carmona","5 5 1991"
"FALSE","Mexico","10","ESP","Villarreal CF","FW","Arturo Vidal","5 11 1989"
"FALSE","Mexico","11","MEX","Tigres UANL","FW","Mauricio Pinilla","3 8 1991"
"FALSE","Mexico","12","MEX","Deportivo Toluca F.C.","GK","Eduardo Vargas","9 18 1982"
"FALSE","Mexico","13","FRA","AC Ajaccio","GK","Cristopher Toselli","7 13 1985"
"FALSE","Mexico","14","ENG","Manchester United F.C.","FW","Jean Beausejour","6 1 1988"
"FALSE","Mexico","15","ESP","RCD Espanyol","DF","Gary Medel","1 17 1988"
"FALSE","Mexico","16","MEX","Deportivo Toluca F.C.","DF","Gonzalo Jara","4 12 1989"
"FALSE","Mexico","17","MEX","Deportivo Toluca F.C.","MF","Esteban Paredes","8 28 1990"
"FALSE","Mexico","18","GER","Bayer 04 Leverkusen","DF","Johnny Herrera (goalkeeper)","9 28 1986"
"FALSE","Mexico","19","MEX","Club Santos Laguna","FW","Jasper Cillessen","1 12 1984"
"FALSE","Mexico","20","ESP","Villarreal CF","MF","Ron Vlaar","2 11 1990"
"FALSE","Mexico","21","MEX","Club Le   n","MF","Stefan de Vrij","3 29 1990"
"FALSE","Mexico","22","MEX","Club Am   rica","DF","Bruno Martins Indi","3 6 1986"
"FALSE","Mexico","23","MEX","Club Le   n","MF","Daley Blind","3 14 1988"
"FALSE","Australia","1","BEL","Club Brugge K.V.","GK","Daryl Janmaat","4 8 1992"
"FALSE","Australia","2","AUS","Brisbane Roar FC","DF","Nigel de Jong","9 10 1987"
"FALSE","Australia","3","NED","Heracles Alme","DF","Robin van Persie","6 29 1991"
"FALSE","Australia","4","USA","New York Red Bul","FW","Wesley Sneijder","12 6 1979"
"FALSE","Australia","5","AUS","Melbourne Victory FC","MF","Arjen Robben","8 4 1985"
"FALSE","Australia","6","AUS","Western Sydney Wanderers FC","DF","Paul Verhaegh","6 27 1988"
"FALSE","Australia","7","GER","FSV Frankfu","FW","Terence Kongolo","2 4 1991"
"FALSE","Australia","8","ENG","Preston North End F.C.","DF","Dirk Kuyt","7 28 1992"
"FALSE","Australia","9","AUS","Newcastle Jets FC","FW","Jordy Clasie","6 2 1993"
"FALSE","Australia","10","GER","Fortuna D  sseldo","MF","Jeremain Lens","6 14 1992"
"FALSE","Australia","11","NED","FC Utrecht","MF","Leroy Fer","12 10 1991"
"FALSE","Australia","12","GER","Borussia Dortmu","GK","Klaas-Jan Huntelaar","8 22 1988"
"FALSE","Australia","13","SUI","FC Luzern","MF","Georginio Wijnaldum","1 8 1989"
"FALSE","Australia","14","ITA","Atalanta B.C.","MF","Memphis Depay","7 3 1988"
"TRUE","Australia","15","ENG","Crystal Palace F.C.","MF","Michel Vorm","8 3 1984"
"FALSE","Australia","16","AUT","FK Austria Wien","MF","Tim Krul","5 15 1989"
"FALSE","Australia","17","AUS","Brisbane Roar FC","MF","Iker Casillas","1 11 1983"
"FALSE","Australia","18","AUS","Adelaide United FC","GK","Ra  l Albiol","6 12 1981"
"FALSE","Australia","19","CHN","Shandong Luneng Taishan F.C.","DF","Juanfran (footballer, born 1985)","8 15 1989"
"FALSE","Australia","20","SWI","FC Sion","MF","David Villa","4 8 1987"
"FALSE","Australia","21","ENG","Swindon Town F.C.","MF","Xavi","9 25 1992"
"FALSE","Australia","22","South Korea","Jeonbuk Hyundai Moto","DF","Fernando Torres","8 13 1984"
"FALSE","Australia","23","QAT","Al-Gharafa Sports Club","MF","David de Gea","2 11 1980"
"TRUE","Chile","1","ESP","Real Socied","GK","Juan Mata","4 13 1983"
"FALSE","Chile","2","BRA","Santos FC","DF","Xabi Alonso","7 18 1988"
"FALSE","Chile","3","SWE","Malm   ","DF","Sergio Ramos","11 3 1990"
"FALSE","Chile","4","ITA","Juventus F.C.","MF","Sergio Busquets","6 12 1988"
"FALSE","Chile","5","ESP","CA Osasuna","MF","Koke (footballer born 1992)","2 11 1986"
"FALSE","Chile","6","ITA","Atalanta B.C.","MF","Jordi Alba","2 21 1987"
"FALSE","Chile","7","ESP","FC Barcelona","FW","Diego Costa","12 19 1988"
"FALSE","Chile","8","ITA","Juventus F.C.","MF","Santi Cazorla","5 22 1987"
"FALSE","Chile","9","ITA","Cagliari Calcio","FW","David Silva","2 4 1984"
"FALSE","Chile","10","BRA","Sociedade Esportiva Palmeiras","MF","Pepe Reina","10 3 1983"
"FALSE","Chile","11","ESP","Valencia CF","FW","David Ospina","11 20 1989"
"FALSE","Chile","12","CHI","Club Deportivo Universidad Cat   lica","GK","Mario Yepes","6 22 1988"
"FALSE","Chile","13","CHI","Club Universidad de Chile","DF","Santiago Arias","6 3 1983"
"FALSE","Chile","14","ESP","Celta de Vigo","MF","Pablo Armero","1 27 1986"
"FALSE","Chile","15","ENG","Wigan Athletic F.C.","MF","Abel Aguilar","6 3 1984"
"FALSE","Chile","16","NED","FC Twente","MF","Juan Guillermo Cuadrado","10 8 1990"
"FALSE","Chile","17","WAL","Cardiff City F.C.","DF","Camilo Vargas","8 3 1987"
"FALSE","Chile","18","ENG","Nottingham Forest F.C.","DF","Carlos Bacca","8 29 1985"
"FALSE","Chile","19","CHI","Colo-Co","MF","Juan Fernando Quintero","2 22 1985"
"FALSE","Chile","20","BRA","Sport Club Internacional","MF","Orestis Karnezis","4 17 1989"
"FALSE","Chile","21","SWI","FC Basel","MF","Giannis Maniatis","12 30 1986"
"FALSE","Chile","22","CHI","Colo-Co","FW","Georgios Tzavellas","8 1 1980"
"FALSE","Chile","23","CHI","Club Universidad de Chile","GK","Kostas Manolas","5 9 1981"
"FALSE","Netherlands","1","Netherlands","AFC Ajax","GK","Vangelis Moras","4 22 1989"
"FALSE","Netherlands","2","ENG","Aston Villa F.C.","DF","Alexandros Tziolis","2 16 1985"
"FALSE","Netherlands","3","NED","Feyenoo","DF","Georgios Samaras","2 5 1992"
"FALSE","Netherlands","4","NED","Feyenoo","DF","Panagiotis Kone","2 8 1992"
"FALSE","Netherlands","5","NED","AFC Ajax","DF","Konstantinos Mitroglou","3 9 1990"
"FALSE","Netherlands","6","WAL","Swansea City A.F.C.","MF","Giorgos Karagounis","9 13 1987"
"FALSE","Netherlands","7","Netherlands","Feyenoo","DF","Loukas Vyntra","7 22 1989"
"FALSE","Netherlands","8","ITA","A.C. Milan","MF","Panagiotis Glikos","11 13 1984"
"TRUE","Netherlands","9","ENG","Manchester United F.C.","FW","Stefanos Kapino","8 6 1983"
"FALSE","Netherlands","10","TUR","Galatasaray S.K. (football)","MF","Dimitris Salpingidis","6 9 1984"
"FALSE","Netherlands","11","GER","FC Bayern Munich","MF","Vasilis Torosidis","1 23 1984"
"FALSE","Netherlands","12","GER","FC Augsburg","DF","Lazaros Christodoulopoulos","9 1 1983"
"FALSE","Netherlands","13","NED","AFC Ajax","DF","Theofanis Gekas","1 15 1992"
"FALSE","Netherlands","14","NED","Feyenoo","DF","Ioannis Fetfatzidis","2 14 1994"
"FALSE","Netherlands","15","TUR","Fenerbah   e S.K. (football)","FW","Sokratis Papastathopoulos","7 22 1980"
"FALSE","Netherlands","16","NED","Feyenoo","MF","Kostas Katsouranis","6 27 1991"
"FALSE","Netherlands","17","UKR","FC Dynamo Kyiv","FW","Andreas Samaris","11 24 1987"
"FALSE","Netherlands","18","ENG","Norwich City F.C.","MF","Panagiotis Tachtsidis","8 12 1983"
"FALSE","Netherlands","19","GER","FC Schalke 04","FW","Boubacar Barry","11 11 1990"
"FALSE","Netherlands","20","NED","PSV Eindhoven","MF","Ousmane Viera","2 13 1994"
"FALSE","Netherlands","21","NED","PSV Eindhoven","MF","Arthur Boka","10 3 1983"
"FALSE","Netherlands","22","WAL","Swansea City A.F.C.","GK","Didier Zokora","4 3 1988"
"FALSE","Netherlands","23","ENG","Newcastle United F.C.","GK","Mathis Bolly","5 20 1981"
"TRUE","Spain","1","ESP","Real Madrid C.F.","GK","Jean-Daniel Akpa-Akpro","9 4 1985"
"FALSE","Spain","2","ITA","S.S.C. Napoli","DF","Salomon Kalou","2 2 1987"
"FALSE","Spain","3","ESP","FC Barcelona","DF","Gervinho","9 2 1988"
"FALSE","Spain","4","GER","FC Bayern Munich","MF","Didier Drogba","1 9 1985"
"FALSE","Spain","5","ESP","Atl   tico Madr","DF","Wilfried Bony","5 11 1984"
"FALSE","Spain","6","ESP","FC Barcelona","MF","Didier Ya Konan","12 3 1981"
"FALSE","Spain","7","ESP","Atl   tico Madr","FW","Max Gradel","1 25 1980"
"FALSE","Spain","8","ESP","FC Barcelona","MF","Sylvain Gbohouo","3 20 1984"
"FALSE","Spain","9","ENG","Chelsea F.C.","FW","Serge Aurier","5 4 1987"
"FALSE","Spain","10","ESP","FC Barcelona","MF","Constant Djakpa","7 28 1987"
"FALSE","Spain","11","ESP","FC Barcelona","FW","Serey Die","11 7 1990"
"FALSE","Spain","12","ENG","Manchester United F.C.","GK","Giovanni Sio","4 28 1988"
"FALSE","Spain","13","ENG","Manchester United F.C.","MF","Sol Bamba","11 25 1981"
"FALSE","Spain","14","ESP","Real Madrid C.F.","MF","Keylor Navas","3 30 1986"
"FALSE","Spain","15","ESP","Real Madrid C.F.","DF","Johnny Acosta","7 16 1988"
"FALSE","Spain","16","ESP","FC Barcelona","MF","Celso Borges","1 8 1992"
"FALSE","Spain","17","ESP","Atl   tico Madr","MF","Heiner Mora","10 7 1988"
"FALSE","Spain","18","ESP","FC Barcelona","DF","Joel Campbell","12 13 1984"
"FALSE","Spain","19","ESP","Atl   tico Madr","FW","Bryan Ruiz","1 8 1986"
"FALSE","Spain","20","ENG","Arsenal F.C.","MF","Michael Barrantes","8 28 1989"
"FALSE","Spain","21","ENG","Manchester City F.C.","MF","Waylon Francis","8 31 1982"
"FALSE","Spain","22","ENG","Chelsea F.C.","DF","Esteban Granados","8 31 1988"
"FALSE","Spain","23","ITA","S.S.C. Napoli","GK","Randall Brenes","9 30 1986"
"FALSE","Colombia","1","FRA","OGC Nice","GK","Cristian Gamboa","1 13 1976"
"FALSE","Colombia","2","ITA","A.C. Milan","DF","Yeltsin Tejeda","1 13 1992"
"TRUE","Colombia","3","ITA","Atalanta B.C.","DF","Patrick Pemberton","4 18 1981"
"FALSE","Colombia","4","NED","PSV Eindhoven","DF","Roy Miller (footballer)","2 6 1986"
"FALSE","Colombia","5","MEX","Monarcas Morelia","MF","Diego Calvo","11 2 1986"
"FALSE","Colombia","6","ESP","Elche CF","MF","Daniel Cambronero","1 6 1985"
"FALSE","Colombia","7","ENG","West Ham United F.C.","DF","Keylor Navas","5 28 1985"
"FALSE","Colombia","8","FRA","Toulouse FC","MF","Johnny Acosta","7 12 1991"
"FALSE","Colombia","9","ARG","Club Atl   tico River Plate","FW","Celso Borges","5 26 1988"
"FALSE","Colombia","10","FRA","AS Monaco FC","MF","Heiner Mora","9 1 1989"
"FALSE","Colombia","11","ITA","ACF Fiorentina","MF","Joel Campbell","6 30 1986"
"FALSE","Colombia","12","COL","Corporaci   n Deportiva Santa Fe","GK","Bryan Ruiz","5 19 1990"
"FALSE","Colombia","13","ITA","Inter Milan","MF","Michael Barrantes","9 7 1988"
"FALSE","Colombia","14","ITA","Cagliari Calcio","MF","Waylon Francis","2 28 1993"
"FALSE","Colombia","15","COL","Atl   tico Nacion","MF","Esteban Granados","9 8 1986"
"FALSE","Colombia","16","ARG","Club Atl   tico River Plate","DF","Randall Brenes","12 14 1985"
"FALSE","Colombia","17","ESP","Sevilla FC","FW","Cristian Gamboa","1 22 1986"
"FALSE","Colombia","18","ITA","S.S.C. Napoli","DF","Yeltsin Tejeda","1 18 1993"
"FALSE","Colombia","19","GER","Hertha B","FW","Patrick Pemberton","10 3 1986"
"FALSE","Colombia","20","POR","F.C. Porto","MF","Roy Miller (footballer)","6 21 1971"
"FALSE","Colombia","21","POR","F.C. Porto","FW","Diego Calvo","5 22 1985"
"FALSE","Colombia","22","COL","Deportivo Ca","GK","Daniel Cambronero","7 11 1985"
"FALSE","Colombia","23","ARG","San Lorenzo de Almagro","DF","Joe Hart","10 12 1986"
"FALSE","Greece","1","ESP","Granada CF","GK","Glen Johnson (English footballer)","11 26 1987"
"FALSE","Greece","2","GRE","Olympiacos F.C.","MF","Leighton Baines","6 14 1991"
"FALSE","Greece","3","GRE","PAOK F.C.","DF","Steven Gerrard","8 26 1981"
"FALSE","Greece","4","GRE","Olympiacos F.C.","DF","Gary Cahill","2 13 1985"
"FALSE","Greece","5","ITA","Hellas Verona F.C.","DF","Phil Jagielka","2 21 1985"
"FALSE","Greece","6","TUR","Kayserisp","MF","Jack Wilshere","7 26 1987"
"FALSE","Greece","7","SCO","Celtic F.C.","FW","Frank Lampard","3 12 1988"
"FALSE","Greece","8","ITA","Bologna F.C. 1909","MF","Daniel Sturridge","3 6 1977"
"FALSE","Greece","9","ENG","Fulham F.C.","FW","Wayne Rooney","2 5 1981"
"TRUE","Greece","10","ENG","Fulham F.C.","MF","Danny Welbeck","6 3 1986"
"FALSE","Greece","11","ESP","Levante UD","DF","Chris Smalling","3 18 1994"
"FALSE","Greece","12","GRE","PAOK F.C.","GK","Ben Foster (footballer)","8 18 1981"
"FALSE","Greece","13","GRE","Panathinaikos F.C.","GK","Jordan Henderson","6 10 1985"
"FALSE","Greece","14","GRE","PAOK F.C.","FW","Alex Oxlade-Chamberlain","12 19 1986"
"FALSE","Greece","15","ITA","A.S. Roma","DF","Phil Jones (footballer, born 1992)","5 23 1980"
"FALSE","Greece","16","ITA","Bologna F.C. 1909","MF","James Milner","12 21 1990"
"FALSE","Greece","17","TUR","Konyasp","FW","Rickie Lambert","6 9 1988"
"FALSE","Greece","18","ITA","Genoa C.F.C.","MF","Raheem Sterling","6 27 1984"
"FALSE","Greece","19","GER","Borussia Dortmu","DF","Adam Lallana","6 21 1979"
"FALSE","Greece","20","GRE","Olympiacos F.C.","DF","Ross Barkley","6 13 1989"
"FALSE","Greece","21","GRE","PAOK F.C.","MF","Fraser Forster","2 15 1991"
"FALSE","Greece","22","GRE","Olympiacos F.C.","MF","Luke Shaw","12 30 1979"
"FALSE","Greece","23","ITA","Torino F.C.","MF","Gianluigi Buffon","12 21 1986"
"FALSE","Ivory Coast","1","BEL","K.S.C. Lokeren Oost-Vlaanderen","GK","Mattia De Sciglio","4 2 1983"
"FALSE","Ivory Coast","2","TUR","  aykur Rizesp","DF","Giorgio Chiellini","3 19 1981"
"FALSE","Ivory Coast","3","GER","VfB Stuttga","DF","Matteo Darmian","12 14 1980"
"FALSE","Ivory Coast","4","ENG","Liverpool F.C.","DF","Thiago Motta","11 14 1990"
"FALSE","Ivory Coast","5","TUR","Trabzonsp","DF","Antonio Candreva","10 11 1992"
"FALSE","Ivory Coast","6","GER","Fortuna D  sseldo","FW","Ignazio Abate","8 5 1985"
"FALSE","Ivory Coast","7","FRA","Toulouse FC","DF","Claudio Marchisio","6 21 1986"
"FALSE","Ivory Coast","8","FRA","Lille OSC","FW","Mario Balotelli","5 27 1987"
"FALSE","Ivory Coast","9","ENG","Newcastle United F.C.","MF","Antonio Cassano","3 11 1978"
"FALSE","Ivory Coast","10","ITA","A.S. Roma","FW","Alessio Cerci","12 10 1988"
"TRUE","Ivory Coast","11","TUR","Galatasaray S.K. (football team)","FW","Salvatore Sirigu","2 25 1984"
"FALSE","Ivory Coast","12","WAL","Swansea City A.F.C.","FW","Mattia Perin","8 28 1992"
"FALSE","Ivory Coast","13","GER","Hannover","MF","Alberto Aquilani","11 30 1987"
"FALSE","Ivory Coast","14","FRA","AS Saint-  tienne","MF","Andrea Barzagli","10 29 1988"
"FALSE","Ivory Coast","15","FRA","AS Saint-  tienne","FW","Daniele De Rossi","12 24 1992"
"FALSE","Ivory Coast","16","CIV","S   w    Sport de San-P   dro","GK","Ciro Immobile","10 17 1986"
"FALSE","Ivory Coast","17","FRA","Toulouse FC","DF","Marco Parolo","5 13 1983"
"FALSE","Ivory Coast","18","GER","Eintracht Frankfu","DF","Leonardo Bonucci","11 7 1984"
"FALSE","Ivory Coast","19","ENG","Manchester City F.C.","MF","Gabriel Paletta","3 31 1989"
"FALSE","Ivory Coast","20","SWI","FC Basel","MF","Andrea Pirlo","1 13 1985"
"FALSE","Ivory Coast","21","SWI","FC Basel","FW","Lorenzo Insigne","6 5 1993"
"FALSE","Ivory Coast","22","TUR","Trabzonsp","DF","Marco Verratti","12 15 1986"
"FALSE","Ivory Coast","23","NOR","Stab   k Fotball","GK","Fernando Muslera","7 21 1983"
"FALSE","Japan","1","ESP","Levante UD","GK","Diego Lugano","2 8 1988"
"FALSE","Japan","2","CRC","L.D. Alajuelense","DF","Walter Gargano","7 16 1982"
"FALSE","Japan","3","USA","Columbus Cr","DF"," lvaro Pereira","5 27 1988"
"FALSE","Japan","4","CRC","Deportivo Saprissa","DF","Christian Stuani","6 3 1989"
"FALSE","Japan","5","SWE","AIK Fotboll","MF","Jorge Fucile","5 17 1984"
"FALSE","Japan","6","BEL","Club Brugge K.V.","DF","Maximiliano Pereira","6 20 1984"
"FALSE","Japan","7","DEN","F.C. Copenhagen","MF","Edinson Cavani","6 26 1992"
"FALSE","Japan","8","CRC","Deportivo Saprissa","DF","Jorge Guagua","8 18 1985"
"FALSE","Japan","9","GRE","Olympiacos F.C.","FW","Frickson Erazo","10 4 1983"
"TRUE","Japan","10","NED","PSV Eindhoven","FW","Juan Carlos Paredes","9 20 1990"
"FALSE","Japan","11","NOR","Aalesunds FK","MF","Renato Ibarra","10 25 1985"
"FALSE","Japan","12","USA","Columbus Cr","DF","Christian Noboa","8 13 1983"
"FALSE","Japan","13","CRC","C.S. Herediano","MF","Jefferson Montero","9 12 1983"
"FALSE","Japan","14","CRC","C.S. Cartagin   s","FW","Joao Rojas","10 24 1989"
"FALSE","Japan","15","GER","1. FSV Mainz 05","DF","Felipe Caicedo","3 17 1992"
"FALSE","Japan","16","NOR","Rosenborg BK","DF","Enner Valencia","4 24 1982"
"FALSE","Japan","17","CRC","Deportivo Saprissa","MF","Segundo Castillo","11 24 1984"
"FALSE","Japan","18","CRC","L.D. Alajuelense","GK","Michael Arroyo","3 25 1991"
"FALSE","Japan","19","USA","New York Red Bul","DF","Antonio Valencia","3 5 1990"
"FALSE","Japan","20","NOR","V  lerenga Fotball","MF","Luis Saritama","2 14 1987"
"FALSE","Japan","21","RUS","FC Kuban Krasnodar","FW","Gabriel Achilier","1 8 1986"
"FALSE","Japan","22","CRC","C.S. Herediano","MF","Carlos Armando Gruezo Arboleda","12 15 1986"
"FALSE","Japan","23","CRC","C.S. Herediano","GK","Hugo Lloris","7 21 1983"
"FALSE","Costa Rica","1","ESP","Levante UD","GK","Mathieu Debuchy","2 8 1988"
"FALSE","Costa Rica","2","CRC","L.D. Alajuelense","DF","Patrice Evra","7 16 1982"
"FALSE","Costa Rica","3","USA","Columbus Cr","DF","Mamadou Sakho","5 27 1988"
"FALSE","Costa Rica","4","CRC","Deportivo Saprissa","DF","Yohan Cabaye","6 3 1989"
"FALSE","Costa Rica","5","SWE","AIK Fotboll","MF","Mathieu Valbuena","5 17 1984"
"FALSE","Costa Rica","6","BEL","Club Brugge K.V.","DF","Olivier Giroud","6 20 1984"
"FALSE","Costa Rica","7","DEN","F.C. Copenhagen","MF","Karim Benzema","6 26 1992"
"FALSE","Costa Rica","8","CRC","Deportivo Saprissa","DF","Antoine Griezmann","8 18 1985"
"FALSE","Costa Rica","9","GRE","Olympiacos F.C.","FW","Rio Mavuba","10 4 1983"
"TRUE","Costa Rica","10","NED","PSV Eindhoven","FW","Eliaquim Mangala","9 20 1990"
"FALSE","Costa Rica","11","NOR","Aalesunds FK","MF","Blaise Matuidi","10 25 1985"
"FALSE","Costa Rica","12","USA","Columbus Cr","DF","Bacary Sagna","8 13 1983"
"FALSE","Costa Rica","13","CRC","C.S. Herediano","MF","Lucas Digne","9 12 1983"
"FALSE","Costa Rica","14","CRC","C.S. Cartagin   s","FW","Moussa Sissoko","10 24 1989"
"FALSE","Costa Rica","15","GER","1. FSV Mainz 05","DF","Paul Pogba","3 17 1992"
"FALSE","Costa Rica","16","NOR","Rosenborg BK","DF","Laurent Koscielny","4 24 1982"
"FALSE","Costa Rica","17","CRC","Deportivo Saprissa","MF","Maynor Figueroa","11 24 1984"
"FALSE","Costa Rica","18","CRC","L.D. Alajuelense","GK","Juan Pablo Montes","3 25 1991"
"FALSE","Costa Rica","19","USA","New York Red Bul","DF","Emilio Izaguirre","3 5 1990"
"FALSE","Costa Rica","20","NOR","V  lerenga Fotball","MF","Wilson Palacios","2 14 1987"
"FALSE","Costa Rica","21","RUS","FC Kuban Krasnodar","FW","Jerry Palacios","1 8 1986"
"FALSE","Costa Rica","22","CRC","C.S. Herediano","MF","Jerry Bengtson","5 19 1987"
"FALSE","Costa Rica","23","CRC","C.S. Herediano","GK","Edder Delgado ref Arnold Peralta was originally named in the squad but sustained an injury before the tournament. He was replaced by Delgado.  ref ","8 23 1984"
"FALSE","England","1","ENG","Manchester City F.C.","GK","Carlo Costly","12 11 1984"
"FALSE","England","2","ENG","Liverpool F.C.","DF","Roger Espinoza","5 30 1980"
"FALSE","England","3","ENG","Everton F.C.","DF","Noel Valladares","12 19 1985"
"TRUE","England","4","ENG","Liverpool F.C.","MF","Luis Garrido","8 17 1982"
"FALSE","England","5","ENG","Chelsea F.C.","DF","Jorge Claros","1 1 1992"
"FALSE","England","6","ENG","Everton F.C.","DF","Andy Najar","6 20 1978"
"FALSE","England","7","ENG","Arsenal F.C.","MF","Donis Escober","9 1 1989"
"FALSE","England","8","ENG","Chelsea F.C.","MF","Brayan Beckeles","10 24 1985"
"FALSE","England","9","ENG","Liverpool F.C.","FW","Diego Benaglio","11 26 1990"
"FALSE","England","10","ENG","Manchester United F.C.","FW","Stephan Lichtsteiner","11 22 1989"
"FALSE","England","11","ENG","Manchester United F.C.","FW","Reto Ziegler","5 3 1983"
"FALSE","England","12","ENG","Manchester United F.C.","DF","Philippe Senderos","6 17 1990"
"FALSE","England","13","ENG","West Bromwich Albion F.C.","GK","Steve von Bergen","8 15 1993"
"FALSE","England","14","ENG","Liverpool F.C.","MF","Michael Lang (footballer)","2 21 1992"
"FALSE","England","15","ENG","Arsenal F.C.","MF","Tranquillo Barnetta","1 4 1986"
"FALSE","England","16","ENG","Manchester United F.C.","DF","Granit Xhaka","2 16 1982"
"FALSE","England","17","ENG","Manchester City F.C.","MF","Valon Behrami","12 8 1994"
"FALSE","England","18","ENG","Southampton F.C.","FW","Yann Sommer","5 10 1988"
"FALSE","England","19","ENG","Liverpool F.C.","MF","Valentin Stocker","12 5 1993"
"FALSE","England","20","ENG","Southampton F.C.","MF","Gelson Fernandes","3 17 1988"
"FALSE","England","21","ENG","Everton F.C.","MF","Admir Mehmedi","7 12 1995"
"FALSE","England","22","SCO","Celtic F.C.","GK","Johan Djourou","1 28 1978"
"FALSE","England","23","ENG","Southampton F.C.","DF","Xherdan Shaqiri","10 20 1992"
"TRUE","Italy","1","ITA","Juventus F.C.","GK","Sergio Romero","8 14 1984"
"FALSE","Italy","2","ITA","A.C. Milan","DF","Ezequiel Garay","12 2 1989"
"FALSE","Italy","3","ITA","Juventus F.C.","DF","Hugo Campagnaro","8 28 1982"
"FALSE","Italy","4","ITA","Torino F.C.","DF","Pablo Zabaleta","2 28 1987"
"FALSE","Italy","5","FRA","Paris Saint-Germain F.C.","MF","Fernando Gago","11 12 1986"
"FALSE","Italy","6","ITA","S.S. Lazio","MF","Lucas Biglia","1 19 1986"
"FALSE","Italy","7","ITA","A.C. Milan","DF","Lionel Messi","8 12 1990"
"FALSE","Italy","8","ITA","Juventus F.C.","MF","Javier Mascherano","7 12 1982"
"FALSE","Italy","9","ITA","A.C. Milan","FW","Marcos Rojo","7 23 1987"
"FALSE","Italy","10","ITA","Parma F.C.","FW","Rodrigo Palacio","1 12 1987"
"FALSE","Italy","11","ITA","Torino F.C.","FW","Ricardo Gabriel  lvarez","11 10 1992"
"FALSE","Italy","12","FRA","Paris Saint-Germain F.C.","GK","Mariano And  jar","7 7 1984"
"FALSE","Italy","13","ITA","Genoa C.F.C.","GK","Ezequiel Lavezzi","5 8 1981"
"FALSE","Italy","14","ITA","ACF Fiorentina","MF","Haris Medunjanin","7 24 1983"
"FALSE","Italy","15","ITA","Juventus F.C.","DF","Rahman Ahmadi","2 20 1990"
"FALSE","Italy","16","ITA","A.S. Roma","MF","Khosro Heydari","1 25 1985"
"FALSE","Italy","17","ITA","Torino F.C.","FW","Ehsan Hajsafi","5 1 1987"
"FALSE","Italy","18","ITA","Parma F.C.","MF","Jalal Hosseini","2 15 1986"
"FALSE","Italy","19","ITA","Juventus F.C.","DF","Amir Hossein Sadeghi","5 19 1979"
"FALSE","Italy","20","ITA","Parma F.C.","DF","Javad Nekounam","6 4 1991"
"FALSE","Italy","21","ITA","Juventus F.C.","MF","Masoud Shojaei","11 5 1992"
"FALSE","Italy","22","ITA","S.S.C. Napoli","FW","Reza Haghighi","6 16 1986"
"FALSE","Italy","23","FRA","Paris Saint-Germain F.C.","MF","Alireza Jahanbakhsh","11 2 1980"
"FALSE","Uruguay","1","TUR","Galatasaray S.K. (football)","GK","Karim Ansarifard","2 16 1986"
"TRUE","Uruguay","2","ENG","West Bromwich Albion F.C.","DF","Ghasem Haddadifar","10 7 1990"
"FALSE","Uruguay","3","ESP","Atl   tico Madr","DF","Alireza Haghighi","7 23 1984"
"FALSE","Uruguay","4","URU","Club Nacional de Football","DF","Hossein Mahini","11 28 1985"
"FALSE","Uruguay","5","ITA","Parma F.C.","MF","Andranik Teymourian","9 30 1985"
"FALSE","Uruguay","6","BRA","S  o Paulo FC","MF","Pejman Montazeri","8 8 1990"
"FALSE","Uruguay","7","ESP","Atl   tico Madr","MF","Reza Ghoochannejhad","1 24 1987"
"FALSE","Uruguay","8","ITA","U.S. Citt   di Palermo","FW","Ahmad Alenemeh","5 19 1979"
"FALSE","Uruguay","9","ENG","Liverpool F.C.","FW","Bakhtiar Rahmani","10 12 1986"
"FALSE","Uruguay","10","JPN","Cerezo Osa","FW","Hashem Beikzadeh","1 22 1982"
"FALSE","Uruguay","11","ESP","RCD Espanyol","FW","Steven Beitashour","11 19 1984"
"FALSE","Uruguay","12","PAR","Club Libertad","GK","Ashkan Dejagah","3 21 1989"
"FALSE","Uruguay","13","POR","F.C. Porto","DF","Daniel Davari","5 18 1980"
"FALSE","Uruguay","14","BRA","Botafogo de Futebol e Regatas","MF","Mehrdad Pouladi","6 8 1984"
"FALSE","Uruguay","15","ITA","Bologna F.C. 1909","MF","Vincent Enyeama","1 1 1982"
"FALSE","Uruguay","16","POR","S.L. Benfica","DF","Joseph Yobo","12 2 1990"
"FALSE","Uruguay","17","MEX","Monarcas Morelia","MF","Reuben Gabriel","1 20 1995"
"FALSE","Uruguay","18","ENG","Southampton F.C.","MF","Efe Ambrose","10 29 1984"
"FALSE","Uruguay","19","ESP","Atl   tico Madr","DF","Azubuike Egwuekwe","2 14 1987"
"FALSE","Uruguay","20","ITA","S.S. Lazio","MF","Ahmed Musa (footballer)","4 7 1987"
"FALSE","Uruguay","21","FRA","Paris Saint-Germain F.C.","FW","Peter Odemwingie","3 25 1983"
"FALSE","Uruguay","22","ITA","Juventus F.C.","DF","Emmanuel Emenike","12 16 1985"
"FALSE","Uruguay","23","BRA","CR Vasco da Gama","GK","John Obi Mikel","9 28 1981"
"FALSE","Ecuador","1","ECU","Barcelona Sporting Club","GK","Victor Moses","5 5 1988"
"FALSE","Ecuador","2","ECU","Club Sport Emelec","DF","Kunle Odunlami","7 8 1987"
"FALSE","Ecuador","3","BRA","Clube de Regatas do Flamengo","DF","Juwon Oshaniwa","1 20 1991"
"FALSE","Ecuador","4","ECU","Barcelona Sporting Club","DF","Godfrey Oboabona","4 9 1985"
"FALSE","Ecuador","5","NED","Vites","MF","Ramon Azeez","9 1 1989"
"FALSE","Ecuador","6","RUS","FC Dynamo Moscow","MF","Austin Ejide","3 15 1979"
"FALSE","Ecuador","7","MEX","Monarcas Morelia","MF","Ogenyi Onazi","6 14 1989"
"FALSE","Ecuador","8","COL","Independiente Santa Fe","MF","Michael Babatunde","8 11 1979"
"FALSE","Ecuador","9","MEX","Cruz Az","MF","Uche Nwofor","9 5 1988"
"FALSE","Ecuador","10","MEX","C.F. Pachuca","DF","Michael Uchebo","9 8 1988"
"FALSE","Ecuador","11","UAE","Al Jazira Club","FW","Chigozie Agbim","4 11 1989"
"FALSE","Ecuador","12","ECU","Club Deportivo El Nacional","GK","Kenneth Omeruo","5 15 1982"
"FALSE","Ecuador","13","MEX","C.F. Pachuca","FW","Shola Ameobi","4 23 1987"
"FALSE","Ecuador","14","KSA","Al-Hilal FC","MF","Manuel Neuer","8 4 1985"
"FALSE","Ecuador","15","MEX","C.F. Atlante","MF","Kevin Gro  kreutz","2 21 1988"
"TRUE","Ecuador","16","ENG","Manchester United F.C.","MF","Matthias Ginter","12 10 1982"
"FALSE","Ecuador","17","MEX","Club Tijuana","FW","Mats Hummels","10 20 1983"
"FALSE","Ecuador","18","ECU","Club Sport Emelec","DF","Sami Khedira","2 15 1990"
"FALSE","Ecuador","19","ECU","Barcelona Sporting Club","MF","Bastian Schweinsteiger","3 24 1985"
"FALSE","Ecuador","20","MEX","Club Tijuana","MF","Lukas Podolski","6 5 1987"
"FALSE","Ecuador","21","ECU","Club Sport Emelec","DF","Miroslav Klose","4 19 1995"
"FALSE","Ecuador","22","ECU","LDU Qui","GK","Ron-Robert Zieler","12 26 1986"
"FALSE","Ecuador","23","GER","VfB Stuttga","MF","Julian Draxler","7 28 1985"
"TRUE","France","1","ENG","Tottenham Hotspur F.C.","GK","Erik Durm","5 15 1981"
"FALSE","France","2","ENG","Newcastle United F.C.","DF","Philipp Lahm","4 25 1993"
"FALSE","France","3","ENG","Manchester United F.C.","DF","Per Mertesacker","2 13 1990"
"FALSE","France","4","ESP","Real Madrid C.F.","DF","Toni Kroos","1 14 1986"
"FALSE","France","5","ENG","Liverpool F.C.","DF","Marco Reus","3 8 1990"
"FALSE","France","6","FRA","Paris Saint-Germain F.C.","MF","Roman Weidenfeller","9 28 1984"
"FALSE","France","7","FRA","Montpellier HSC","FW","Christoph Kramer","9 30 1986"
"FALSE","France","8","FRA","Olympique de Marseille","MF","Steven Adams (footballer)","12 19 1987"
"FALSE","France","9","ENG","Arsenal F.C.","FW","Samuel Inkoom","3 21 1991"
"FALSE","France","10","ESP","Real Madrid C.F.","FW","Asamoah Gyan","3 8 1984"
"FALSE","France","11","ESP","Real Socied","MF","Daniel Opare","2 13 1991"
"FALSE","France","12","FRA","Lille OSC","MF","Michael Essien","4 9 1987"
"FALSE","France","13","POR","F.C. Porto","DF","Afriyie Acquah","2 14 1983"
"FALSE","France","14","FRA","Paris Saint-Germain F.C.","MF","Christian Atsu","7 20 1993"
"FALSE","France","15","ENG","Arsenal F.C.","DF","Emmanuel Agyemang-Badu","8 16 1989"
"FALSE","France","16","FRA","AS Saint-  tienne","GK","Kevin-Prince Boateng","3 15 1993"
"FALSE","France","17","FRA","Paris Saint-Germain F.C.","DF","Sulley Muntari","1 2 1987"
"FALSE","France","18","ENG","Newcastle United F.C.","MF","Adam Larsen Kwarasey","9 10 1985"
"FALSE","France","19","ITA","Juventus F.C.","MF","Jordan Ayew","11 8 1989"
"FALSE","France","20","ENG","Newcastle United F.C.","FW","Albert Adomah","5 14 1979"
"FALSE","France","21","ENG","Arsenal F.C.","DF","Rashid Sumaila","9 13 1993"
"FALSE","France","22","ENG","Southampton F.C.","MF","Fatau Dauda","7 29 1984"
"FALSE","France","23","FRA","SC Bastia","GK","Mohammed Rabiu","5 2 1983"
"FALSE","Honduras","1","HON","Real C.D. Espa  a","GK","Abdul Majeed Waris","10 26 1985"
"FALSE","Honduras","2","CHN","Qingdao Jonoon F.C.","DF","Jonathan Mensah","5 24 1982"
"FALSE","Honduras","3","ENG","Hull City A.F.C.","DF","Kwadwo Asamoah","3 8 1988"
"FALSE","Honduras","4","HON","C.D. Motagua","DF","John Boye","5 10 1986"
"FALSE","Honduras","5","USA","San Jose Earthquak","DF","Wakaso Mubarak","7 29 1984"
"FALSE","Honduras","6","ENG","Wigan Athletic F.C.","DF","Harrison Afful","11 1 1981"
"FALSE","Honduras","7","SCO","Celtic F.C.","DF","Eduardo Carvalho","7 30 1989"
"FALSE","Honduras","8","ENG","Stoke City F.C.","MF","Bruno Alves","4 8 1987"
"FALSE","Honduras","9","CRC","L.D. Alajuelense","FW","Pepe (footballer born 1983)","11 20 1986"
"FALSE","Honduras","10","HON","Real C.D. Espa  a","MF","Miguel Veloso","7 18 1982"
"FALSE","Honduras","11","USA","New England Revoluti","FW","William Carvalho","9 4 1984"
"FALSE","Honduras","12","HON","Real C.D. Espa  a","MF","Cristiano Ronaldo","10 25 1986"
"FALSE","Honduras","13","HON","Real C.D. Espa  a","FW","Hugo Almeida","10 16 1988"
"FALSE","Honduras","14","USA","Houston Dyna","MF","Vieirinha","11 3 1983"
"FALSE","Honduras","15","ENG","Wigan Athletic F.C.","MF","Ricardo Costa (Portuguese footballer)","5 3 1977"
"FALSE","Honduras","16","HON","C.D. Real Sociedad","FW","Rafael Ferreira Silva","11 5 1990"
"FALSE","Honduras","17","USA","Chivas U","MF","Raul Meireles","1 8 1986"
"TRUE","Honduras","18","HON","Club Deportivo Olimpia","GK","Nani","3 16 1993"
"FALSE","Honduras","19","HON","Club Deportivo Olimpia","MF","Silvestre Varela","2 3 1980"
"FALSE","Honduras","20","HON","C.D. Motagua","MF","R  ben Amorim","11 28 1985"
"FALSE","Honduras","21","BEL","R.S.C. Anderlecht","MF","Beto (Portuguese footballer born 1982)","9 8 1983"
"FALSE","Honduras","22","HON","Club Deportivo Olimpia","GK","Tim Howard","1 16 1984"
"FALSE","Honduras","23","HON","Club Deportivo Olimpia","DF","DeAndre Yedlin","1 16 1986"
"FALSE","Switzerland","1","GER","VfL Wolfsbu","GK","Omar Gonzalez","2 14 1985"
"FALSE","Switzerland","2","ITA","Juventus F.C.","DF","Michael Bradley","6 10 1983"
"FALSE","Switzerland","3","ITA","U.S. Sassuolo Calcio","DF","Matt Besler","2 8 1991"
"FALSE","Switzerland","4","ESP","Valencia CF","DF","John Anthony Brooks","5 22 1985"
"FALSE","Switzerland","5","SUI","BSC Young Boys","DF","DaMarcus Beasley","6 27 1984"
"FALSE","Switzerland","6","SUI","Grasshopper Club Z  rich","DF","Clint Dempsey","2 22 1992"
"FALSE","Switzerland","7","GER","Eintracht Frankfu","MF","Mikkel Diskerud","9 27 1992"
"TRUE","Switzerland","8","ITA","S.S.C. Napoli","MF","Alejandro Bedoya","4 19 1985"
"FALSE","Switzerland","9","ESP","Real Socied","FW","Brad Guzan","12 17 1988"
"FALSE","Switzerland","10","GER","Borussia M   nchengladba","MF","Jermaine Jones","8 25 1992"
"FALSE","Switzerland","11","ITA","S.S.C. Napoli","MF","Brad Davis","4 12 1989"
"FALSE","Switzerland","12","SUI","FC Basel","GK","Kyle Beckerman","4 12 1986"
"FALSE","Switzerland","13","GER","VfL Wolfsbu","DF","Julian Green","9 2 1986"
"FALSE","Switzerland","14","SUI","FC Basel","MF","Jozy Altidore","11 24 1989"
"FALSE","Switzerland","15","ITA","S.S.C. Napoli","MF","Chris Wondolowski","3 16 1991"
"FALSE","Switzerland","16","GER","SC Freibu","MF","Graham Zusi","8 8 1992"
"FALSE","Switzerland","17","SUI","FC Z  rich","FW","Geoff Cameron","1 18 1987"
"FALSE","Switzerland","18","GER","SC Freibu","FW","Timothy Chandler","11 14 1990"
"FALSE","Switzerland","19","GER","1. FC N  rnbe","FW","Nick Rimando","12 20 1991"
"FALSE","Switzerland","20","GER","Hamburger","DF","Fabian Johnson","10 10 1991"
"FALSE","Switzerland","21","SUI","Grasshopper Club Z  rich","GK","Madjid Bougherra","2 22 1987"
"FALSE","Switzerland","22","SUI","FC Basel","DF","Faouzi Ghoulam","10 10 1986"
"FALSE","Switzerland","23","GER","FC Bayern Munich","MF","Rafik Halliche","6 27 1980"
"FALSE","Argentina","1","FRA","AS Monaco FC","GK","Djamel Mesbah","1 16 1985"
"FALSE","Argentina","2","POR","S.L. Benfica","DF","Carl Medjani","4 10 1986"
"FALSE","Argentina","3","ITA","Inter Milan","DF","Hassan Yebda","1 30 1986"
"FALSE","Argentina","4","ENG","Manchester City F.C.","DF","Nabil Ghilas","2 14 1988"
"FALSE","Argentina","5","ARG","Boca Junio","MF","Sofiane Feghouli","2 22 1986"
"FALSE","Argentina","6","ITA","S.S. Lazio","MF","Yacine Brahimi","12 10 1987"
"FALSE","Argentina","7","ESP","Real Madrid C.F.","MF","Medhi Lacen","6 24 1987"
"FALSE","Argentina","8","POR","S.L. Benfica","MF","Islam Slimani","1 2 1981"
"FALSE","Argentina","9","ITA","S.S.C. Napoli","FW","Nabil Bentaleb","7 26 1981"
"TRUE","Argentina","10","ESP","FC Barcelona","FW","El Arbi Hillel Soudani","4 10 1986"
"FALSE","Argentina","11","ARG","Newell's Old Bo","MF","Mohamed Lamine Zemmamouche","6 8 1984"
"FALSE","Argentina","12","ARG","Boca Junio","GK","Abdelmoumene Djabou","12 20 1980"
"FALSE","Argentina","13","ESP","Celta de Vigo","MF","Riyad Mahrez","3 20 1990"
"FALSE","Argentina","14","ESP","FC Barcelona","MF","Mehdi Mostefa","2 21 1989"
"FALSE","Argentina","15","ENG","Manchester City F.C.","DF","Thibaut Courtois","2 5 1982"
"FALSE","Argentina","16","POR","Sporting Clube de Portugal","DF","Toby Alderweireld","4 12 1988"
"FALSE","Argentina","17","ITA","S.S.C. Napoli","DF","Thomas Vermaelen","6 2 1988"
"FALSE","Argentina","18","ITA","Inter Milan","FW","Vincent Kompany","7 30 1983"
"FALSE","Argentina","19","ITA","Inter Milan","MF","Jan Vertonghen","5 3 1985"
"FALSE","Argentina","20","ENG","Manchester City F.C.","FW","Axel Witsel","4 3 1984"
"FALSE","Argentina","21","ITA","Calcio Catania","GK","Kevin De Bruyne","6 20 1987"
"FALSE","Argentina","22","FRA","Paris Saint-Germain F.C.","FW","Marouane Fellaini","3 6 1986"
"FALSE","Argentina","23","MEX","C.F. Monterrey","DF","Romelu Lukaku","1 24 1990"
"FALSE","Bosnia and Herzegovina","1","ENG","Stoke City F.C.","GK","Eden Hazard","8 18 1980"
"FALSE","Bosnia and Herzegovina","2","CRO","HNK Hajduk Split","DF","Kevin Mirallas","6 20 1993"
"FALSE","Bosnia and Herzegovina","3","GER","Eintracht Braunschwe","DF","Simon Mignolet","10 24 1989"
"TRUE","Bosnia and Herzegovina","4","GER","Bayer 04 Leverkusen","DF","Sammy Bossut","9 10 1992"
"FALSE","Bosnia and Herzegovina","5","GER","FC Schalke 04","DF","Dries Mertens","4 2 1990"
"FALSE","Bosnia and Herzegovina","6","TUR","Elaz      sp","DF","Daniel Van Buyten","8 6 1984"
"FALSE","Bosnia and Herzegovina","7","HUN","Ferencv  rosi TC","DF","Steven Defour","6 5 1982"
"FALSE","Bosnia and Herzegovina","8","ITA","A.S. Roma","MF","Divock Origi","3 17 1986"
"FALSE","Bosnia and Herzegovina","9","GER","VfB Stuttga","FW","Nicolas Lombaerts","5 15 1986"
"FALSE","Bosnia and Herzegovina","10","CHN","Guizhou Renhe F.C.","MF","Adnan Januzaj","3 28 1984"
"FALSE","Bosnia and Herzegovina","11","ENG","Manchester City F.C.","FW","Anthony Vanden Borre","8 4 1991"
"FALSE","Bosnia and Herzegovina","12","GER","VfR Aal","GK","Nacer Chadli","12 15 1988"
"FALSE","Bosnia and Herzegovina","13","GER","SC Freibu","DF","Laurent Ciman","1 18 1986"
"FALSE","Bosnia and Herzegovina","14","TUR","Galatasaray S.K.","MF","Igor Akinfeev","9 26 1985"
"FALSE","Bosnia and Herzegovina","15","UKR","FC Zorya Luhansk","DF","Aleksei Anatolyevich Kozlov","3 8 1985"
"FALSE","Bosnia and Herzegovina","16","ITA","S.S. Lazio","MF","Georgi Shchennikov","2 17 1990"
"FALSE","Bosnia and Herzegovina","17","TUR","Kayseri Erciyessp","MF","Sergei Ignashevich","8 16 1989"
